transaction_id,account_id,amount,amount_to_avg_ratio,is_foreign_location,is_new_device,hour_of_day,merchant_category,is_fraud_actual,fraud_type
d14f3fbf-6144-4da0-9386-1f775dfe440d,ACC7F584589,46.76,0.628,0,0,5,fuel,0,genuine
abde22a0-7b6c-4c74-8129-7e4716b24429,ACC4BCFE47D,46.0,1.063,0,0,1,fuel,0,genuine
15ca3d0e-9fa1-4415-a01b-cc17de13091a,ACC0A64ABBD,206.4,10.054,0,0,1,online_retail,1,huge_amount
4f3beb08-ac0d-42ad-8650-a254691d2689,ACCB7261A19,181.19,1.009,0,0,2,entertainment,0,genuine
2a948828-6700-47e6-9e8f-de476808f8a5,ACC7F584589,51.38,0.69,0,0,9,entertainment,0,genuine
3fb60805-3052-4258-b7d9-b0fc6a8b84fa,ACC2C848FF5,200.59,1.732,0,0,20,entertainment,0,genuine
0380f259-133c-4cc0-a906-9f2306515216,ACC47DBDD62,63.3,0.619,0,0,5,grocery,0,genuine
cf4137d7-199b-497a-b19c-eca8d466cb8c,ACC9D67E0D7,151.47,1.072,0,0,3,utilities,0,genuine
6c4c4617-a879-43e7-8480-9b03002c0868,ACC0AADD547,129.03,0.801,0,0,19,utilities,0,genuine
e1a22f3c-71ed-4db3-bc46-ffcc31915c52,ACCE3367E61,118.94,0.727,1,0,0,travel,0,genuine
4467eb79-9c1d-4cfe-b040-b766864e43da,ACC37920886,193.01,1.727,0,0,1,utilities,0,genuine
6465b580-d5ec-4d13-8d07-87a0c039dd03,ACC707FD242,85.9,0.892,0,0,21,online_retail,0,genuine
41e08c67-2e04-45a8-baae-03abd14bc8ec,ACCB8201BFE,108.61,1.038,0,0,10,utilities,0,genuine
c3dd71e4-cf2d-4cfb-903c-2b8de19aaa1d,ACC120D4C78,191.2,1.773,0,1,1,entertainment,1,new_device
2532f342-0ea1-4823-81dc-fe3859d1a8e6,ACC819391A9,34.91,0.9,0,1,20,grocery,0,genuine
21397b66-4248-4162-9966-21805a50f28f,ACC1F9C12DE,117.49,0.865,0,0,23,online_retail,0,genuine
10f5ef7c-d2fc-41fa-a788-eabf24e37eb8,ACCAA36AA07,47.55,0.94,0,1,4,utilities,1,new_device
ff90a036-b2d9-4c4e-bec0-0d20eea079db,ACC8A097CC1,116.54,1.141,0,0,18,fuel,0,genuine
f9e7555d-7814-4c04-9d22-fe939934f4a3,ACCC742C7D6,129.72,1.824,0,1,3,electronics,0,genuine
bca18a03-c58e-4fb6-8113-1a7d33c331dc,ACC69F86FC2,212.27,1.144,0,0,12,utilities,0,genuine
cac2f66f-99d1-4834-89ce-d2aef4b88e91,ACCA9BDD42B,162.53,1.051,0,0,14,utilities,0,genuine
22ac1788-ee59-40f8-a75a-f2c98b22c6fe,ACC2467C52B,88.15,1.854,0,0,8,entertainment,0,genuine
d95419d7-ee0e-43fa-99cc-32971b4c1a33,ACCAD413A31,172.03,1.006,0,0,23,grocery,0,genuine
4d741f23-3b45-414b-b4f2-7045c469d009,ACC22163AB8,35.87,0.417,0,0,4,fuel,0,genuine
36b01603-3bde-49c0-b2ab-98fc91701e27,ACC0E90F901,133.07,0.76,0,1,17,restaurant,0,genuine
d0fcc02e-f0ab-4ed1-9dd5-dd90acaf6215,ACCAA010F0A,39.92,1.226,0,0,14,utilities,0,genuine
f303ff87-61b4-4ac1-9c01-e440676f5020,ACCC2C6420D,118.69,0.82,0,0,12,restaurant,0,genuine
aae03220-c3c4-4888-a2ed-735edb518cf9,ACC63E38219,72.32,0.64,0,0,15,electronics,0,genuine
e9b6a996-d216-406c-9425-33355773c345,ACCB3D946C7,128.85,0.712,0,0,17,restaurant,0,genuine
fe23029f-7fd0-4819-9b5e-2622dd723897,ACCB6304D6D,754.46,4.736,0,0,17,travel,1,huge_amount
c8b7f56f-605c-4253-a48b-03c463324e1e,ACC0DB3A99A,75.28,0.822,0,0,4,entertainment,0,genuine
0baaf522-f1c6-4f1f-849c-13343a85b531,ACC936198A9,38.84,0.504,0,0,8,online_retail,0,genuine
98586cd0-c953-4594-8426-25587e79f331,ACC33790CF6,133.07,0.843,0,0,20,fuel,0,genuine
853f8c96-64c0-432e-be59-2fa5633904d5,ACC49371FEA,183.02,1.635,0,0,16,fuel,0,genuine
c0a2d640-33d6-4345-b3cd-1f10d486ca7e,ACCD77D289A,19.43,0.577,0,0,11,restaurant,0,genuine
f5c83686-2770-49f7-8e4c-82458a583f22,ACC2BCDCDD4,10.47,0.215,0,0,12,online_retail,0,genuine
d5854b12-cad9-4f9c-81c8-868c8ec58863,ACCAF841035,230.37,1.301,0,0,17,travel,0,genuine
206d2994-a30d-47ee-a77b-35ff96a72463,ACC2227A7D6,140.26,1.031,0,0,10,electronics,0,genuine
6ccd3038-d8fd-48ea-b365-404ff1eaaa7c,ACC049C6980,193.31,1.188,0,0,18,entertainment,0,genuine
c947f310-620a-4cd4-ae2c-c4129e7523b8,ACC57F1AD9A,189.95,1.037,0,0,11,entertainment,0,genuine
a7aa8eda-a7ed-47d0-81b6-1101fc01b3ed,ACCA8070C69,102.83,0.66,0,0,2,online_retail,0,genuine
aeb0ce05-4ac1-4961-b30a-3397aa8adf0a,ACCD77D289A,19.57,0.581,0,0,5,restaurant,1,stealthy
0b46728b-bd71-4070-9138-00a121ab6ef7,ACC434FD0BB,77.32,1.134,0,1,15,entertainment,0,genuine
2064c2fb-cf4d-4231-a54c-6cc6705a3fca,ACCC742C7D6,72.54,1.02,1,0,21,online_retail,1,foreign_location
137670f9-a2ea-4325-ae73-8e6656895f98,ACC2F2FD99E,122.23,1.821,0,0,20,fuel,0,genuine
6dccd3ac-78f8-4b91-9776-a86e89dd5d3f,ACC47C1AE01,90.23,0.828,0,0,3,fuel,0,genuine
91c8ae5c-7498-40b0-adf2-f1eb607e1483,ACCB17AC2ED,22.15,0.697,0,0,10,online_retail,0,genuine
8c272457-17a3-4a85-bd68-af688084dde6,ACC476E30AF,22.97,0.485,0,0,0,entertainment,0,genuine
df965bd9-d884-4f96-82b5-4ae41968e500,ACC0AAC82C2,85.13,0.883,1,0,12,utilities,0,genuine
b1de47e1-08b0-4f17-ba2b-ea9fa095aafa,ACC48A4DD1A,31.23,1.021,0,0,17,restaurant,0,genuine
eca9e3a3-acd9-47e9-be50-e2d4bf098c9f,ACCB5426310,73.41,1.009,0,0,17,online_retail,0,genuine
6b9df898-6549-4f02-93b9-cf162cee8539,ACCB17AC2ED,31.07,0.978,0,0,14,utilities,0,genuine
da1fb6f0-92f1-4d99-9ce3-ce27496dc0e7,ACCC6121509,25.67,1.186,0,0,12,electronics,0,genuine
d2495d3d-0b48-4035-a8b2-d8f52c950887,ACCEB67227A,76.09,0.416,0,0,6,electronics,0,genuine
d583e91d-beb5-48c0-9905-d729e2179336,ACCFEB58DF9,23.85,0.182,0,0,3,travel,0,genuine
0e097cc2-e01b-4229-aa75-6ca086537dc8,ACC18680C85,73.27,0.619,0,0,6,electronics,0,genuine
301abf77-5a49-4c6d-9cfa-fc9822bb1030,ACCC7DF1C25,106.23,1.215,0,0,2,restaurant,0,genuine
56b9fcb4-e1c7-472a-b175-d691fff16b2d,ACCB17AC2ED,24.24,0.763,0,0,21,travel,0,genuine
68d8a03e-329e-4594-a1d6-713bd28fd55f,ACC790525E5,65.06,0.482,0,0,11,utilities,0,genuine
26514c77-dc15-4e10-a40a-d8457f80b0e2,ACC94AFF365,19.56,1.253,0,0,5,restaurant,0,genuine
036e585e-46fe-4d72-bfaa-6f36bb89d5d4,ACCC2B19390,223.58,1.407,0,0,7,fuel,0,genuine
fb6e3f64-1391-4ffc-8c7a-ee9fe4d19593,ACCC2C6420D,103.77,0.717,0,0,18,entertainment,0,genuine
cb89ad1c-c13b-4a32-a460-0a4832e08758,ACCD581D6E4,59.9,0.843,0,0,0,entertainment,0,genuine
2d942b93-bd53-4d0f-b21c-effba217bda4,ACC8B3F5DD0,44.03,0.508,0,0,7,electronics,0,genuine
6e68f4e7-0796-4d7f-be7e-cc59674546a0,ACCE6F8D6D0,144.18,0.724,0,0,2,grocery,0,genuine
a822e9db-8203-41ff-8c47-ef064aff1ad6,ACCEB67227A,270.73,1.48,0,0,21,grocery,0,genuine
efe801a9-7f10-48b4-be70-a6949feffef4,ACCA9BDD42B,507.98,3.284,0,0,9,travel,0,genuine
1274be55-74d3-41a6-87ad-71497351834a,ACC57F1AD9A,140.37,0.767,0,0,9,electronics,0,genuine
4569676d-fb27-4e52-99ae-420224c6cda6,ACCD70B7103,59.0,0.945,1,0,12,electronics,0,genuine
8f003150-3234-4891-be76-2d1c69c1d35e,ACC434FD0BB,62.44,0.916,0,0,22,grocery,0,genuine
96998680-94b6-4878-8400-05373a4bbc3b,ACCE7526B0F,89.71,0.599,0,0,7,electronics,0,genuine
708c8fd7-4769-4463-8574-aaaead28438b,ACC2227A7D6,135.61,0.997,0,0,10,restaurant,0,genuine
9a383155-a42a-4997-a6db-ba12524946c6,ACC431B338F,140.95,1.736,0,0,7,travel,0,genuine
a3ef54cd-4e94-4f99-89ac-ad524a3150ad,ACC5A2D2562,27.07,0.916,0,0,4,online_retail,0,genuine
80f6b61b-65b1-405f-8265-b5978259f966,ACCD86300CA,145.62,0.842,0,0,11,electronics,0,genuine
dfa56016-976c-405b-9ace-c80979e21ff1,ACC08968071,200.33,1.098,0,0,3,electronics,0,genuine
b64f6653-f6bc-45e4-9153-60456a15552b,ACC1E39053B,74.64,0.754,0,0,13,electronics,0,genuine
32f3e96a-8241-4460-a8d7-3946a31a2c40,ACCEE57A8CC,144.29,1.067,0,0,22,restaurant,0,genuine
76fe88ed-9d32-46c4-aaa8-0afc06407a7c,ACC1FAB3F77,104.33,0.716,0,0,12,fuel,0,genuine
f32539c3-95e7-4522-b12b-0ed42e7fbd78,ACC2467C52B,31.71,0.667,1,0,3,utilities,0,genuine
5dc493f5-71ba-4bf7-8482-eef21518c374,ACCE7567526,138.61,0.808,0,0,23,utilities,0,genuine
54e61bc1-5335-44fa-8e4e-f5a0760daa2a,ACC8883AEB4,82.29,1.533,0,1,19,fuel,1,new_device
166f3b3d-e145-4efd-92fa-bbe4d767c51f,ACC8CA0E9D4,110.63,1.156,0,1,13,online_retail,0,genuine
60fc780e-1fc5-427a-bef8-f91a801529dc,ACC7661F9A1,222.59,3.848,1,0,1,entertainment,0,genuine
e632fb81-40af-44a7-a578-d9ac221166ea,ACC6E29EDDC,71.55,0.597,0,0,22,restaurant,0,genuine
68302074-3e2e-4b90-b5b1-1c8f51416428,ACC69F86FC2,245.81,1.325,0,1,13,travel,0,genuine
53d8c1c6-6df2-4330-871a-a8631486f1fe,ACCCE9C4128,144.99,0.86,0,0,11,travel,0,genuine
72061c7a-5c4e-4691-8d3d-c990c3b8ea2d,ACCE5159C95,174.82,1.387,0,0,7,travel,0,genuine
432238e1-3ad6-4c0e-b010-861c0f7064a5,ACC63E38219,67.21,0.595,0,0,3,grocery,0,genuine
95abd7b4-e64e-4a48-82a1-2efc4e2a4d7f,ACC77B9597C,205.81,1.279,0,0,17,electronics,0,genuine
04d2f30e-988b-473b-9e43-2c9ffa20020f,ACCB7FD1801,110.7,0.948,0,0,9,travel,0,genuine
1a9014f4-d324-4990-a6c4-22f32e5678f8,ACCBDEED3A1,15.9,1.022,0,0,16,electronics,0,genuine
d49653d8-a049-4c09-8377-c8ac7a198829,ACC5B205BFD,55.54,1.037,0,0,12,restaurant,0,genuine
a9cb0b2c-4e67-4c41-a83b-ab88e1bb48f7,ACCB8201BFE,80.91,0.773,0,0,11,entertainment,0,genuine
57253f7a-4796-4303-883a-af6e8950790c,ACC52E63E8E,61.99,0.881,0,0,11,travel,0,genuine
f5d05af6-ff29-45ac-8937-45d9a3f87f4b,ACC2CED7AA4,68.55,0.505,0,0,19,electronics,0,genuine
b7cae200-b4fb-48c1-b57c-b6cf61658550,ACC89FB4304,66.63,0.67,0,0,21,entertainment,0,genuine
2fa5bb23-09b4-44f9-bfff-24ac7b04152a,ACC2C3FB42A,205.18,1.219,0,0,3,electronics,0,genuine
c71caf63-2b15-4619-b2c6-712d044eaa8c,ACC38C22FBD,224.89,1.262,0,0,10,restaurant,0,genuine
0eaf204d-d403-46dd-8a46-17d753b6b938,ACC5ECECCC8,20.06,1.183,0,0,5,travel,1,stealthy
f8cf6a32-f986-46bf-9d21-d61bf399f98b,ACC30BAEE93,44.67,0.806,0,0,16,restaurant,0,genuine
cd982bb2-2cec-4f24-88b7-bca97a57cad6,ACC065617EF,201.59,1.052,0,0,0,utilities,0,genuine
925d416c-a97a-49ad-ad21-75f38ddf54a2,ACC1584D2D9,198.27,1.214,0,0,17,travel,0,genuine
1314efd3-dcd1-4f68-89be-11170f80783b,ACC59EA8486,102.7,0.657,0,0,14,restaurant,0,genuine
499f6ab8-65ca-4bd4-93d6-a96409d096ec,ACCF524BA52,142.15,0.871,0,1,13,travel,1,new_device
f8246f03-4e62-4000-87ab-541745462934,ACC44706969,143.15,1.769,0,0,5,grocery,0,genuine
133127da-00a3-44d2-973e-182091969754,ACCAA36AA07,52.14,1.031,0,0,16,fuel,0,genuine
671d43a1-1efe-41eb-8bbc-b0540c2d5988,ACCC7CCB237,137.52,1.116,0,0,2,entertainment,0,genuine
e4f69bd6-ab98-474e-987e-0f75772db2b0,ACC7C611899,1819.53,10.407,0,0,7,electronics,1,huge_amount
de83dd1b-8ba7-4dfe-b8ee-2143541573c7,ACC5A2E3A6E,241.73,1.291,0,0,11,entertainment,0,genuine
dcec1f64-58c8-4c0e-b10e-7ff75e69c913,ACCAD8261D9,180.5,0.996,1,0,19,fuel,0,genuine
9d6902b1-f241-4ba3-b200-9f46e83a4457,ACC834F38DE,82.2,0.784,0,0,15,fuel,0,genuine
6c03b32c-2677-4a72-8c9c-396ee8fd87af,ACC2F2FD99E,728.72,10.855,0,0,4,electronics,1,huge_amount
652e699f-4326-49f0-9789-5bc750733982,ACCCFE42BC9,147.78,0.983,0,0,20,travel,0,genuine
5e277668-214a-4731-984a-a01aadcdc4f5,ACC52E63E8E,107.75,1.532,1,0,4,restaurant,0,genuine
008db856-1fd8-42cb-bfdb-e99f4ed55a9b,ACCFD91D323,48.46,0.518,0,0,9,travel,0,genuine
61d0a627-c6b9-44b7-abd3-84d63e9a9d64,ACC051D694E,109.25,1.499,0,0,17,electronics,0,genuine
a88dbd4c-614f-432d-9c1a-8836965aec57,ACCB6304D6D,168.26,1.056,0,1,17,entertainment,0,genuine
15b6b619-e7dc-4722-b9ed-c6e928e5eb89,ACC476E30AF,47.22,0.997,0,1,18,restaurant,1,new_device
300179f1-a499-4ae5-b3ef-dba443df93f8,ACC4FDDC2F7,150.18,0.98,0,0,6,fuel,0,genuine
8b03b202-291d-48cf-b209-3063dd416f09,ACC2C3FB42A,245.69,1.46,0,0,15,electronics,0,genuine
3e08cb0f-6a37-42ce-a6d8-fc4d99fecef9,ACCE6F8D6D0,285.89,1.436,0,0,20,restaurant,0,genuine
bcec7066-6aa8-412e-b974-f7fc6f519d94,ACCBB625750,150.93,1.055,0,0,14,electronics,0,genuine
3061e852-b8a3-4d57-8c68-54244a23c890,ACCF7367AA9,79.08,1.168,1,0,4,entertainment,1,foreign_location
aff7be85-16aa-485d-ac51-8fcc4a3b51c8,ACC49711EE2,178.54,0.975,0,0,21,restaurant,0,genuine
684041d1-01c9-478e-b4e2-718b32e8cbcc,ACCA1AE10E7,38.53,1.272,0,0,1,utilities,0,genuine
489131bf-965c-45b0-9481-1996cb9a6dda,ACCE3BC14DF,204.24,1.262,0,0,7,electronics,0,genuine
25b51d1c-7a8b-4d2b-a24b-994abab2c7b5,ACC5A2E3A6E,231.94,1.239,0,0,1,entertainment,0,genuine
02e3b8c7-5b37-42e7-81c0-d8fd74682974,ACCAF841035,77.17,0.436,0,0,8,utilities,0,genuine
0da43db2-b940-4308-9d6e-12651e9922c6,ACC0F82A889,91.56,0.622,0,0,13,online_retail,0,genuine
b04c8a64-46c7-4294-aea7-9fa3c3b92d03,ACC15045FED,93.25,0.47,0,0,8,grocery,1,stealthy
90d77731-c75b-4b66-b93d-deee0a488690,ACC72FC33FB,147.1,1.105,1,0,22,grocery,0,genuine
778ea8e0-6c92-4441-884f-0212f1608357,ACC0DB3A99A,69.77,0.762,0,0,20,electronics,0,genuine
af945071-a947-4f66-81fc-cc82c4697e11,ACC360FB49F,52.04,1.378,0,1,12,travel,0,genuine
3485efd5-fcb7-47d1-8e36-d947dab6d477,ACCE549AC1F,41.5,0.679,0,0,7,utilities,0,genuine
f358f052-bb97-4fd6-b0f8-f11ad714fab2,ACC71F2BF15,318.66,3.39,0,0,20,utilities,0,genuine
5ed19ed8-b737-45d6-8352-e35d5f07810e,ACCFABA81CE,313.8,1.593,0,0,17,utilities,0,genuine
cdfea540-d8bc-4bfe-a47e-81c20281ae07,ACCAD413A31,114.48,0.669,0,1,21,entertainment,0,genuine
19408b72-e6bb-41eb-80d6-b656b5362365,ACC8348C5C8,29.49,0.941,0,0,14,restaurant,0,genuine
188c7b3b-6002-451e-8c86-547d464291d2,ACC8CA0E9D4,63.01,0.658,0,0,19,electronics,0,genuine
41f52789-4d86-4648-a716-3e5354f0cf32,ACC4868BBD3,123.79,0.654,0,0,17,entertainment,0,genuine
acd32b8c-6081-4bf3-bb16-d0ca9f1c60d4,ACCB5426310,92.79,1.275,0,0,2,online_retail,0,genuine
16929ae2-c55a-4f1c-84d3-5317852d80a1,ACC55972CEC,214.52,1.372,0,0,22,travel,0,genuine
63999832-ba96-4edd-9a8f-df2bfbe316ef,ACC0ED0AD12,83.42,0.852,0,0,10,electronics,0,genuine
1bdde590-3a3d-401a-b50f-6c16747533c7,ACC1F9C12DE,82.81,0.609,0,0,10,electronics,0,genuine
f84d4b0b-e092-4c94-adbf-bf66d202c13d,ACC468A30E3,112.37,1.037,0,0,0,restaurant,0,genuine
a0e94f5a-b05c-4dc4-aa25-7164524e4f5b,ACC145D3692,61.63,0.469,0,0,13,electronics,0,genuine
742152da-6669-496c-a82b-7ec6772bf090,ACC59EA8486,151.7,0.971,1,0,18,electronics,1,foreign_location
ce3b3255-6460-4763-83d5-e4c4fc0b7266,ACCE7526B0F,199.16,1.331,0,0,21,entertainment,0,genuine
1ee5051d-09cd-486f-9e28-66168da8cbd9,ACC5E53E80D,41.06,0.459,0,0,22,utilities,0,genuine
cde0d56b-bf51-4812-9332-5a8b4654f5ca,ACCBB625750,219.19,1.532,1,0,19,travel,0,genuine
632f71f5-47e5-4d9a-93dd-cdc0358e5406,ACC4FDDC2F7,91.0,0.594,0,0,19,travel,0,genuine
fc0e3d0f-fa18-43f5-a2c2-ea660f28316b,ACC8CF8E85D,85.9,0.902,0,0,15,restaurant,0,genuine
c18fd44c-8e3c-4b76-be35-9393f948dd52,ACCD99DF024,180.01,1.107,0,0,10,grocery,0,genuine
8d655adb-49b1-4e0f-aabd-8ed61f4aa017,ACCBBEDED04,16.93,0.955,0,0,23,fuel,0,genuine
e608bc8a-f6ac-4024-a1a7-6a8e1ddb93ba,ACC5A2D2562,38.43,1.301,0,0,20,grocery,0,genuine
5592b772-3cc4-46b3-a68e-7314f5145e7e,ACC30BAEE93,61.1,1.102,0,0,23,entertainment,0,genuine
2a13d26b-5d9c-46cd-a170-b916962d312c,ACC5E8DD908,121.72,0.729,0,0,3,grocery,0,genuine
9138b743-53ac-4f06-af11-6921f73cc722,ACC5E8DD908,1,0.006,0,0,13,restaurant,0,genuine
7379e394-bc5a-407f-9664-5a80537b8cd8,ACCBBEDED04,17.3,0.976,0,0,19,electronics,0,genuine
049c0d86-c68d-4e61-9bc3-7d9de1eb8e83,ACC592716F0,79.17,1.336,0,1,15,utilities,0,genuine
63c7bd17-156f-482f-a241-695089158796,ACCAFE32BE6,170.31,0.972,0,0,7,grocery,0,genuine
26a16d21-15db-4aff-ab08-67dbd184dff0,ACC1FD41087,225.76,1.466,0,0,10,grocery,0,genuine
23e8af3c-97b0-4db0-a5e5-ab6c88162fd7,ACCBBEDED04,18.27,1.03,0,0,1,electronics,0,genuine
de330d04-f4af-4ddb-8a19-604e8a56c6a4,ACCD8D566E9,162.16,0.975,0,0,16,grocery,0,genuine
beceb0d4-956f-4420-9e93-5e7e3576c0c0,ACC37920886,59.46,0.532,0,0,7,travel,0,genuine
04f22d1c-a369-4317-b16c-e8874b27a16f,ACC18319CF0,67.59,1.13,0,1,1,fuel,0,genuine
90f1bc49-df82-4cd4-b5aa-00a1a532b3c0,ACC5E8DD908,219.87,1.316,0,0,21,travel,0,genuine
d1592361-2a70-4980-93f1-d315d87cfdd8,ACCB6304D6D,277.9,1.745,0,0,4,utilities,0,genuine
a9d85b23-b39b-4e9a-8dfe-bcce819d169a,ACCE7526B0F,185.47,1.239,0,0,9,electronics,0,genuine
e39bc799-449c-4a3a-ba2f-3a16bdb0c987,ACC1804DFBF,176.46,0.91,1,0,6,entertainment,0,genuine
1f47275a-ad0f-4c55-95a5-eb3572ba6fc4,ACC468A30E3,86.1,0.795,0,0,0,entertainment,0,genuine
e995b548-3c81-450a-bc58-50929661bcf3,ACC30D0A6A0,218.25,1.361,0,0,9,utilities,0,genuine
666e1815-8c3e-4cec-80a1-5bf28f10dfe3,ACCB7FD1801,113.75,0.974,0,0,13,fuel,0,genuine
c28efc61-ad4b-4452-870c-2b65ef6aa1c7,ACCC7379D88,94.25,0.908,0,0,15,grocery,0,genuine
371002f9-2107-4642-a818-70384d961deb,ACC81C97E10,87.25,4.3,0,0,1,travel,0,genuine
97588cdb-5abc-433a-ad22-db3d63e88689,ACC2227A7D6,124.29,0.913,1,0,2,travel,0,genuine
cacd6196-0f9b-4067-9f6a-e3786bf330d5,ACC5F0A2EFB,157.74,5.502,0,0,4,utilities,1,huge_amount
288aa10d-e9c1-408f-80b7-4dea2b16ff13,ACCF4D51612,161.45,1.206,0,0,13,fuel,0,genuine
b3800617-8411-4148-9b1a-cb5c01767aab,ACC16193C5E,102.34,0.966,0,0,5,fuel,0,genuine
3ca64e54-38ee-434a-be83-13f033d5cc07,ACC91469B41,59.38,3.017,0,1,8,fuel,0,genuine
36ea0bc8-6681-4dfd-8576-5f49ee7ae363,ACCDA024530,81.99,0.64,0,0,18,online_retail,0,genuine
992ff63a-c90a-4776-9053-f810b91eeed5,ACCE90CC233,46.01,1.104,0,0,19,grocery,0,genuine
157da272-d4bf-4e2d-8762-400385dcb166,ACC001030F5,141.57,0.759,0,0,20,travel,0,genuine
2a3f3238-452d-4862-8c16-778bc5ca4f3e,ACC49711EE2,190.0,1.037,0,0,9,travel,0,genuine
8e35c019-e4b5-4d03-b222-6d9e9907ed43,ACC4C275212,132.39,0.874,0,0,15,grocery,0,genuine
3d5768ac-a02e-4b8f-90cd-b3160fdc1898,ACCAF664302,38.71,1.014,0,0,1,online_retail,0,genuine
ab6f5fe3-3ddc-47b9-93d6-d51d655f6b5a,ACCEE57AC5C,131.44,1.074,0,1,7,electronics,0,genuine
17dd113b-9307-4215-8a10-8a9d13d3e191,ACC790525E5,94.86,0.703,0,0,5,grocery,0,genuine
3efc22e8-0e6c-418d-a8a2-0a55c1721835,ACC592716F0,13.82,0.233,0,0,7,restaurant,0,genuine
354f5422-dba0-45e5-b561-7061fa8970c0,ACC5A5853FB,256.25,1.322,0,0,21,restaurant,0,genuine
7827101b-838f-4d6b-8ce6-a1bbf75e795a,ACC9A66A456,597.11,3.852,0,0,16,electronics,0,genuine
5d25b158-16db-425a-9ffe-b771dfa5cf8e,ACCE6F8D6D0,180.87,0.908,0,1,4,grocery,1,new_device
de8431cb-7c73-4b2b-9cda-08b792f45108,ACCB8201BFE,84.72,0.81,1,0,20,fuel,1,foreign_location
fa4c54ff-81bf-4b8f-9296-e01e2d489333,ACCB7E41D27,109.77,1.216,0,0,8,entertainment,0,genuine
325accae-1f47-4747-906b-82c267554eda,ACC0FF13EC2,68.99,0.352,0,0,21,utilities,0,genuine
183ef58c-d509-4eb8-b64b-971b9ee4e335,ACC44476C30,162.76,1.179,0,0,20,grocery,0,genuine
a4336147-b6a7-40c0-a349-b8f5df7dc54c,ACCEAF23921,135.99,1.707,0,0,12,fuel,0,genuine
42ec21f2-20ed-4e35-85d7-2dda12bce8ab,ACC56C616C1,112.17,1.107,0,0,14,utilities,0,genuine
e73a25aa-3803-40b9-8fe2-f95ca8391dfd,ACC485CBED1,184.34,1.341,0,0,1,entertainment,0,genuine
4dee79da-be1f-42a9-9186-13a56b57d801,ACC98A8E15C,170.64,1.417,0,1,14,utilities,1,new_device
923513d6-701c-4401-816d-4319b44a38f3,ACC001030F5,176.28,0.945,0,0,7,travel,0,genuine
30254d9a-2944-484e-988a-c1948f9827d2,ACC6E29EDDC,107.82,0.9,0,0,1,entertainment,0,genuine
36f5a6dd-6d5f-415c-a80c-f266595704bf,ACC080F4BCF,83.85,0.793,0,0,18,fuel,0,genuine
80efd539-e45a-4777-8901-07151df21712,ACC3A1439DA,126.72,0.781,1,0,19,online_retail,0,genuine
8529997d-47a0-413c-ad88-436b28e2553b,ACC67FED836,32.01,0.84,0,0,22,travel,0,genuine
f4bc374d-caab-47c9-8d96-b7cbd23d5871,ACC2CED7AA4,99.73,0.735,0,0,7,fuel,0,genuine
6ae0f866-a930-4598-9416-0a008bcd561e,ACC159AEF91,131.15,0.763,0,0,13,fuel,0,genuine
c19246b4-2d35-49ec-93dd-fd168a9ed79b,ACCC1DD744F,64.13,1.126,0,0,11,travel,0,genuine
19a4482d-5775-461c-ab36-167236d1cf41,ACC1E39053B,141.12,1.426,0,0,14,online_retail,0,genuine
9ead50f2-022f-43d1-abe8-7b4db2cc49ce,ACC7D30696A,236.86,1.409,0,0,0,entertainment,0,genuine
daa446f0-12c5-4204-8066-35d82c8545d2,ACC9CC4C0D9,112.87,1.618,0,1,11,travel,1,new_device
b026ba3b-8979-4b4f-8649-59827ed7633b,ACC44476C30,87.8,0.636,0,0,20,online_retail,0,genuine
c189966a-e058-430e-b270-6a8e3a4bb097,ACC792E1021,225.51,1.201,0,0,8,travel,0,genuine
971c09ec-18a0-4024-8a20-4fbfd743c49b,ACC3A936184,135.76,0.905,0,0,22,utilities,0,genuine
d25eb7c9-fca6-4a2a-b3fc-c3c737cac5e0,ACCCB40A1BB,24.19,0.804,0,0,2,travel,0,genuine
969beece-c6d4-4e37-ac4e-e188e9755cfe,ACCEF39B188,157.01,1.356,0,0,14,entertainment,0,genuine
5c1b1a6a-5fee-476f-9246-5e784d0d7c70,ACC2C848FF5,87.6,0.756,0,0,19,restaurant,0,genuine
640eb634-e485-4f50-87a8-a752eb1c62e2,ACC02350C73,31.91,0.436,0,0,6,online_retail,0,genuine
76a9796f-70b6-4ec7-a7d0-869c782edead,ACCE90CC233,51.28,1.231,0,0,19,restaurant,0,genuine
822e52d7-c9f1-4b1f-9ce5-c03fc243d9e7,ACCE3367E61,197.03,1.205,0,0,1,travel,0,genuine
ca941cc4-0bee-431d-99a0-13e6435bdd91,ACC080F4BCF,151.48,1.433,0,0,21,online_retail,0,genuine
a8d2ac38-389c-4d72-bd56-81256fadd9f2,ACCF524BA52,147.22,0.903,0,0,11,travel,0,genuine
e5b39209-7f52-44b3-8b4a-6321f2e9d423,ACC4B968249,93.71,0.945,0,0,4,fuel,0,genuine
f08d26d3-d95e-4514-8066-e197a555e4f6,ACC146CFDB2,220.5,1.528,0,0,8,online_retail,0,genuine
93d2e6b0-e6fa-48c4-aaff-6ba5bfa6e5c4,ACCCF5314D2,132.72,0.799,0,0,15,utilities,0,genuine
7b63eaa4-2c25-41d7-9953-8374ecb3d694,ACC636C58BC,80.37,0.744,1,0,5,fuel,1,foreign_location
d564a8d8-0073-4987-9eef-180fc22e29eb,ACC209F2457,1530.18,8.179,0,0,11,entertainment,1,huge_amount
51f59c9d-ab73-4c16-b9fa-f995848ccdad,ACC1F9C12DE,113.55,0.836,0,0,11,electronics,0,genuine
af0de8e7-125b-4aa9-a54c-9d7e275d3810,ACCAA36AA07,63.68,1.259,0,0,17,utilities,1,stealthy
26216803-2d39-4139-8bb6-73bf0d0560c8,ACC44476C30,95.92,0.695,1,0,10,fuel,0,genuine
b21461b0-a2dc-4c2e-a888-53b722d50279,ACCF8A2CF4C,55.33,0.542,0,0,18,fuel,0,genuine
f8a353ca-153f-456d-8ab5-744bd787c273,ACCAD8261D9,159.72,0.882,0,0,13,restaurant,0,genuine
10e4c048-9958-42aa-b462-f3fcd290fda8,ACCD07853CF,93.0,0.758,0,0,3,fuel,0,genuine
ff816e6f-4d50-4831-9847-de0ed9f43ac6,ACCBFA30BE8,71.02,1.158,0,0,12,fuel,0,genuine
dec81b5d-77b2-4149-aad2-98ed9add0832,ACC30D0A6A0,168.92,1.054,1,0,6,online_retail,0,genuine
a98c51d3-ec25-4370-8a42-42e3f00798da,ACC36CEEE60,253.47,1.529,0,0,16,grocery,0,genuine
c3c90edd-da58-4104-821d-32f5b5cac98d,ACCD8D566E9,131.21,0.789,0,0,7,online_retail,0,genuine
4c123685-aabf-4cca-9ac1-69da5f1b0f90,ACC63E38219,87.2,0.771,0,0,21,electronics,0,genuine
0e527cf9-0551-4f45-a6d7-26c63b701c85,ACC834F38DE,56.36,0.538,0,0,6,fuel,0,genuine
e8861f79-acd9-44e3-abd0-1a61941bc46b,ACCAA010F0A,30.15,0.926,0,0,4,entertainment,0,genuine
a13a34e4-e05a-4523-9668-0de4495d2d63,ACC2227A7D6,123.7,0.909,0,0,13,utilities,0,genuine
30e12705-a18c-48a8-b1b0-7de04bc98ba0,ACCBE5476B7,44.61,1.15,0,0,1,electronics,0,genuine
9f5d6625-a078-4111-bf9b-8cb2edf8ccdf,ACC68FE0D56,77.91,0.53,0,0,14,restaurant,0,genuine
84876dac-bb4e-421b-b4cd-5b5d054cfece,ACC38C22FBD,64.05,0.359,0,0,14,restaurant,0,genuine
80116271-01ef-456a-971e-8fe51ef05c5f,ACC94AFF365,8.9,0.57,0,0,2,grocery,0,genuine
26d19a40-7069-4eed-b638-6d4415028c69,ACCA73977CA,517.39,2.809,0,0,4,electronics,0,genuine
ef95dba5-bebb-44c8-9c3a-b8b644b5e0c0,ACC8AB20DFB,22.99,1.024,0,0,2,entertainment,0,genuine
412e1aec-165f-4b89-8fb1-00f5e6c4e376,ACC819391A9,16.11,0.415,1,0,18,fuel,0,genuine
90d19451-90ad-43c9-afa7-ac85d983cd23,ACC4B43792F,445.88,9.193,0,0,5,electronics,1,huge_amount
ea0a0803-e450-47a9-88f6-2d7497f4a982,ACCAD413A31,204.56,1.196,0,1,0,utilities,1,new_device
212272bd-7d43-4ebe-874b-ae5995815cc4,ACC707FD242,112.71,1.17,0,0,2,electronics,0,genuine
c796b864-b06e-47b9-96b4-c7aed7732fab,ACCBF96BF99,46.92,0.749,0,0,2,online_retail,0,genuine
a9dd9afc-de0d-4b48-b847-f7c88432e59b,ACC57066E7B,37.21,1.481,0,0,4,grocery,0,genuine
2dc47e5d-d889-4881-95c4-462f42b117c5,ACC43CFC7DA,178.92,1.262,0,0,1,fuel,0,genuine
5fdbf6f1-9b39-46f6-a728-ee4f6111b6ad,ACC636C58BC,120.66,1.118,0,0,19,restaurant,0,genuine
c30383d2-b01f-469d-95dd-082ac609a17d,ACCE2B777FC,169.91,0.941,0,0,12,online_retail,0,genuine
c4fd9af1-9583-496f-afb1-5e8ee486055b,ACC18319CF0,120.91,2.022,0,0,1,travel,0,genuine
d00db122-a3cc-4885-8532-c01a4fae6b58,ACC5B205BFD,40.9,0.763,0,0,17,electronics,0,genuine
a28be579-4269-4834-bb93-f09a270f0cf1,ACC75F5AFB9,54.98,1.26,0,0,14,fuel,0,genuine
2cdd9e86-0cc2-4386-8955-d4068c73842d,ACC790525E5,205.92,1.527,0,0,8,electronics,0,genuine
74ac7a21-bd7a-4b37-a106-6e5ad0ad4894,ACC80414307,63.48,0.622,0,0,17,restaurant,0,genuine
2f9a13e0-2e25-4f56-be3e-35bf04b91901,ACC1804DFBF,169.16,0.873,0,0,13,electronics,0,genuine
4a41fb0e-ba94-499c-947b-1ef4c02b7612,ACC936198A9,50.91,0.661,0,0,18,fuel,0,genuine
0de93d91-e214-4f7a-ab74-824c89735ed5,ACCA9BDD42B,182.12,1.177,0,0,0,grocery,0,genuine
365b9413-5ed8-4861-a483-1e917d27bf91,ACCB4BE454E,91.43,0.571,0,0,13,electronics,0,genuine
07d6aae1-a81f-45d8-a1be-41543aa67518,ACC4FDDC2F7,225.85,1.474,0,1,21,travel,1,new_device
e8ce2a89-2631-4e9c-92c3-0e635b3ee701,ACC59EA8486,78.43,0.502,0,0,12,online_retail,0,genuine
ab75cbf1-e406-4c2d-9c61-8434299462ac,ACC7131637D,156.73,1.31,0,0,22,restaurant,0,genuine
9d66124e-3144-4f63-af1a-274bb34869c9,ACC37920886,109.14,0.976,0,0,3,restaurant,0,genuine
30126b22-6158-416d-b598-63fd2ed94c5f,ACC7F584589,108.96,1.464,0,0,20,online_retail,0,genuine
2383366a-40a6-4e4b-9bd6-c017c9cc4f79,ACC2F2FD99E,86.89,1.294,0,0,14,online_retail,0,genuine
7f226bed-0196-4b58-aa86-e61a59c64199,ACC9A66A456,160.34,1.034,0,0,20,travel,0,genuine
69809d65-2b3c-452d-9e22-168a412dec77,ACC120D4C78,107.47,0.996,0,0,13,fuel,0,genuine
d4ca7e12-3eeb-4cec-b4bd-2480191f1dd9,ACC34FD0AB8,15.21,0.485,0,0,18,travel,0,genuine
0c0f0392-fb1a-4ddd-80f0-cd5ac076e077,ACC6993E5A7,146.94,1.473,0,0,16,online_retail,0,genuine
1c1f0255-0b48-4199-af96-b42ceefe4cf8,ACCA1AE10E7,29.24,0.966,0,0,4,restaurant,0,genuine
06f4bf3d-0175-4661-8635-d0a895e4bc68,ACC58892FA4,36.35,0.311,0,0,11,entertainment,1,foreign_location
f139e541-3fde-402c-b308-13aa00799441,ACC0A64ABBD,11.62,0.566,1,0,0,online_retail,0,genuine
8bb656d3-8ab1-475b-8e91-4cbd195bcc89,ACCCE9C4128,128.12,0.76,0,0,11,entertainment,0,genuine
f3370439-fd03-4abe-bc41-6d9483017193,ACC1584D2D9,103.36,0.633,0,0,8,fuel,0,genuine
d3fcb61e-1214-4a82-9407-cd83983498aa,ACCB3D946C7,215.35,1.189,0,0,18,fuel,0,genuine
9d2819f5-9bb3-40e3-a6c6-561f71d157c5,ACCBFA30BE8,20.44,0.333,0,0,0,entertainment,0,genuine
7993e409-c54f-4b2d-9eca-1c42753f60ff,ACC257866E9,108.64,0.67,0,0,17,utilities,0,genuine
d0eede06-2647-45c6-a93c-55d371ce0422,ACC5A2E3A6E,213.18,1.139,0,0,15,online_retail,0,genuine
b88bf58b-1a9c-47e5-bf7a-5407dcc088c1,ACCC1DD744F,48.73,0.855,0,0,7,entertainment,0,genuine
c5bed079-ff10-47d5-8ccb-4e9a70434ac9,ACC8AC68D4A,131.64,0.698,0,0,12,fuel,0,genuine
1b42241c-9bce-4b1c-a985-f3d5eb50d7c8,ACC834F38DE,85.06,0.812,1,0,10,electronics,0,genuine
015f470b-f1a1-4d15-a65a-54e339c4d630,ACC707FD242,130.0,1.349,0,0,6,entertainment,0,genuine
991da256-d2d3-44ff-be1b-92653fb9382b,ACCA1AE10E7,39.52,1.305,0,0,3,travel,0,genuine
96ac9b95-27b9-49d5-bc32-dd2cd0b3063f,ACCD13E9570,17.59,0.999,0,0,13,grocery,0,genuine
b6257fa1-c83f-494b-800f-e39c3383be6d,ACC91469B41,209.92,10.667,0,0,2,fuel,1,huge_amount
45634a2c-f1a8-4011-a371-ab09a324f8d0,ACC7A03D049,25.83,0.52,0,0,21,restaurant,0,genuine
a249456c-20d6-4b43-b7b6-e4a522dc531d,ACC30BAEE93,65.38,1.18,0,0,4,electronics,0,genuine
5bc0e95d-8c07-4b9a-b784-52449b50ad85,ACC33790CF6,70.61,0.447,0,0,21,electronics,0,genuine
e377003a-370e-484c-b820-4a937a12afb9,ACCC7379D88,115.8,1.116,0,0,23,fuel,0,genuine
89f4cc30-e699-4719-9a5d-da8e9f15a91b,ACC22F5FFD2,102.6,1.054,0,0,11,grocery,0,genuine
a8493102-a0c6-459a-a613-8920f606bafb,ACCBCFB1EE1,7.08,0.32,0,0,14,travel,0,genuine
4d07dc68-3526-4423-bd45-075e20c21073,ACC2F2FD99E,44.38,0.661,0,0,21,utilities,0,genuine
1f7a286c-2a8b-41ae-a02e-98c3a149279f,ACC5952E61B,219.93,1.21,0,0,9,online_retail,0,genuine
1548dc71-6ff7-4f71-a89d-4739a34c1fcc,ACC15045FED,199.7,1.006,1,0,22,utilities,0,genuine
0e0a6f1c-23d2-4790-b4a3-e727e8003674,ACC42229380,97.43,1.009,0,1,18,utilities,1,new_device
33cdf7d3-693a-4a84-abda-cba1ed802550,ACC051D694E,90.36,1.24,0,0,15,fuel,0,genuine
d84b9ea2-eb7c-4178-b478-35d8354999a5,ACCAD8261D9,100.2,0.553,0,0,17,grocery,0,genuine
737b6271-e16c-44f4-bdd4-8b268cce2222,ACC3D0FD592,127.93,1.168,0,0,23,utilities,0,genuine
2ddd5b00-ef7a-4cc2-867a-af4c8d5bce16,ACC44706969,61.86,0.765,0,0,23,electronics,0,genuine
85769d9f-ae60-4968-aa73-a6a089da5201,ACCE6F8D6D0,267.13,1.342,0,0,22,electronics,0,genuine
2c5fe9f2-2ffc-428c-a6e2-076d4246f533,ACC4D610E4D,11.72,0.421,0,0,6,fuel,0,genuine
46e39835-06fd-4009-9d11-b89a02479dbd,ACCD70B7103,51.89,0.831,0,0,21,online_retail,0,genuine
edbb632d-c570-4a78-8e96-5cfcb5912ddb,ACC2C848FF5,99.39,0.858,0,0,21,grocery,0,genuine
bb8dac90-7c8e-4d1f-b69a-0e5a34e9dc7c,ACC8F3BC4D8,64.01,1.016,0,0,13,travel,0,genuine
39afb494-efc4-4126-8bc4-c2a1ac574ab3,ACC724DAE51,49.74,1.474,0,1,22,entertainment,0,genuine
41ef93ff-50ea-4902-90d8-6932ced86659,ACCC6121509,25.99,1.2,0,0,9,travel,0,genuine
434a3136-0b0e-465a-a7d7-08250201a70a,ACC8B071F50,86.25,0.52,0,0,2,entertainment,0,genuine
2d644dc4-fa42-4ec1-8e62-8123162dd622,ACC1584D2D9,103.89,0.636,0,0,19,online_retail,0,genuine
f1902426-79bb-4862-afeb-560de26e116d,ACC434FD0BB,68.27,1.001,0,0,2,online_retail,0,genuine
b5c0ab2f-34ef-46ec-bfd1-11ca458f0b64,ACC6A7B8E91,118.14,0.815,1,0,12,fuel,0,genuine
36be754a-464c-4a49-977e-25a4e9d8225d,ACC4C275212,199.07,1.314,0,0,7,electronics,1,stealthy
ec9e35aa-8d62-44e0-8d23-53651e276a5d,ACCB7E41D27,43.35,0.48,0,0,3,travel,0,genuine
30b6f6b8-4786-4677-a550-3fc798bfda99,ACC790C1C58,34.61,1.077,0,0,7,fuel,0,genuine
de5463b8-4a86-4a1b-9751-cdb45613ec5e,ACC89FB4304,69.66,0.701,0,0,13,entertainment,0,genuine
4a66253b-7a7a-4602-a3d3-09a3cf47c03c,ACCC1DD744F,81.9,1.438,0,0,6,grocery,0,genuine
a675fcc6-52f2-433e-83b8-9fe72274465e,ACC89FB4304,68.22,0.686,0,0,17,utilities,0,genuine
fa123129-5d7f-4b85-b6a6-4945513cc4ae,ACC295CE380,157.89,0.803,0,0,2,travel,0,genuine
77c54743-ea65-4ac6-96c3-bc7769bffacc,ACC4B43792F,89.46,1.845,0,0,15,travel,0,genuine
47f2b92c-c93c-41a8-a01d-c662be770acd,ACC790C1C58,34.4,1.07,0,0,14,restaurant,0,genuine
6b694ed5-4d3f-4286-8a4a-6a43ccf1945f,ACC8AC68D4A,121.31,0.644,0,0,14,travel,0,genuine
5bc5e9f9-897e-42e0-b501-088e18c0b4e9,ACCFEB58DF9,121.81,0.927,0,0,19,restaurant,0,genuine
b1f30aff-629c-4c07-86ad-66b98a5ad5d0,ACC8CA0E9D4,91.35,0.954,0,0,19,online_retail,0,genuine
c473d4e8-31db-4c32-873d-c03c597e839d,ACCBF96BF99,51.43,0.821,0,0,9,utilities,1,stealthy
f62f5921-b277-478c-a1e5-fabad4958e1e,ACCAFE32BE6,153.84,0.878,0,0,11,online_retail,0,genuine
51b0563f-a57d-49fa-a0fd-2af4477ec2a1,ACC4FDDC2F7,147.4,0.962,0,0,16,grocery,0,genuine
4abaf734-2050-4495-8d03-c0c4478c8b2e,ACCB8B8E9BE,47.75,0.499,0,0,13,entertainment,0,genuine
3364e21f-d3db-4c73-89a5-43bbcb27954a,ACC94AFF365,21.38,1.37,0,0,4,electronics,0,genuine
6b7262b1-6dfb-417f-80cc-c36047295268,ACCEE4C8042,392.87,4.629,0,0,14,restaurant,0,genuine
b6359eb7-4c62-4b46-b55e-254747a7670b,ACC145D3692,188.16,1.431,0,0,1,grocery,0,genuine
a26d8dd5-8d5b-45b0-a0f3-ea378c825c35,ACCA1BB6B6C,169.78,1.273,0,1,0,online_retail,0,genuine
85012893-935e-4a7e-bae0-b871215d6c63,ACCAD413A31,132.0,0.772,0,0,20,utilities,0,genuine
957efecf-de4c-4d92-b4b7-7e782b6d8e60,ACC215BCCB8,19.36,0.448,0,0,1,travel,0,genuine
a21251de-c0a6-41f5-a562-b374bdaafc3f,ACCE7526B0F,90.5,0.605,0,0,22,restaurant,0,genuine
827f4afc-fba4-4a1d-a0fe-3d0a0bd8b187,ACC1804DFBF,238.7,1.231,0,1,7,grocery,0,genuine
dfde9022-b65c-447d-aecd-031400171cc8,ACCCFE42BC9,103.82,0.691,0,0,3,utilities,0,genuine
668d086c-0a2f-44ad-a154-acf29c729bbf,ACCF0ED3147,53.38,1.284,0,0,4,grocery,0,genuine
72531d71-2880-4a46-a77c-7e08c0adbafd,ACCCB6BC567,23.12,0.487,0,0,14,online_retail,0,genuine
2b0c8316-a0a2-4f11-9e11-47ab0e1468fe,ACC604B3540,112.49,0.71,0,0,8,fuel,0,genuine
d6645ce6-7905-4644-99a7-e620b18adc00,ACC636C58BC,104.18,0.965,0,0,18,restaurant,0,genuine
0ea77a1c-145a-45a9-920c-61027aac2746,ACC50C40EE9,228.97,2.353,0,0,1,entertainment,0,genuine
4e6eb9eb-ebf7-4dd9-9d07-551d0a9938b9,ACC874BD617,136.8,1.01,0,0,16,fuel,0,genuine
4965f24b-21e5-4e1b-bf3f-173809a9925c,ACC7C611899,156.19,0.893,0,0,23,online_retail,0,genuine
ae575dec-b80f-4440-8515-68499fdd38b4,ACC57066E7B,28.19,1.122,0,0,14,entertainment,0,genuine
4320de9b-5368-4067-b2a2-93a783887d00,ACCD07853CF,145.47,1.186,0,0,0,fuel,0,genuine
e71e2731-eafe-4222-9164-d7a6bcf55eda,ACC049C6980,120.35,0.74,0,0,15,travel,0,genuine
5e8143a2-7093-4a17-ae48-7d4835800c91,ACCAD413A31,168.77,0.987,0,0,13,utilities,0,genuine
17e46279-8974-45b4-9be9-64cd4c202bfa,ACC18680C85,192.28,1.624,0,0,9,electronics,0,genuine
02d4e61e-2000-4847-8653-d73b2813efdf,ACCDFFD27ED,79.03,0.954,0,0,16,electronics,0,genuine
9335450c-6e6e-46c6-8a5a-d99b06f99ead,ACC7A03D049,47.67,0.96,0,0,22,online_retail,0,genuine
de1000bc-8853-48a6-9cf3-a3b787cbde8a,ACC33790CF6,87.56,0.555,0,0,16,restaurant,0,genuine
bd8e3c6a-3ceb-43eb-8dc3-4dfcc8148f75,ACCA1BB6B6C,83.99,0.63,0,0,6,fuel,0,genuine
88e45f93-2ee3-4213-b8a5-963d26fe54a6,ACC5ECECCC8,18.37,1.083,0,0,4,restaurant,0,genuine
1d713677-4704-4767-bcdb-2d1ba1ced595,ACC30D0A6A0,132.36,0.826,0,0,3,utilities,0,genuine
e4bcb688-e810-49af-8d38-60a0105200df,ACC6993E5A7,146.43,1.468,0,0,23,utilities,0,genuine
d699d22f-0184-4c2d-875c-397555d3fe9e,ACC6FF68307,97.19,0.855,0,0,15,restaurant,0,genuine
f5690f75-6ff4-467e-af50-043c51d33a8c,ACCA1AE10E7,27.87,0.92,0,0,16,online_retail,0,genuine
41c2a52c-285e-42e3-8e5d-9e0b976bf122,ACC8D51567D,83.34,0.978,0,0,3,utilities,0,genuine
c49e1073-8440-4138-b5d9-fcbb56986618,ACC63A8249C,22.55,0.83,1,0,8,electronics,0,genuine
edd26455-baaa-45f0-9f86-1e01a8ca4733,ACCFF0D087A,167.22,0.906,0,1,1,electronics,1,new_device
72c060f9-2e2b-4a18-b6f5-fe8f58727412,ACCC2B19390,123.68,0.778,0,0,21,entertainment,0,genuine
23f6b0d6-0ffd-4f93-823c-9ab0c1ec42d2,ACC1E39053B,508.67,5.142,0,0,22,entertainment,1,huge_amount
352280b0-1974-4a6d-8e27-3e826eb58a9f,ACC6E29EDDC,251.99,2.103,0,1,22,electronics,0,genuine
a5cb9bd9-1c4c-47b6-830e-837b76dac9f2,ACC5E35C0A6,134.32,0.959,0,0,13,grocery,0,genuine
bd783d89-5b53-4b3a-9aa6-5ba2a51dc5dd,ACC89FB4304,118.23,1.189,0,0,7,electronics,0,genuine
3d255402-e639-4e5a-b836-55ee47c76380,ACC57F1AD9A,184.88,1.01,0,1,20,restaurant,0,genuine
ffde33a5-9e3b-43f7-81b7-bb4b8cb82562,ACCAD8261D9,211.65,1.168,0,1,5,restaurant,0,genuine
9e128a3a-9524-4e0d-b98e-fc03e519b4e9,ACCE6F7E64B,218.25,1.153,0,0,4,restaurant,0,genuine
48fea42e-f64f-4a42-92fa-41ba37e313e7,ACC38828645,36.63,1.276,0,1,16,entertainment,0,genuine
454c7b82-d986-4e49-9e19-f289f56202d0,ACCB582C3E4,93.37,1.359,0,0,2,fuel,0,genuine
07da9b49-5842-4e32-9532-20cbdd0d566c,ACC604B3540,177.62,1.121,0,0,21,entertainment,0,genuine
f87b1428-90b6-4d54-b1bf-529f498ecea7,ACCE5F859C3,35.08,0.688,0,0,3,electronics,0,genuine
4c218639-057c-468e-a5d7-4dc95164c405,ACC257866E9,123.08,0.759,0,0,3,restaurant,0,genuine
4624cfcf-d3d6-47d9-806d-5c91dc5b9248,ACC38C22FBD,134.82,0.757,0,0,23,utilities,0,genuine
1cca4cc2-0c06-49be-bdfd-fe7880e9b8ff,ACC0ED0AD12,138.04,1.409,0,0,14,entertainment,0,genuine
b14d5449-3c9b-412f-b404-ecc0ab86a6cb,ACC37920886,507.12,4.536,0,0,18,fuel,0,genuine
f1a7189f-b0c5-4d48-9472-6fa753f7a4df,ACC2F2FD99E,108.64,1.618,0,0,23,online_retail,0,genuine
72425cda-833a-4683-aab9-cea909e01e48,ACC6993E5A7,103.3,1.035,1,0,19,restaurant,0,genuine
d3233af7-6c8c-4391-ab9d-ce82ae05127d,ACC075F7E93,141.92,1.294,0,0,9,entertainment,0,genuine
ad13fb28-1872-427e-aa1f-d02a51b14dae,ACCEE57AC5C,88.01,0.719,0,0,9,restaurant,0,genuine
ef8c5c10-352a-41c8-b5dc-a625670dd52a,ACC215BCCB8,39.05,0.904,0,0,6,electronics,0,genuine
c8fa8fb7-6436-42fe-ae4e-e652288e7734,ACCCDE6737B,411.37,3.599,0,0,14,online_retail,0,genuine
7a3d3933-2fcd-4eab-b326-5753d0776665,ACC81C97E10,17.07,0.841,0,0,7,restaurant,0,genuine
daf04412-dd2f-4b33-89da-12a971e06e25,ACCDFFD27ED,64.71,0.781,0,0,9,fuel,0,genuine
81a9b415-2ea7-499f-84a5-f90c64134804,ACC1F549C06,121.83,0.775,0,0,10,grocery,0,genuine
c256c310-4966-41fd-a39d-50f09fffdc38,ACCAF2FECB8,118.94,1.716,1,0,7,travel,0,genuine
ac92eee8-8494-4979-bbfc-47c2c5672cf3,ACCAD8261D9,157.27,0.868,0,0,12,electronics,0,genuine
f11f8ccc-1db0-44d7-a91d-49b47b946486,ACCBF96BF99,40.11,0.64,0,0,20,fuel,0,genuine
92cd049c-3127-4d0b-9b3d-6253dd4b832e,ACCE4ED68FE,110.25,0.596,0,0,4,electronics,0,genuine
2e4ee51b-1544-4678-8e01-db9b81c2ccf6,ACC5B205BFD,63.38,1.183,0,0,17,restaurant,0,genuine
086651c6-ca48-4fd3-8057-11ece6f8936b,ACC08968071,103.01,0.564,0,0,22,entertainment,0,genuine
6fae22cf-35eb-46d9-850b-45511c7bf72c,ACCCFE42BC9,131.83,0.877,0,0,21,grocery,0,genuine
55e131fc-92ed-4366-b608-9959ccd39588,ACCD8D566E9,116.45,0.7,0,1,23,online_retail,0,genuine
349c5598-1006-4a5d-93ef-dc7fd75b47b0,ACCB4BE454E,138.46,0.865,0,0,22,entertainment,0,genuine
97e426e0-c519-4e83-9ce7-da119743802f,ACCAF2FECB8,63.01,0.909,0,0,6,online_retail,0,genuine
5f88d539-75bd-4f99-8554-8e62d3931050,ACCAD413A31,184.33,1.078,0,0,18,restaurant,0,genuine
259326ce-0db0-4245-80f2-b1726a1b0282,ACCF6D9DFAD,91.6,1.427,0,0,17,electronics,0,genuine
e380f778-9149-44d1-944e-40872a724210,ACC866E61C1,9.81,0.178,0,0,1,grocery,0,genuine
24c106e7-71ff-4778-8cbc-b06fc98ecdb8,ACC69F86FC2,184.33,0.994,0,1,2,travel,0,genuine
1bdffb0e-eb77-457a-aad2-1ec1d7ba6f5d,ACCE3BC14DF,200.04,1.236,0,0,21,travel,0,genuine
84c8d8d1-5a26-4f61-93a4-ebba06304a2a,ACC604B3540,143.55,0.906,0,0,4,fuel,0,genuine
3f4a3f4e-e720-4781-ae50-b02367d6c695,ACCF3D6177F,18.56,1.05,0,0,19,restaurant,0,genuine
041e2cbc-d414-4e73-9bc5-d9e1b01c4845,ACC30BAEE93,79.39,1.433,0,0,19,entertainment,0,genuine
203f1565-14a1-497e-9f8c-a6015e9ead7b,ACC4149DCC6,49.07,1.122,0,0,7,online_retail,0,genuine
fe8b8536-fb5c-4235-88d9-bf77641105ff,ACCA1AE10E7,14.38,0.475,0,0,3,restaurant,0,genuine
79cb7b38-c2fb-4579-acec-cc2390e184a1,ACC120D4C78,156.24,1.449,0,0,10,grocery,0,genuine
f5205a64-bc64-448a-a8a7-4c571fd5dd06,ACC27B72436,183.1,1.078,0,0,18,electronics,0,genuine
e123ebf1-8f13-4fc5-8ac4-1ccbb8032515,ACCB4BE454E,137.15,0.857,1,0,21,travel,0,genuine
e1399778-8f9f-41bd-9719-0183d547c638,ACC40162BF5,106.49,1.09,0,0,23,utilities,0,genuine
2113ada2-81f7-4b24-8cf3-e9d4f905efca,ACC3A936184,162.63,1.084,0,0,2,fuel,0,genuine
5b2ecaa8-e8b0-4fda-84a1-1883fc070574,ACC1584D2D9,218.47,1.337,0,0,6,grocery,0,genuine
41e2a789-ef98-4189-a085-e5615b3f9aa4,ACC0A64ABBD,18.2,0.887,0,0,22,grocery,0,genuine
f0a7f554-fb19-4465-8f03-8d7fdb8f6165,ACC47DBDD62,150.37,1.471,0,0,16,fuel,0,genuine
53dc3524-f452-4de6-b691-c7931ca2178b,ACCB4BE454E,191.41,1.196,0,0,1,online_retail,0,genuine
5f041f5f-7e30-421b-b50a-c59471b4c8a3,ACC2467C52B,38.17,0.803,0,0,5,fuel,0,genuine
c0634cd8-bd39-44f7-9ecd-f153c54328c5,ACCEAF23921,51.8,0.65,0,0,14,utilities,0,genuine
d9f38744-27a0-42ee-a4a3-cdf775c4ad86,ACC3CC490D1,42.4,0.614,0,0,18,grocery,0,genuine
cacf1b79-2e12-46d9-a9ec-5066e087a0a7,ACC2AFF62BB,109.38,0.722,0,0,21,online_retail,0,genuine
cc6274f3-4f0c-4a10-b209-18c91dc21541,ACCDF6D88DC,37.81,1.683,1,1,19,entertainment,0,genuine
d02fe1aa-72a3-428c-8bbd-0bba43c23c4c,ACC0F82A889,71.09,0.483,0,0,16,entertainment,0,genuine
95ffffa3-5f05-41b9-83e3-cf83a5734795,ACCAFE32BE6,191.1,1.091,0,0,2,online_retail,0,genuine
da0d1de9-469b-4a71-a626-3702c8aaba42,ACCE3367E61,587.49,3.592,1,1,23,travel,0,genuine
7dd9da0f-ff68-419e-978a-9c191c9faf0d,ACC44476C30,133.77,0.969,0,0,1,travel,0,genuine
ea4ede91-e1a1-49dd-a093-c555b8c45bae,ACC57F1AD9A,102.49,0.56,1,0,3,restaurant,1,foreign_location
12b6daf6-b533-4e40-9fc6-06d1681b2f7b,ACCEAF23921,109.75,1.378,0,0,4,online_retail,0,genuine
be9c435e-c047-402f-8e89-41efa4d69633,ACCC0703F18,246.05,1.311,0,0,14,electronics,0,genuine
dcbfa856-46b7-4cd9-8af5-202daae34598,ACCA1AE10E7,17.31,0.572,0,0,7,restaurant,0,genuine
e4152b65-36b2-4754-ae6c-f180a98b8dc9,ACCE3367E61,141.81,0.867,0,0,0,entertainment,0,genuine
df5e6e40-b975-43b0-af3f-b3ad83483174,ACCEB67227A,145.87,0.798,0,0,21,entertainment,0,genuine
fd94287d-9b4e-44c9-a749-348437a50c68,ACC8B3F5DD0,54.55,0.63,0,0,15,entertainment,0,genuine
c4e3cd2c-7dbf-45f1-a8ec-b9b2b7e2dc86,ACC6A7B8E91,111.49,0.769,0,0,15,restaurant,0,genuine
2cb09ac3-14ca-4180-bfb1-895d76ec2f03,ACC485CBED1,98.47,0.716,0,0,23,fuel,0,genuine
c228c569-9d74-4537-b8fa-49bc331b0747,ACC63A8249C,31.67,1.166,0,0,5,grocery,0,genuine
043a2005-b69b-4272-97da-dfaa3130ba73,ACC0AADD547,88.39,0.549,0,0,13,fuel,0,genuine
3b1be4f3-de35-4ff5-a9ae-7e54f4560c20,ACC8F3BC4D8,69.98,1.111,0,0,15,utilities,0,genuine
42c0ab94-c421-4ea9-93a4-fe93409732e4,ACC1804DFBF,214.88,1.108,0,0,8,electronics,0,genuine
7d21c915-5de7-45ed-bd8b-f8b37e7e509e,ACC6993E5A7,91.64,0.919,0,0,11,utilities,0,genuine
1492f054-ca0c-4ef5-b14b-d1441bff79ee,ACCAF841035,117.63,0.664,0,0,6,travel,0,genuine
5db0f555-5188-40cc-9fc7-4f50008f4ab6,ACC9A66A456,73.09,0.471,0,0,17,fuel,0,genuine
043d4540-0a47-413b-838d-350c54650c69,ACCBE9782ED,75.84,0.562,1,0,0,grocery,0,genuine
eb4a7ba1-70e4-4360-8d80-ec8bb89dec4a,ACC38828645,32.98,1.149,0,0,16,electronics,0,genuine
bce64fde-3d04-4f25-ac38-8941c2c2ef33,ACC38C22FBD,128.52,0.721,0,0,19,grocery,0,genuine
47d5da78-b356-4ab3-927f-974a68a13f2d,ACC80414307,129.08,1.264,0,0,3,restaurant,0,genuine
f0ba4036-7d40-45e5-ba84-4734d16ade21,ACC9D67E0D7,126.4,0.895,0,0,22,online_retail,0,genuine
effcb40d-90de-4de2-9244-c74bb569f29e,ACC17C90D98,283.77,1.525,0,0,22,fuel,0,genuine
33a807e5-00fb-440d-b62a-528f4dda9301,ACC44706969,70.89,0.876,0,0,10,utilities,0,genuine
b220f875-44e5-4be3-8ba8-e4a28fd6482c,ACCEB67227A,172.06,0.941,0,0,5,travel,0,genuine
129214f0-79c2-4f8f-adbe-bad73c2164b0,ACC8D51567D,91.92,1.079,0,0,10,utilities,0,genuine
09e48b68-77a0-421d-bfd6-bfa28d636a02,ACC3B960C09,313.62,1.773,0,0,8,grocery,0,genuine
ec347f3a-53e8-4bfe-80d1-d456d7075beb,ACC295CE380,186.31,0.948,0,0,1,grocery,0,genuine
db7eb397-a53d-4c56-8197-51bd7fdbac2e,ACC43CFC7DA,273.97,1.932,0,0,13,grocery,0,genuine
c4f56737-bf31-400b-965b-da5a2c803e62,ACC27B72436,261.14,1.537,0,0,20,online_retail,0,genuine
06b74231-cb8b-44af-bc6a-f80b8a981e29,ACC5E8DD908,127.31,0.762,0,0,10,fuel,0,genuine
27b52c28-f972-45ea-bfc9-f21b946f5b4c,ACC482E81A5,25.88,1.062,0,0,23,restaurant,0,genuine
cd367860-16d2-461c-b984-ac8690d15dc4,ACC049C6980,152.42,0.937,0,0,9,grocery,0,genuine
bd8bf1cd-b307-47cb-9fa4-c6f6fdad0119,ACC3BE27A0C,28.83,0.442,0,0,17,fuel,0,genuine
da5e9ac2-18f2-4ce0-bd51-e281cd4ecb5c,ACC3A1439DA,208.62,1.286,0,0,13,fuel,0,genuine
50877f9a-70fe-4586-a629-3fca88aeba76,ACC6755B550,34.41,1.139,0,1,4,grocery,0,genuine
8fcea619-c8bd-43af-99e5-23c37f815705,ACCABC666C2,157.26,0.891,0,0,11,electronics,0,genuine
6900709f-7b5f-4930-aac3-1a86d05db2f3,ACC4B43792F,57.59,1.187,0,0,3,utilities,0,genuine
a34d788d-258d-449e-ab57-2652f3e17ebb,ACC6993E5A7,120.79,1.211,0,0,10,travel,0,genuine
631d67b7-7f1a-4897-a48f-41b468cf8e7f,ACCBE9782ED,144.4,1.07,0,0,19,utilities,0,genuine
3d96301e-4722-4f79-b1be-8b01709cf9a0,ACC7D7424A6,13.7,0.232,0,0,23,restaurant,0,genuine
f99e162e-2b19-4323-a38a-16391f5be726,ACCB4BE454E,186.89,1.167,0,0,11,utilities,0,genuine
c22bee85-20fc-4c8c-b84a-9065a8ea0dff,ACC2CED7AA4,135.93,1.002,0,0,20,travel,0,genuine
00194a1b-801f-42aa-9802-5968a5111429,ACC2227A7D6,158.12,1.162,0,0,21,electronics,0,genuine
50419242-7537-4b11-83c3-7115fb11eccd,ACCEF39B188,189.48,1.636,0,0,15,electronics,0,genuine
9cffaaea-f0f1-4509-9356-2f1546c567fc,ACC44706969,387.34,4.788,0,1,4,restaurant,0,genuine
0451d921-4e96-4ad4-98b2-69ea14ff1aae,ACCE7526B0F,289.87,1.937,0,0,22,grocery,0,genuine
5e0fe40c-3051-4bee-9dd3-e6eb2be6432b,ACC145D3692,1219.01,9.273,0,0,0,online_retail,1,huge_amount
899e867e-a489-477f-9d31-ff568f03a173,ACC55972CEC,102.41,0.655,1,0,7,utilities,0,genuine
cee6e281-1f3d-43a5-921f-40e72b7f475f,ACCDF6D88DC,14.86,0.662,0,0,8,restaurant,0,genuine
e6616395-5d55-47a5-84de-8593e10381dd,ACC73A1A864,32.92,0.399,0,1,12,utilities,1,new_device
d9df997e-eaa5-4b55-bcaf-a1220a61423f,ACC1A07891C,212.09,1.53,0,0,13,online_retail,0,genuine
990b8652-7487-454e-b8ea-e524587f2fee,ACC4C1060FF,143.82,0.773,0,0,2,restaurant,0,genuine
aa2f231c-1644-4e58-8c9a-d656fab7e5eb,ACC592716F0,35.86,0.605,0,1,12,travel,0,genuine
75c066e7-a4b0-44e3-bfbe-700fe84d4ce8,ACCAF2FECB8,51.38,0.741,0,0,23,electronics,0,genuine
e3620a92-4c44-4235-af6d-303c6f740649,ACC400342D2,48.74,0.851,0,0,17,online_retail,0,genuine
606ac02a-7a74-463b-84b5-383fe2ccad8f,ACC8B88E484,103.4,1.348,0,0,8,grocery,0,genuine
9ef5fb4b-cdd0-46c0-be8f-c40a7360d71b,ACCDFFD27ED,26.18,0.316,0,0,18,travel,0,genuine
34630573-d79b-479a-8d07-fb738f32e0ee,ACCA1AE10E7,20.44,0.675,0,0,6,grocery,0,genuine
0b3245a3-7a4f-43b4-9dc9-90045009aa00,ACC7131637D,70.52,0.59,0,0,20,online_retail,0,genuine
572f676c-92b9-499d-bf9f-854153d9f8e1,ACC049C6980,139.27,0.856,0,0,11,travel,1,stealthy
01685d30-fef3-4dd4-a57f-3cbb88f0fb87,ACCD77D289A,43.15,1.282,0,0,21,utilities,0,genuine
084f9317-b7c3-4612-80d7-2af3bcc9c8f9,ACC49371FEA,116.33,1.039,0,0,22,utilities,0,genuine
ff5f9c2f-d5f5-498e-873a-09ef5154757a,ACC4868BBD3,180.01,0.951,0,0,12,fuel,0,genuine
4dd5af21-8c73-487e-89f7-2bec7259a4c4,ACC94AFF365,15.37,0.985,0,1,5,fuel,0,genuine
d3b7e6d5-346e-44a5-b559-58e12e6f14b8,ACC8C663F70,232.58,1.346,0,0,15,utilities,0,genuine
f7b74f0a-52c4-4d5e-94f9-50547a559fee,ACCE6F7E64B,236.49,1.249,0,0,16,electronics,0,genuine
4a3f269f-bbd9-4337-a136-ca99b5480f8d,ACC8883AEB4,55.62,1.036,0,0,20,restaurant,0,genuine
bf83049d-2e08-498a-9efa-77eb83738be8,ACCE549AC1F,58.36,0.955,0,0,4,grocery,0,genuine
982a955d-ea43-4067-b798-bf4ee8c9406e,ACC001030F5,42.28,0.227,0,0,23,fuel,0,genuine
41ef4b6c-e7e8-4837-8460-818f5f67a5da,ACC145D3692,115.0,0.875,1,1,2,electronics,0,genuine
6d44a5fb-c64f-4273-b2a7-c3ada14489c1,ACC3A936184,169.9,1.132,0,0,1,grocery,0,genuine
7a55d77c-4016-44e8-b494-c69e3e229c48,ACCD8D566E9,438.37,2.636,1,0,10,grocery,0,genuine
aa1dfb7f-33e7-4a51-b1be-0c2ef14a2632,ACCAD413A31,150.6,0.88,0,0,12,travel,0,genuine
0444efa1-405e-4cd4-9278-d8feda980511,ACC4868BBD3,477.69,2.524,0,0,4,online_retail,0,genuine
96d492f3-e0f5-4bfe-8717-88d0448cb285,ACCAF841035,204.06,1.152,0,0,1,grocery,0,genuine
4e834625-5bfe-409b-92ed-32e89898dc98,ACC68FE0D56,134.55,0.915,0,0,10,restaurant,0,genuine
64f6122c-13ba-498a-935f-3860a35b0d28,ACCABC666C2,155.82,0.882,0,1,4,utilities,0,genuine
9b431567-3945-4078-a7e6-6409652a2ca9,ACC4FDDC2F7,107.02,0.698,0,0,19,travel,0,genuine
dd8431a7-5639-448a-99d1-d6aac98bf990,ACC59EA8486,680.29,4.354,0,0,3,grocery,0,genuine
0fa91882-5534-4ac9-b4f4-b65665f9ffee,ACC4B43792F,322.25,6.644,0,0,12,grocery,1,huge_amount
932d561e-b1d9-4e3c-b53f-d712d5f6146a,ACC792E1021,226.38,1.206,0,1,10,entertainment,0,genuine
196a953e-5ec3-45a9-aaa3-03ec830de5e8,ACC94AF39FF,112.91,1.641,0,0,14,electronics,0,genuine
ade6a792-3b96-49e2-8eb6-334db51848e7,ACCD77D289A,16.5,0.49,0,0,9,utilities,1,stealthy
b91f0c14-dfd9-48f4-aa35-e28762f6f1ce,ACC0FF13EC2,226.62,1.156,0,0,3,online_retail,0,genuine
84d8fd30-d8d1-4cc9-98dc-ab54d8cf1d68,ACC3CC490D1,22.33,0.323,0,0,17,grocery,0,genuine
26c42717-d971-4baa-ae73-7cb97332f6f3,ACC476E30AF,34.47,0.728,0,1,8,entertainment,1,new_device
90daa34a-832f-42f0-a859-cc710c914162,ACC69F86FC2,264.41,1.425,0,0,7,grocery,0,genuine
e2f15860-4a95-46ea-b8ef-d034159551eb,ACC4B43792F,61.42,1.266,0,0,11,grocery,0,genuine
e72118ae-222a-4d37-964e-4b55b28d083c,ACCE2B777FC,153.54,0.851,0,1,2,fuel,0,genuine
277690b1-035c-4a1e-a01f-cf576b1ffe23,ACC34FD0AB8,26.72,0.853,0,0,0,online_retail,0,genuine
40f67749-c686-4dbb-b784-9e8e3ba6dc8c,ACC8C663F70,110.25,0.638,0,0,10,restaurant,0,genuine
afd6b65b-8d6d-433a-8696-206067360f9b,ACC9A66A456,141.42,0.912,0,0,19,restaurant,0,genuine
e9f22e2e-d7c6-4578-8001-a2cf55726800,ACC5E53E80D,42.31,0.473,0,0,2,grocery,0,genuine
57e00584-7500-40ce-95d7-d5775ed2807b,ACC57F1AD9A,252.79,1.381,0,0,20,travel,0,genuine
11477525-532a-45d3-af10-41b8ebc71093,ACC91469B41,17.99,0.914,0,0,18,electronics,0,genuine
660fa76b-89b3-46d4-989a-2f01cadda785,ACC0AADD547,118.07,0.733,0,0,15,travel,0,genuine
2d4484a6-c14c-41ab-b6a7-44e9d613d54b,ACC6FF68307,115.56,1.017,0,0,2,entertainment,0,genuine
4262c90d-5c87-4269-8dae-655d4f953638,ACC59EA8486,175.93,1.126,0,0,23,travel,0,genuine
b1ea0b27-a077-415e-b5f1-750a5b06c17a,ACCC7DF1C25,99.88,1.143,0,0,20,online_retail,0,genuine
9f90827e-6e61-4c7a-8711-5ea1ee4bcd9d,ACC4D610E4D,17.79,0.639,1,0,17,entertainment,1,foreign_location
ba728e72-8a83-4a0f-84b0-90980bbdaf3b,ACC1FD41087,93.6,0.608,0,0,11,restaurant,0,genuine
bb19c0bb-a8af-4e51-8dc4-e7cda17b524a,ACCFEB51908,1388.76,8.448,0,0,16,utilities,1,huge_amount
2d1d0fb8-1a19-454b-81bb-c14ef93b3885,ACC7D7424A6,67.49,1.141,0,0,13,grocery,0,genuine
54d8e1de-d59e-483e-84b7-6bd29ebe5188,ACCD07853CF,89.52,0.73,0,0,7,fuel,0,genuine
16baa59b-35d7-4435-b158-217bc60052d0,ACCD9089858,62.65,1.416,0,0,14,utilities,0,genuine
c6d99270-96d9-4747-b7bd-3aa875e89851,ACCD581D6E4,80.33,1.131,0,0,9,grocery,0,genuine
56cc8bf0-2360-4d2a-8137-0f04ec0fe843,ACC44DDB1DF,63.74,0.805,0,0,21,entertainment,0,genuine
4fc0e9a2-fec5-49e6-9931-4c741ac25697,ACC33790CF6,186.44,1.181,0,0,19,utilities,0,genuine
0b48b840-3cf8-4b8e-84b3-8729744277bc,ACCEF39B188,33.1,0.286,0,0,20,grocery,0,genuine
0ae9f64c-1474-4bd3-bc38-acbb732a1c96,ACCA12ADE0C,69.44,1.27,0,0,0,utilities,0,genuine
b29ac488-0f4a-4c89-bb7c-0ae3e295bd8a,ACC6BDE26B6,52.19,1.399,0,0,20,restaurant,0,genuine
7cc6a0b7-2426-4c32-8e2a-7ca4b17c3282,ACCCB6BC567,21.33,0.449,0,0,3,electronics,0,genuine
85daca2a-9aae-451b-b3ec-060235a01b11,ACCFD91D323,23.1,0.247,0,0,23,fuel,0,genuine
4a0bbdad-b54a-41ca-b670-914a9fdb62d4,ACCB7E41D27,85.12,0.943,0,0,21,grocery,0,genuine
7bc673f9-1fdc-4b87-81bd-68ff05d7542c,ACCB8201BFE,54.42,0.52,0,0,20,online_retail,0,genuine
b57e3523-0f8e-42b5-ad24-50a19fb8f0fe,ACC30D0A6A0,124.63,0.777,0,1,8,utilities,1,new_device
190cb350-f422-46b9-8d0f-2949609aebf8,ACC9A66A456,145.93,0.941,0,1,18,grocery,0,genuine
d9b0d099-966b-4958-a3a4-e01593ca2072,ACC792E1021,246.81,1.315,0,0,12,entertainment,0,genuine
62df5731-1358-480b-a098-4a93dc0c400d,ACCD77D289A,24.33,0.723,0,0,0,travel,0,genuine
fe3817b0-a115-4891-81da-9020b3f283e7,ACC075F7E93,107.12,0.977,0,0,4,online_retail,0,genuine
b6a07580-e75b-4a68-8524-cd06138e54af,ACC481A3694,1321.94,10.796,0,0,3,fuel,1,huge_amount
bccabaa5-603a-4ae9-a9fc-9b39d6a2ceb8,ACCEE57AC5C,142.06,1.16,0,0,5,online_retail,0,genuine
7ea34149-5eb5-48f5-b5a8-d923a8127526,ACC1FD41087,110.63,0.718,0,0,0,travel,0,genuine
b777ca3c-b5af-4128-bd1e-f51d70093ec7,ACC82566958,121.57,1.19,0,0,1,entertainment,0,genuine
8feb9402-c1f3-42b5-bd9a-4ba6c3a4987e,ACCDF6D88DC,17.84,0.794,0,0,22,online_retail,0,genuine
362b94e4-52b6-492c-93e0-2283a0e9faca,ACC22F5FFD2,62.75,0.645,1,0,14,entertainment,0,genuine
5badbc81-95cc-43bb-b6f3-3b24bd17ed55,ACC98A8E15C,84.14,0.699,0,0,9,travel,0,genuine
582420fc-d1ec-4c63-ba04-5f716eb6521f,ACC5B205BFD,55.57,1.037,0,0,21,travel,0,genuine
05f2e2d4-7639-458e-9513-a32f910b78f1,ACCCE9C4128,162.03,0.961,0,0,11,restaurant,0,genuine
8e519c01-3d51-499c-9e76-cb14696586b8,ACCD13E9570,22.13,1.257,0,0,7,restaurant,0,genuine
2e58d3c5-0637-411d-9323-cedb3ffdae75,ACC5A2E3A6E,94.22,0.503,0,0,8,entertainment,0,genuine
e6c0ffd3-e88e-4589-a39c-f9f2a88cc6b6,ACC38C22FBD,203.12,1.14,0,0,12,grocery,0,genuine
b3bed506-3906-4d72-8fee-2eae52a388ba,ACC7A03D049,40.88,0.823,0,0,18,restaurant,0,genuine
ef1eac39-f20c-41e2-85c9-8027b626f586,ACCD70B7103,56.89,0.911,0,0,12,fuel,0,genuine
3e564281-4626-427f-aada-e5a3b14fec4d,ACC30BAEE93,82.78,1.494,0,0,19,grocery,0,genuine
c6869c75-878c-4129-93ba-74f3754d2de9,ACC6BDA8076,135.84,0.901,0,0,10,travel,0,genuine
50e0dad5-1914-4e79-a55c-28d557df393e,ACC1E39053B,126.97,1.283,0,0,14,travel,0,genuine
401529fc-9e91-4755-a851-9d6bfb3ec710,ACC8A097CC1,482.78,4.726,0,0,14,online_retail,0,genuine
9c0b1db0-9c35-42b9-a6e9-2b1f75efc4d5,ACCFEB51908,131.46,0.8,0,0,19,utilities,0,genuine
6bea41ca-e15b-4d96-ab23-c8180ac6464c,ACCFEB58DF9,86.8,0.661,0,0,4,entertainment,0,genuine
3de4a3e6-af1d-4186-bb7d-668fe55826d5,ACC43CFC7DA,232.99,1.643,0,0,6,fuel,0,genuine
a3b6ded1-e7ee-4063-b6ce-cf69cd2bcfea,ACC02350C73,38.81,0.53,0,0,11,utilities,0,genuine
0bce0a14-d9a3-4d28-b99c-edb432959918,ACCEF39B188,703.42,6.074,0,0,17,electronics,1,huge_amount
a9df1363-c0f7-4bfa-9d07-f69f7c6fe5e5,ACC0A64ABBD,18.12,0.883,1,0,22,utilities,0,genuine
b5279994-09e9-4c2e-a84b-e1bdd72f01de,ACCAB52E977,145.8,1.429,0,0,5,grocery,0,genuine
d22fc10f-1eeb-4279-be5f-13da15179096,ACCA1AE10E7,41.31,1.364,0,0,3,electronics,0,genuine
0e54d1de-d220-440d-a25b-23bc15f01944,ACC3B960C09,222.99,1.261,1,0,21,restaurant,0,genuine
71f7b010-9042-4ea2-adc9-eb41fda3f868,ACCF6D9DFAD,77.81,1.212,0,1,5,restaurant,0,genuine
89478ab5-98f7-4281-a99d-592902ff8249,ACCB6304D6D,592.99,3.722,0,1,11,electronics,0,genuine
80a2366c-6703-46c4-9903-b3d5de7e4efe,ACC02350C73,33.49,0.457,0,0,7,travel,0,genuine
46ab9b3a-e548-4efb-9bc2-e2f6ad17392a,ACCBFA30BE8,46.5,0.758,0,0,23,fuel,0,genuine
ae30af03-dae7-4323-be2d-447d7c80c7e0,ACCC7DF1C25,98.17,1.123,0,0,4,electronics,0,genuine
01cd7692-79fe-497b-ad2f-9cc6e9c80a7b,ACCF8A2CF4C,166.75,1.634,0,0,9,fuel,0,genuine
d016e14e-6f67-49b9-86c8-daa1c3ed867d,ACCD77D289A,41.23,1.225,0,0,13,grocery,0,genuine
eb9e586a-a25e-4dd1-a536-80d311aa6e7b,ACC57F1AD9A,102.03,0.557,0,0,21,fuel,0,genuine
41dd0027-d8a7-4a18-b68b-0b8557d4060f,ACC1F549C06,102.15,0.649,0,0,11,grocery,0,genuine
6aab158e-08d5-4401-a9db-a1692cf86ba1,ACC27B72436,113.65,0.669,0,0,23,travel,0,genuine
09db412c-14fd-49f8-8fc1-4cb63edebf79,ACCAA36AA07,37.52,0.742,0,0,15,electronics,0,genuine
b2715427-3eba-4386-94a0-9baf094c2a95,ACC44706969,58.18,0.719,0,0,15,entertainment,0,genuine
258d73fe-963a-4bfa-8154-8082bb8347ed,ACCC1DD744F,34.6,0.607,0,0,15,travel,0,genuine
44822b4b-3eb6-48d4-a905-1d0c1e8f457b,ACCB582C3E4,103.48,1.506,0,0,22,fuel,0,genuine
6409063f-0e66-44d6-8054-bc4b4e0aa3d7,ACC44476C30,90.99,0.659,0,0,8,grocery,0,genuine
3db699e6-96ab-4f61-ad9c-665adb6c7751,ACCE7526B0F,171.43,1.145,0,0,2,restaurant,0,genuine
b3b31bff-348c-41b3-a059-f76df82ea9e5,ACCE6F7E64B,473.21,2.5,0,0,9,travel,0,genuine
c3b01430-1790-4abd-872d-214c47f82573,ACC34FD0AB8,47.27,1.508,0,0,19,travel,0,genuine
a9aa858b-5a32-48f7-8bb7-1d46e8b2878f,ACC146CFDB2,157.58,1.092,0,0,4,fuel,0,genuine
f49573bd-7e6e-4e21-9ce4-1d38c16ca23c,ACCD81E32FD,81.92,1.568,0,0,11,electronics,0,genuine
a789ebd0-69bf-4757-b151-a07f8e5e5ac6,ACC636C58BC,86.12,0.798,0,0,16,entertainment,0,genuine
56b40e58-3ba6-45ba-8fc5-a255e2d50fd3,ACC431B338F,310.3,3.821,1,0,11,travel,0,genuine
98b0a25a-aaf7-444f-906f-46b4e5b06098,ACCE4ED68FE,112.79,0.61,0,0,12,electronics,0,genuine
1b6842a8-abbf-473e-9cd7-e176ad5ffd35,ACC18319CF0,50.51,0.845,0,0,20,online_retail,0,genuine
b1f7330d-8fa0-4997-9cea-715a8348ee8a,ACC18680C85,170.22,1.438,0,0,15,electronics,0,genuine
ffae1b49-7585-475d-a1de-914d205e68c7,ACCA6791AA0,108.76,1.091,0,0,14,fuel,0,genuine
50979999-e2cb-47f9-a3f8-28b9b0f83f83,ACC792E1021,140.57,0.749,0,1,1,restaurant,1,new_device
5e5095a4-9361-472b-8a2d-56380ad5e2da,ACCD581D6E4,74.05,1.042,0,0,20,travel,0,genuine
312ca7c5-fa6a-4482-ac80-5036d326e5ab,ACCA6791AA0,105.27,1.056,0,0,15,fuel,0,genuine
55b3c574-132d-4c0f-aaad-2d2a2d5e93f5,ACCDF6D88DC,9.23,0.411,0,0,4,electronics,0,genuine
c39563bc-b447-4f49-a6f3-e4361e2c1bee,ACCC7379D88,127.83,1.232,0,1,9,online_retail,1,new_device
c75a6258-6e93-420a-84e9-ed6c87f31a72,ACC81C97E10,10.31,0.508,0,0,5,travel,0,genuine
c8f63c52-fb52-40b9-8fd8-a2e86b235b90,ACC2CED7AA4,137.42,1.013,0,0,13,electronics,0,genuine
5eab861d-55af-4053-a78d-617d1cbf81e8,ACC75F5AFB9,116.5,2.67,0,0,15,restaurant,0,genuine
235774c0-6b04-4ddd-a0f4-01fd37caedaa,ACCD9089858,69.98,1.582,0,0,8,electronics,0,genuine
df53fcf7-76d3-418c-a5dd-d15567a39698,ACCB17AC2ED,16.25,0.511,1,0,4,restaurant,1,foreign_location
00b4eb22-edbd-4841-952e-6022b13e20ea,ACCE755C517,54.56,0.965,0,0,21,restaurant,0,genuine
4c900150-dba0-486f-88bf-e70858757f82,ACCBE9782ED,145.71,1.08,1,0,18,utilities,0,genuine
fda6edfe-376f-4a8d-a8c8-f6fd53f65624,ACCC2C6420D,180.92,1.25,0,0,19,restaurant,0,genuine
01a2a06f-d776-4e43-85c4-813fe550d13d,ACCAFBC20C2,47.96,1.027,0,0,0,utilities,0,genuine
1db88c31-490a-4b20-bdf8-544347fe4760,ACC9D67E0D7,129.53,0.917,1,0,17,utilities,0,genuine
eb7ee3ff-3fd5-4695-b231-9e45d0186f7b,ACC44476C30,173.89,1.26,1,0,23,fuel,1,foreign_location
6d3dd23a-b0ba-4157-9848-8227477a9533,ACCBB625750,143.96,1.006,0,0,1,online_retail,0,genuine
8e355473-6e46-45e8-b133-cb37ac637b6c,ACC7A03D049,47.46,0.955,0,0,16,entertainment,0,genuine
118c3d82-e2d8-42b1-8025-391b7b0f399c,ACC6BDE26B6,50.42,1.352,0,0,15,utilities,0,genuine
f14abcba-03ce-46a9-b1a1-245b7c51de2d,ACC2CED7AA4,142.55,1.05,0,0,11,online_retail,0,genuine
1ac513c9-1734-4b98-af38-8298513b45b0,ACC34FD0AB8,24.1,0.769,0,0,12,restaurant,0,genuine
8770f7fb-3c7f-4986-9c62-6968a54f1967,ACCE6F7E64B,330.92,1.748,0,0,14,online_retail,0,genuine
cc37d5e4-eda9-485a-803a-d17745775194,ACCFEB51908,212.51,1.293,0,0,16,utilities,0,genuine
1cffc9c6-a018-4736-b060-a47bbcd7d700,ACC22163AB8,101.98,1.186,0,0,13,utilities,0,genuine
a8d38bd5-997a-4e58-9095-9dd24cf9b9a4,ACC080F4BCF,78.24,0.74,0,0,6,restaurant,0,genuine
69f3b619-18f2-45f1-90af-807636ef6ffc,ACC57F1AD9A,139.67,0.763,0,0,17,grocery,0,genuine
020051d4-ffb6-4927-a854-ae7b7410334d,ACC57F1AD9A,234.89,1.283,0,1,7,electronics,0,genuine
7a8a1546-63fd-492a-8d0d-dca060948d80,ACC792E1021,267.3,1.424,0,0,2,online_retail,0,genuine
aa7af5ae-7828-48c0-86e7-32f9d47620be,ACC1FD41087,18.03,0.117,0,0,21,online_retail,0,genuine
7d62cc4e-6b31-48af-aae5-241fecdf7b59,ACCA1BB6B6C,499.6,3.745,0,0,4,electronics,0,genuine
187b7aeb-fff6-4f17-ab75-e22c2ea6b846,ACC834F38DE,127.69,1.218,0,0,17,utilities,0,genuine
0e511b51-11b6-45a1-b22e-2b70487690f7,ACC40162BF5,112.58,1.152,0,0,11,restaurant,0,genuine
cb9e4851-5b0a-4f4c-b28f-ca3582212230,ACCB58647E8,82.21,0.939,0,0,2,grocery,0,genuine
6e03d57a-b42a-4327-aad3-63ccd3eb20c7,ACC18680C85,110.23,0.931,0,0,23,electronics,0,genuine
f1073f13-2afa-449c-b6b5-74c23f35d342,ACC482E81A5,24.13,0.991,0,0,21,utilities,0,genuine
1ff399e1-e57a-494f-9ca0-ad84bbab6f13,ACC6781637F,245.32,1.337,1,1,21,electronics,0,genuine
122a7315-3154-45da-ba38-eebd795d5009,ACC57F1AD9A,149.46,0.816,0,0,2,online_retail,0,genuine
bd0aa47f-b68f-4efb-93a0-713b1ce20bc3,ACC360FB49F,53.12,1.406,0,0,7,travel,0,genuine
389112d9-981f-43f8-9bfa-552424e89d5f,ACC42229380,105.09,1.088,0,0,19,online_retail,1,stealthy
61cb9db1-5d9a-4f92-bc1c-27b0767c63aa,ACC4868BBD3,286.06,1.512,0,0,11,fuel,0,genuine
6cd969ba-b5bd-4ae7-bd8d-4ead5daa85b8,ACC834F38DE,105.11,1.003,0,0,11,online_retail,0,genuine
8f8bf13c-da8c-4035-bb10-34ca0de0123c,ACC4FDDC2F7,207.73,1.355,0,0,22,restaurant,0,genuine
2113ccbf-0f3f-4568-9a45-b972ceff0148,ACC2C3FB42A,312.87,1.859,0,0,18,fuel,0,genuine
c85f9f2a-7523-4bfa-863d-53a2da548ae0,ACCC7379D88,126.22,1.216,1,0,8,grocery,0,genuine
6e0e3066-c39b-4a9b-a4a6-7134896bf13c,ACCF8A2CF4C,81.89,0.802,0,0,14,grocery,1,stealthy
2bf4297a-12e6-4ff7-8efd-b9cf7549bf96,ACC34FD0AB8,47.46,1.514,0,0,11,utilities,0,genuine
6b3422b4-b5b7-4e1a-b6b7-b4e05229c0fe,ACCC7CCB237,184.66,1.498,0,0,5,utilities,0,genuine
65b506bc-0239-42ab-ab72-d6590da2ee55,ACC1F9C12DE,47.19,0.347,0,0,22,travel,0,genuine
fc80464e-1dbd-4d5f-bfee-0042e7d01805,ACC6755B550,47.56,1.574,0,0,18,grocery,0,genuine
a291f094-c36d-4ca3-b1e4-47236159958b,ACC0859F122,172.7,1.217,0,0,7,fuel,0,genuine
59555d1c-70f8-4d91-82de-5091b2923cd7,ACC4B968249,81.39,0.82,0,0,2,electronics,0,genuine
5ff93ffd-6d43-43e9-8341-d7224d470c22,ACC94AFF365,18.63,1.193,0,0,23,online_retail,0,genuine
3422ca09-a055-45bd-92ef-ed1a9548a964,ACC0F82A889,153.69,1.044,0,0,0,restaurant,0,genuine
af628dee-bc97-418a-bae9-2c5db26e5506,ACC9D67E0D7,244.52,1.731,0,0,11,travel,0,genuine
d1fd6b7f-fb32-464c-965a-f6d621e5a203,ACC8B88E484,128.83,1.679,0,0,0,grocery,0,genuine
c2d447fd-7b41-4888-bc8f-56f9e32f737f,ACC0E90F901,72.61,0.415,0,0,3,grocery,0,genuine
7f40bc7c-0326-42a8-96e8-1f251bd0b912,ACC22163AB8,140.4,1.633,0,0,22,fuel,0,genuine
4a4fd8ec-724d-49cc-9be3-511dff3daa13,ACCB6304D6D,118.45,0.744,0,0,2,entertainment,0,genuine
8fc1ade4-6967-44c3-a41f-d05ca95afac0,ACC6E29EDDC,175.99,1.469,0,0,23,restaurant,0,genuine
c77815a9-27e5-4214-bb59-4df51767c8d9,ACC1584D2D9,137.65,0.843,0,0,21,fuel,0,genuine
c2d4c759-70c8-42a4-8464-75c981b61894,ACC68859C88,54.86,0.487,0,0,13,online_retail,0,genuine
377ff937-d661-43c3-afb2-8e9a5d684c6b,ACC94AF39FF,85.6,1.244,0,0,14,travel,0,genuine
b07ec19a-e067-4205-89b7-e59592db50df,ACC1584D2D9,277.62,1.7,0,0,17,restaurant,0,genuine
7cbba8f0-5818-499d-82fe-3201ae656217,ACCEB67227A,206.83,1.131,0,0,0,restaurant,0,genuine
bd10459c-1b95-4667-a34e-143dcd8f1c2c,ACC44DDB1DF,89.02,1.124,0,0,16,electronics,0,genuine
6d75c5ba-be93-4550-8e1b-9053004b1c64,ACC3BE27A0C,71.11,1.09,0,0,20,travel,0,genuine
68db141c-6a0c-4cd7-9b11-9824f73d040b,ACC44476C30,793.53,5.749,0,0,8,grocery,1,huge_amount
e9f769fe-8797-49ce-a34c-fbccce6fac7d,ACCFABA81CE,114.03,0.579,0,0,5,entertainment,0,genuine
cced4013-4789-4335-afb6-e62f7e003e5b,ACC145D3692,119.82,0.911,0,0,20,restaurant,0,genuine
aad56409-df3f-48bb-871a-a5c2dcab8a83,ACC94AF39FF,463.63,6.737,0,0,11,grocery,1,huge_amount
536ef2c5-c41e-4e36-a152-595bcd05e7cd,ACCF524BA52,177.0,1.085,0,0,4,restaurant,0,genuine
95211085-1cbd-4d25-ba5c-faf450542553,ACC5952E61B,152.64,0.839,1,0,10,entertainment,0,genuine
f9894ab2-bda8-4be9-abce-669882b23e5c,ACC819391A9,186.13,4.797,0,0,22,restaurant,0,genuine
e735c1c7-a384-44c2-a208-3cb1b71aa286,ACCC2B19390,123.75,0.779,0,0,1,entertainment,0,genuine
cf999e87-fc2c-4adc-beb0-e3b7b73354c0,ACC6F7D92B8,35.13,0.888,0,0,18,electronics,0,genuine
0d84cc48-537b-4098-b88b-9330ec40989b,ACCEB67227A,211.91,1.159,0,0,21,grocery,0,genuine
84a505fc-8b64-4a1d-aa10-c83dd246a53b,ACCC0703F18,199.24,1.061,0,0,14,utilities,0,genuine
cf7125af-f049-447e-a9b6-8baa0e021d03,ACC5ECECCC8,11.95,0.705,0,0,11,fuel,0,genuine
21a7faff-621a-4526-9fdd-3126351d0452,ACCAD8261D9,220.68,1.218,0,0,0,electronics,0,genuine
34869172-70ab-4134-81eb-ff829c9ba79f,ACC9A66A456,164.84,1.063,0,0,22,travel,0,genuine
0061dccc-6453-4efc-abd4-6617c01f17ce,ACCE755C517,43.68,0.773,0,0,2,online_retail,0,genuine
0b155037-8b1a-4ed4-8393-3a7394b1dab9,ACCCF10A3E8,14.63,0.642,0,0,22,online_retail,0,genuine
e639df2e-e500-4b6a-af72-5f302ebf96c5,ACC6A7B8E91,305.74,2.11,0,0,16,entertainment,0,genuine
e17760be-4978-4929-8f4b-6d7d087d7e27,ACC4C275212,229.96,1.518,0,0,11,electronics,0,genuine
d494fa65-1eed-4176-b047-011c2ea1645b,ACCB6304D6D,289.69,1.819,0,0,9,utilities,0,genuine
3ad5bbe5-5ebc-483b-a961-1625112ab488,ACCCE9C4128,182.99,1.085,0,0,5,grocery,1,stealthy
bfef441d-9c92-4ed6-8c27-ca2b2613adc4,ACC5A2D2562,46.81,1.584,1,0,9,utilities,0,genuine
5c13c5b3-f501-4e38-859c-de6799eee32b,ACC257866E9,100.72,0.621,0,0,23,travel,0,genuine
1571a0ae-60fc-4eb7-abfb-6d1a25c33b35,ACCA9BDD42B,201.61,1.303,0,0,1,entertainment,0,genuine
be0c916d-ac25-401e-b864-6b83990e6374,ACC6993E5A7,119.06,1.193,0,0,7,fuel,0,genuine
ed8715c5-e18c-4f20-a945-5531dfea5f82,ACC55972CEC,83.07,0.531,0,0,2,fuel,0,genuine
f9fbd4dd-fc20-4846-b7f4-b8d8ec6f9101,ACC77B9597C,191.78,1.192,0,0,12,utilities,0,genuine
de80ad35-bb29-4e09-a116-a4b1082c4b58,ACC5A2E3A6E,258.71,1.382,0,0,13,restaurant,0,genuine
e43ccb4a-c89e-47e6-a8ae-b5ee101115c3,ACCB582C3E4,79.5,1.157,0,0,7,online_retail,0,genuine
f8922ecf-e223-46ba-b7bb-14907b3eb897,ACC50C40EE9,61.2,0.629,0,0,13,online_retail,0,genuine
f330c7f7-88f5-423a-98cb-317e34afa565,ACC94AFF365,14.25,0.913,1,0,10,travel,1,foreign_location
f80db065-9ab2-4e21-a5bb-ab56662cb6af,ACCBCFB1EE1,18.13,0.819,0,0,22,utilities,0,genuine
45944ce5-1517-409e-8409-98bba77e4d5f,ACC4868BBD3,238.38,1.26,0,0,2,entertainment,0,genuine
7d1db145-a705-4891-a183-e4f34f8d8b51,ACC3A1439DA,63.88,0.394,0,0,6,restaurant,0,genuine
93a357f7-a726-42f8-a403-13cea5171e87,ACC8D51567D,89.31,1.048,0,0,2,online_retail,0,genuine
98b2846c-34ea-43cb-aa41-fbf2b92d793a,ACCEB67227A,202.44,1.107,0,0,10,travel,0,genuine
dc17048b-dc8c-49d9-9b32-2387153c7df7,ACC051D694E,95.67,1.313,0,0,3,entertainment,0,genuine
25403273-ce18-49ad-be55-95a2b95c968a,ACCEE4C8042,94.28,1.111,0,0,4,entertainment,0,genuine
5f9ea113-5ad4-40ea-ad1d-60102e5a768e,ACC1E39053B,691.34,6.988,0,0,18,fuel,1,huge_amount
b2a54c75-45ba-4764-a111-33fd4d076473,ACCF524BA52,427.21,2.619,0,0,9,entertainment,0,genuine
93ad2082-92f7-4f35-ad04-541210a06fdf,ACCBDD4EB53,8.52,0.389,0,0,18,travel,0,genuine
3a6fd0f7-3917-4a90-bc1c-392688299992,ACC2AFF62BB,199.81,1.318,0,0,16,grocery,0,genuine
7b275466-61d1-4bc0-8fda-e629baf96ba7,ACC0E90F901,219.59,1.254,0,1,12,travel,1,new_device
b6574716-c4f5-4062-881a-9fdbb66c6c0f,ACC075F7E93,97.08,0.885,0,0,7,online_retail,0,genuine
66a354d8-148e-4676-8106-4b10b5548c65,ACCAF2FECB8,77.79,1.122,0,0,14,electronics,0,genuine
1be797b5-be8f-4546-841e-3968ff733b7d,ACC34FD0AB8,29.39,0.938,0,0,9,travel,0,genuine
7e814419-e8ea-4763-ac6a-b444ea0e9fa3,ACCD581D6E4,70.33,0.99,0,0,5,restaurant,0,genuine
055ec4c6-a680-4b8d-b1ae-e82d15d9b96a,ACC8883AEB4,62.36,1.162,0,0,23,grocery,0,genuine
656451c2-c543-4def-91c3-c1279ff880f5,ACCA3383ABE,153.15,0.781,0,0,1,travel,0,genuine
534a5f03-dc44-4570-ac93-b32bac6547fd,ACC9D67E0D7,124.43,0.881,0,0,15,travel,0,genuine
8285a077-2db5-43b3-a28e-669b34ef1cbe,ACC40162BF5,41.26,0.422,0,1,0,utilities,0,genuine
3552daf7-babd-490c-b9ac-4121d4297532,ACCE5F859C3,50.86,0.997,0,0,23,online_retail,0,genuine
dc096e76-00eb-42c0-b28c-e366420f50e6,ACC5A5853FB,108.56,0.56,0,0,8,travel,0,genuine
444d4674-d1b7-47ab-8764-ecadde001337,ACCFEB51908,153.66,0.935,0,0,19,restaurant,0,genuine
ba1266cc-f123-4b29-911f-4db0803c6d43,ACC49371FEA,176.82,1.58,0,0,15,travel,1,stealthy
1f180feb-2120-42f0-93b6-08ee579f8307,ACC7D7424A6,43.37,0.733,0,0,1,restaurant,0,genuine
f4c679cf-4462-49ca-84d2-fed965e1ca89,ACC476E30AF,50.68,1.07,0,0,15,fuel,0,genuine
d42e91b1-0c96-47ce-a470-e2ec9558506d,ACCB582C3E4,76.3,1.11,0,0,5,restaurant,0,genuine
4acb2c00-98ab-4b77-ba06-25365803effc,ACC2AFF62BB,155.14,1.024,1,0,18,grocery,1,foreign_location
b151fb41-ad71-4301-b2f4-406f4b9831c6,ACC819391A9,44.8,1.155,0,0,13,online_retail,0,genuine
2486e30b-1533-4dd0-9350-10f65557c410,ACC34FD0AB8,26.2,0.836,0,0,1,grocery,0,genuine
cfc6a38f-cb5e-4ce2-9557-db55556941e4,ACC58892FA4,1402.67,11.991,0,0,16,restaurant,1,huge_amount
df390f98-dab3-47b4-aeea-09a012ab2cab,ACC6781637F,174.43,0.95,0,0,21,fuel,0,genuine
ec4a74f2-51a9-4333-a123-0db9ec88cb4a,ACCAA010F0A,30.27,0.93,0,0,14,electronics,0,genuine
6b14cf61-7827-4e0f-8fa2-30b278b33a85,ACCBE9782ED,125.96,0.933,0,0,7,travel,0,genuine
57b4fa4b-f756-4072-b430-047d62d70c5d,ACC4C1060FF,127.97,0.688,0,0,17,grocery,0,genuine
7136479e-be64-4131-a169-02b29dddb746,ACC37920886,82.65,0.739,0,0,23,travel,0,genuine
618877ea-7cdd-4b93-a0ca-d92179e60592,ACCE6F8D6D0,101.86,0.512,0,0,16,restaurant,0,genuine
d645f65b-73a9-4cc2-b303-03bf72717c01,ACCDA024530,99.11,0.773,0,0,15,electronics,0,genuine
418d30bc-c632-423d-b3b8-b0ba91c7837b,ACC5E53E80D,108.08,1.208,0,0,12,grocery,0,genuine
240285f8-6f01-426f-96b1-a1b2f4a67d70,ACC94AF39FF,54.94,0.798,0,0,9,utilities,0,genuine
f6e43c12-3cb5-4dd8-b6dc-45bc10ca268e,ACC2CED7AA4,52.73,0.389,0,0,10,fuel,0,genuine
4b186255-a9d6-45d0-a244-124b96100da0,ACCB8B8E9BE,94.56,0.989,0,0,16,online_retail,0,genuine
17cdfa1b-e7f2-4b44-8b23-239833955aa3,ACC834F38DE,103.91,0.992,0,1,4,fuel,1,new_device
15bbce7c-398c-4ffe-90f7-a84b40e97ca2,ACC700C0204,69.91,0.506,0,0,22,fuel,0,genuine
a5315f3d-3865-4080-9a00-d7f6daa509e3,ACC8C663F70,117.48,0.68,0,0,11,utilities,0,genuine
d2af9673-4118-462d-8f83-87d0d675ccb4,ACCF4D51612,142.12,1.062,0,0,5,restaurant,0,genuine
75d89cd6-4e94-44d8-b86e-442b576b5e7a,ACCC7DF1C25,31.23,0.357,0,0,12,entertainment,0,genuine
f6fcbff0-4eae-4762-8b2f-3cd68afb16ca,ACC9CC4C0D9,81.45,1.168,0,0,7,fuel,0,genuine
349faccb-b626-4091-9f4c-0b72c3c1c508,ACCA9BDD42B,147.26,0.952,0,0,23,grocery,0,genuine
078b76d9-e63c-4d13-87a9-310e5470b1f0,ACC8CA0E9D4,68.89,0.72,0,0,23,utilities,0,genuine
372a82af-c042-4925-abae-d31b86d4e8be,ACC7C611899,810.19,4.634,0,0,0,entertainment,0,genuine
8d2809b6-9f21-4082-ae11-33a33fdaed70,ACC0FF13EC2,225.95,1.153,1,0,6,restaurant,0,genuine
f42e6e8d-9118-4428-8891-e3ede44aa138,ACCF524BA52,111.54,0.684,0,0,1,electronics,0,genuine
8ac49bee-269d-433d-bc6a-dc33c447c47f,ACC400342D2,38.73,0.677,0,0,4,grocery,0,genuine
9773fd68-63e6-4058-a79b-66b99ecfa7dc,ACCB70F3DBC,104.32,0.968,0,0,2,grocery,0,genuine
002a0512-0c54-40b9-8113-85134427494b,ACC81C97E10,15.07,0.743,0,0,16,grocery,0,genuine
af122793-110a-4464-8186-0588f4a275b2,ACC145D3692,172.31,1.311,0,0,17,online_retail,0,genuine
383ea332-777f-4327-8808-f47553302112,ACC5ECECCC8,4.95,0.292,0,0,17,grocery,0,genuine
87990502-f531-417f-a22d-3de42903b73c,ACC98A8E15C,134.12,1.114,0,0,1,grocery,0,genuine
a95422c3-49ec-4e54-8e28-5d5398306a28,ACCBB625750,160.96,1.125,0,0,12,restaurant,0,genuine
33ee8dfe-8a36-4302-b117-b0b9ad41dc1f,ACCC6121509,20.56,0.95,0,0,16,fuel,0,genuine
6fcee9ab-2b7f-4f00-b3c2-7e5ad6bc2733,ACCA12ADE0C,80.22,1.467,0,0,3,fuel,0,genuine
35a8ffd2-cfba-4e7d-9cf5-7fc42e362d04,ACCD70B7103,135.59,2.172,0,0,6,entertainment,0,genuine
ebd8f12c-dd0b-4912-ad77-d99929279154,ACCFF0D087A,139.59,0.756,0,0,10,online_retail,0,genuine
599c81dc-a827-4134-99a4-1af53905e616,ACCB743CAF9,147.17,0.87,0,0,3,travel,0,genuine
605c14c8-c709-43a2-8fac-5925261f789e,ACC400342D2,18.37,0.321,0,0,14,travel,0,genuine
f04ddc07-a268-4c50-8803-b1d37f9056c8,ACC2227A7D6,161.25,1.185,0,0,7,restaurant,0,genuine
64070606-2813-4ba9-8955-a5c59dd6d102,ACC1FD41087,265.57,1.724,0,0,14,travel,0,genuine
d381e7ce-d3b8-4ee9-8e1d-b88ea3621402,ACCBDD4EB53,198.2,9.046,0,0,23,online_retail,1,huge_amount
17035410-7ee9-4cf2-ba03-6567d72a0fb0,ACCBDD4EB53,12.97,0.592,0,0,2,entertainment,0,genuine
9cf4c59b-b8fa-431b-8207-66cfd90dd34d,ACCAF841035,146.49,0.827,0,0,8,electronics,0,genuine
52cf748d-d787-4f86-8b64-3ace4738039e,ACC4BCFE47D,36.16,0.836,0,0,8,fuel,1,stealthy
ba43e25d-a6fe-4318-a1d1-b02a0b1a3df7,ACCBB625750,188.91,1.32,0,0,10,grocery,0,genuine
b1c2f4d9-6b66-43e8-abf6-833b30826517,ACC792E1021,271.26,1.445,0,0,6,restaurant,0,genuine
24c864d5-d51a-477e-8a2f-4426a4d0cb78,ACC707FD242,95.59,0.992,0,0,3,grocery,0,genuine
aafc8325-91a5-49bb-8458-e5033d94b04b,ACC0A64ABBD,20.93,1.019,0,0,21,fuel,0,genuine
876916fc-59a6-4341-b516-f05496c628a5,ACCC7DF1C25,65.77,0.753,0,0,17,restaurant,0,genuine
5e9d66df-9bef-4768-909c-c11ba1ed5f75,ACCE2B777FC,282.24,1.564,0,0,15,restaurant,0,genuine
36de77ce-f7cd-408c-9599-c6f1b1da81cb,ACC075F7E93,52.59,0.48,0,0,9,grocery,0,genuine
a4ee1af7-d435-41cc-badf-ad18173ef6c9,ACC91469B41,11.09,0.564,1,0,0,utilities,1,foreign_location
6c908554-22ac-4ed3-8542-346201f7d21e,ACCD8D566E9,206.63,1.242,0,0,15,entertainment,0,genuine
00705e03-ff7c-4fbd-9474-8da199d5fc57,ACC6FF68307,122.22,1.076,0,0,12,fuel,0,genuine
83525103-fbea-406b-8504-891ae1c37826,ACCBE5476B7,27.99,0.722,0,0,9,utilities,0,genuine
02fab245-ad5e-4dc5-9064-1d373e2b2ccb,ACCC2B19390,58.45,0.368,0,0,12,fuel,0,genuine
e25cf01b-0cf4-487c-8ff8-2a9fd4fd583a,ACC145D3692,97.25,0.74,0,0,8,utilities,0,genuine
cfd398cf-d48e-4ea4-bd7a-c775e4e4da99,ACC075F7E93,41.85,0.382,0,0,21,travel,0,genuine
4165c729-7dc6-4f7b-9bcb-de41d9b3a8cc,ACCD06EC9E8,15.09,0.458,0,0,7,restaurant,0,genuine
3fae80c5-3778-42f2-8a36-856e99933639,ACCFF0D087A,198.47,1.075,0,0,22,travel,0,genuine
16750bb3-4604-441e-89c2-69022a1428c0,ACCFD91D323,108.95,1.166,0,0,13,entertainment,0,genuine
63dafe23-2a7d-45d6-8e49-73106b6b56a6,ACC4C1060FF,177.02,0.951,0,0,11,travel,0,genuine
0ea20fab-ecd9-468d-a9fd-1e8921e9803c,ACC3A936184,140.26,0.935,0,0,13,online_retail,0,genuine
04bec142-85a1-4e63-a5c3-40e77ed8c933,ACC47C1AE01,66.6,0.611,0,1,5,online_retail,0,genuine
330c52ad-3c5a-4dfc-a22f-75d43ef293c2,ACCFABA81CE,105.03,0.533,0,0,22,travel,0,genuine
01040e48-22eb-4d03-ae43-1cf84c0da5a5,ACCF6D9DFAD,95.23,1.483,0,0,11,restaurant,0,genuine
5ce903a8-2a82-4152-9ed5-89c3488f4d5e,ACCEE57A8CC,444.97,3.292,0,0,22,utilities,0,genuine
3e2779c0-f671-4aeb-a3ca-118e89339404,ACC6E29EDDC,100.68,0.84,0,0,9,travel,0,genuine
0ce0a820-01e2-4152-8548-5f01c088830d,ACCC7DF1C25,110.76,1.267,0,0,12,fuel,0,genuine
f53a6e39-0501-4806-b1d1-689f0f237932,ACC37920886,68.18,0.61,0,0,21,electronics,0,genuine
bdd50aed-a0be-4911-8cac-d2935778bdcb,ACC2E4F73FD,55.9,1.04,0,0,12,restaurant,0,genuine
446813f5-164f-4936-b787-49872ee10ad5,ACC145D3692,174.47,1.327,0,0,5,electronics,0,genuine
750f32e8-6a2c-4585-9be6-1eb81ede2772,ACCEECD14C8,16.84,0.39,1,0,12,entertainment,0,genuine
b1a5f891-c992-4d5c-999e-1957860e6eda,ACCE5F859C3,50.84,0.997,0,1,6,online_retail,0,genuine
d040b733-d440-486b-b8e1-57b75dc9213a,ACC95087523,100.34,0.963,0,0,16,online_retail,1,stealthy
d7e51ef5-db3d-4039-95f4-d5fa19dac111,ACC001030F5,200.36,1.074,0,1,2,utilities,1,new_device
6595ecf2-ea71-4a50-bf4e-96b7e93cbdff,ACC5B205BFD,76.31,1.424,0,0,2,online_retail,0,genuine
9938ab71-4e2b-40ac-8918-064b8f81937a,ACC468A30E3,49.86,0.46,0,0,16,travel,0,genuine
f3c7b87e-d836-4e4e-9d45-b5f00e4c2ac8,ACCC742C7D6,124.22,1.747,0,0,8,entertainment,0,genuine
361e2ec9-d574-4914-a4f4-1405181be96d,ACC2AFF62BB,154.79,1.021,0,0,9,entertainment,0,genuine
79a9d6c2-2ded-4fba-abf6-01cc14688bce,ACC317B2615,174.13,0.965,0,0,2,entertainment,0,genuine
f08d73c3-1890-4529-9efd-074b916f87e9,ACCBDEED3A1,12.89,0.828,0,0,20,utilities,0,genuine
ea9591df-c01d-483c-b97f-c9af3ae38f44,ACC7131637D,87.57,0.732,0,0,9,grocery,0,genuine
37e15f2b-cfea-4d20-9d22-cdc1b78a764c,ACC080F4BCF,520.44,4.924,0,0,2,restaurant,0,genuine
6a321a22-7639-43a3-8867-f8086e9212f7,ACC98A8E15C,211.41,1.756,0,0,16,grocery,0,genuine
2837ac3b-4566-4af1-bf95-ab9a0793f8c6,ACCD9089858,41.9,0.947,0,0,22,entertainment,0,genuine
ea4296c0-e9f0-42b7-8e15-aad6988b3322,ACC43CFC7DA,139.16,0.981,1,0,11,restaurant,0,genuine
57feb52e-68c2-4d9a-b8c5-6dddd5118fdb,ACC209F2457,83.04,0.444,0,0,4,grocery,0,genuine
084b6c83-830d-4254-8ea7-62c70630dade,ACCEE4C8042,73.25,0.863,0,0,22,electronics,0,genuine
0971ab77-785c-471f-ae23-bdeba576408e,ACC5F0A2EFB,203.77,7.107,0,0,17,utilities,1,huge_amount
aff36ec0-ec97-4292-99d3-fe8cf46e8838,ACC874BD617,585.79,4.325,0,0,13,utilities,1,huge_amount
91f9468f-db85-42e3-aff3-618f4eee9b65,ACC5A2D2562,37.45,1.267,0,0,9,entertainment,0,genuine
044ec549-ee6b-412c-946a-2fbe8e2713fa,ACCCB40A1BB,40.34,1.341,0,0,4,online_retail,0,genuine
8aa07e21-a966-4ee7-a582-e4065c26f4ad,ACC8348C5C8,36.39,1.162,0,0,5,travel,1,stealthy
8b757865-572c-4102-b99e-c3897de6498f,ACC9C6A7618,245.71,1.631,1,0,20,online_retail,1,foreign_location
b769069d-c31c-4b0f-ad78-b477f4e2af25,ACC75F5AFB9,70.67,1.62,0,0,19,grocery,0,genuine
d1b74749-6338-4335-8a56-661060e4bf68,ACCE5F859C3,93.76,1.838,0,0,21,grocery,0,genuine
6ec7004e-8ce0-4ad1-b6d9-61fd1172160e,ACC1FD41087,386.71,2.51,0,0,14,fuel,0,genuine
1f50b500-b7b5-4e7f-afee-7519ec4799af,ACC47C1AE01,101.14,0.928,0,0,6,entertainment,0,genuine
5666b9fe-7bae-4bf5-8eb7-99c83157fb80,ACC59EA8486,264.98,1.696,0,0,2,restaurant,0,genuine
69e8a873-8e6d-434f-9e0c-8eb090dd23a6,ACC834F38DE,123.44,1.178,0,0,16,online_retail,0,genuine
f6261565-d27f-41e5-9553-fc5313ee022a,ACC146CFDB2,173.92,1.205,0,0,14,restaurant,0,genuine
67d5b3e3-5504-4f5b-bf6a-e4489642a702,ACCE4ED68FE,164.94,0.892,0,0,2,utilities,0,genuine
78332e89-9261-4d03-bfb2-381bd16b818d,ACC71F2BF15,168.15,1.789,0,0,9,travel,0,genuine
73b270ff-bdf8-48b2-8952-9e869c634498,ACC98A8E15C,185.06,1.537,0,0,18,online_retail,0,genuine
94d3e2bf-0065-40ab-8d65-eed36dacb70d,ACCB58647E8,100.57,1.148,0,0,20,entertainment,0,genuine
dc5dc018-7f81-477b-978d-d904c977a301,ACCF3D6177F,23.33,1.32,0,0,20,travel,0,genuine
976a6e48-737d-4738-83bb-6885269befeb,ACCFF0D087A,225.1,1.22,1,0,19,online_retail,0,genuine
0b5133f7-6547-4f69-ad50-8258da646f69,ACCE5159C95,155.9,1.237,0,0,2,entertainment,0,genuine
a8c74dfe-0f0c-471c-8c02-f7a2e264aea9,ACCB8201BFE,128.09,1.224,0,0,0,grocery,0,genuine
013554df-1941-4695-a616-d97963bbbfb7,ACC22163AB8,133.45,1.552,0,1,15,restaurant,0,genuine
f72524ee-222d-4b82-babd-b9ce6631e334,ACCDF6D88DC,11.91,0.53,0,0,1,restaurant,0,genuine
b15fc38d-73e6-433b-8e80-a1915841bc9c,ACC0AAC82C2,117.02,1.213,0,0,11,restaurant,0,genuine
b8780339-e79a-43a5-98c2-3c4db5b0f00d,ACC91469B41,15.95,0.81,0,0,22,grocery,0,genuine
444a924e-043c-4d3f-9dc8-1d27b2bd9f0a,ACC7F584589,45.4,0.61,0,0,14,online_retail,0,genuine
77bc27c9-04ed-4ab1-9700-8e8d096a2fc0,ACCABC666C2,187.29,1.061,0,0,19,online_retail,0,genuine
027afe09-1d4b-4db3-bcd1-4dce7a3eca9d,ACC485CBED1,157.75,1.147,1,0,17,travel,1,foreign_location
0b46b940-8a6f-4c1c-9062-812de00cc97b,ACC33790CF6,148.86,0.943,1,0,21,grocery,0,genuine
51494311-51a8-4631-a849-4c84ca376ce4,ACC9CC4C0D9,46.05,0.66,0,0,11,entertainment,0,genuine
f764e92e-eb42-40ea-ab01-9e00344cd21a,ACC2E4F73FD,88.81,1.652,0,0,14,utilities,1,stealthy
9ba8a05c-92b8-42fe-a8a1-b69cf63d1924,ACC73A1A864,82.07,0.995,0,0,4,grocery,0,genuine
2c9d605b-345a-463b-924e-7aaef604264f,ACC724DAE51,60.22,1.784,0,0,0,entertainment,0,genuine
e4eb385a-1805-45be-afa4-55e8cbb9625f,ACC94AFF365,20.42,1.308,0,0,22,restaurant,1,stealthy
b5f72ac7-0552-4192-a253-06a3a217ebba,ACCF4D51612,126.87,0.948,1,1,14,online_retail,0,genuine
390a9fc5-2d45-4a00-848e-1b0dc121b8b9,ACC1F549C06,91.68,0.583,0,0,9,entertainment,0,genuine
be773328-530e-4cdd-a28b-eb8600c0b45d,ACC2CED7AA4,140.74,1.037,0,0,12,entertainment,0,genuine
8a3d3aa7-4ccf-41a6-8476-2520c75e3639,ACCB70F3DBC,116.25,1.078,0,0,18,utilities,0,genuine
26a39548-cb0c-464e-bff4-6bef8075cee9,ACCB70F3DBC,136.23,1.264,0,0,11,utilities,0,genuine
b19e70f7-9b95-4ffe-8d12-824c096bbbda,ACC132E6B03,100.75,1.255,1,0,10,restaurant,1,foreign_location
ac052303-c00b-4963-9fd2-4c590f896e3b,ACC9CC4C0D9,43.85,0.629,0,0,20,travel,0,genuine
a5147b17-7dbf-4f89-99dc-c8bc6fe9a19a,ACC5E8DD908,124.68,0.746,0,1,12,entertainment,1,new_device
e041040b-e712-44a8-b77a-9d334e47c411,ACC431B338F,61.28,0.755,0,0,4,fuel,0,genuine
4e099d17-eaaa-41ed-96d1-84a2f886c759,ACC3CC490D1,80.23,1.161,0,0,22,fuel,0,genuine
500688a9-7a23-40b6-bb19-8f2951a651fa,ACCFEB58DF9,91.03,0.693,0,0,7,fuel,0,genuine
1a218ea1-22ca-4637-a850-5b74a562edfb,ACC30BAEE93,34.17,0.617,0,0,13,online_retail,0,genuine
80ca7db1-df83-487f-a61c-00faf777d100,ACCAA36AA07,108.34,2.142,0,0,1,electronics,0,genuine
b51d943c-be21-4294-9571-6d421e277026,ACC0F82A889,169.47,1.151,0,1,23,online_retail,0,genuine
1ac97c1d-94eb-45ad-832e-739fabbaad1e,ACC3BE27A0C,91.94,1.41,0,0,10,online_retail,0,genuine
ebdd943e-103e-4e98-92db-56b8f085ef40,ACC360FB49F,161.44,4.274,0,0,16,fuel,0,genuine
0cbd5561-f828-491a-a557-c2b9be722520,ACCC7CCB237,354.87,2.88,0,1,3,travel,0,genuine
c85adb49-523f-43a2-a6bb-71f5cb34efd9,ACC1E39053B,109.59,1.108,0,0,1,fuel,0,genuine
fe0d28ae-e1d2-4604-962c-4c1f2e7534c6,ACC0A64ABBD,15.35,0.748,0,0,17,online_retail,0,genuine
405d33fd-0bc4-49a3-a2d0-716374df3733,ACC132E6B03,90.44,1.127,0,1,12,electronics,0,genuine
8e9976ec-dc1c-4423-a83d-48dd824c43c8,ACC55E9D122,32.31,0.397,0,0,17,online_retail,0,genuine
0a8bb28d-780f-4f40-a66b-2e058d4465fc,ACCEB67227A,243.42,1.331,0,0,19,grocery,0,genuine
f04fa6d2-e4b3-44ee-94ac-3e5e53356038,ACC9CC4C0D9,78.03,1.119,0,0,12,electronics,0,genuine
41c6c779-a514-4c81-8331-cb868b8e166c,ACC95087523,148.53,1.425,0,0,6,fuel,0,genuine
f80672db-895b-4847-aebd-5394c16e9682,ACC936198A9,54.69,0.71,0,0,16,fuel,0,genuine
3087a93c-3ab0-4795-acb2-681bcc40eaa3,ACC257866E9,154.92,0.955,0,0,2,restaurant,0,genuine
87113ec8-9a18-4054-b736-741bbf2681d5,ACC3A1439DA,155.1,0.956,0,0,3,online_retail,0,genuine
111cb0d3-6dc4-487f-9ee7-38af462b9af9,ACCCF5314D2,158.85,0.956,0,0,1,travel,0,genuine
b899b0c0-0d03-4983-ac43-71752b0e2e36,ACC44DDB1DF,133.6,1.687,0,0,3,utilities,0,genuine
c3099313-5673-4f5d-a2b3-fa1a5f0b6e29,ACCAA36AA07,77.11,1.524,0,0,12,electronics,1,stealthy
c42fbac1-d44e-4151-9cd2-d2841b2b15e1,ACC6E29EDDC,134.2,1.12,0,0,14,online_retail,0,genuine
f6b357e1-cd49-408e-b5a7-018b6ace52a9,ACCAD413A31,52.82,0.309,0,0,9,restaurant,0,genuine
913bfea8-5da0-4a11-956a-c46d575a67ae,ACC295CE380,1985.43,10.098,0,0,11,grocery,1,huge_amount
cbf994d2-2ecb-4bdb-abc2-696427c7ec1f,ACCCC6CC85C,230.04,1.311,0,0,3,restaurant,0,genuine
23361e27-2f68-4f80-98fe-7b7febcc2f84,ACC44476C30,201.95,1.463,0,0,22,utilities,1,stealthy
1c9f9ff0-cd69-4065-bbf9-81d7f4a7c565,ACC400342D2,64.5,1.127,0,0,4,online_retail,0,genuine
7e9673da-5d87-4437-8712-632b7d66b79f,ACC2227A7D6,172.63,1.269,0,0,7,utilities,0,genuine
6630616a-8a0c-450a-9ae2-8f8dba8800ac,ACC0E90F901,200.19,1.143,0,0,5,restaurant,0,genuine
e06546b4-11fb-4540-830e-297dbf1553ca,ACCB70F3DBC,110.2,1.022,0,0,8,travel,0,genuine
a62d04df-f20f-43bd-8d0a-f5697a1dd5a9,ACC94AFF365,33.12,2.122,0,0,7,entertainment,0,genuine
43134a43-b84f-4a0c-95ef-50bbeec93c38,ACCF8C437FB,26.67,0.563,0,0,0,restaurant,0,genuine
9faafe6b-521e-42e5-a0e6-20c15c80a731,ACC065617EF,300.91,1.571,0,0,21,fuel,0,genuine
e9bc7211-db4e-4f1a-9bb7-9e46e3ff29e3,ACCEE57A8CC,93.95,0.695,1,0,16,grocery,0,genuine
84ffd48c-9ee2-40f4-be7a-eddfb48e4775,ACC1F9C12DE,42.69,0.314,1,0,19,entertainment,0,genuine
d6d35cfa-c5c2-4c9c-ab8f-fc22c61fbdd0,ACC94AFF365,121.98,7.814,0,0,11,electronics,1,huge_amount
c0889053-6269-4bf3-a7b1-559f270c0a49,ACCBB625750,160.79,1.124,0,0,21,grocery,0,genuine
28cac474-a9b4-4a1b-ad13-86ab626ffe35,ACCB58647E8,77.95,0.89,0,0,14,restaurant,1,stealthy
27ec77b6-21e0-4d6d-8a39-0e1f864c8b33,ACC7661F9A1,20.19,0.349,0,0,7,online_retail,0,genuine
05389c1c-1fd2-4685-9247-68cfa47ef34a,ACC4D610E4D,32.22,1.158,0,0,19,entertainment,0,genuine
4f41b213-2a4a-42aa-bbcb-97bc16864709,ACCF8C437FB,34.8,0.735,0,0,0,fuel,1,stealthy
66325cbb-9d57-4734-a7b5-ca1282078995,ACC4FDDC2F7,96.04,0.627,0,0,5,utilities,0,genuine
5454a7e8-4bef-4993-ab96-b05eaf07bfe7,ACC69F86FC2,162.79,0.878,0,1,7,electronics,0,genuine
439dac62-62e9-4c3e-94da-5da74cc32f3b,ACC866E61C1,32.48,0.59,0,0,17,entertainment,0,genuine
7b35dd8f-b056-4549-927f-728eb59a83e2,ACCC7CCB237,116.61,0.946,1,0,9,utilities,1,foreign_location
aa563f1b-4c86-4ff9-bd05-298aa2ab5974,ACC257866E9,182.08,1.123,0,1,5,utilities,1,new_device
619b52a9-426b-4d72-92c4-209da06ce6ba,ACCD581D6E4,81.06,1.141,0,0,0,online_retail,0,genuine
557df31b-aee1-49e8-8c02-1e44c612c06f,ACC132E6B03,1,0.012,0,0,0,electronics,0,genuine
ab1de12b-9a48-4c25-af56-2ec57ed43872,ACC400342D2,58.6,1.024,0,0,7,fuel,0,genuine
f1c092a2-6a5f-428e-a508-5618a5f19b95,ACC8B3F5DD0,105.22,1.215,1,0,13,grocery,0,genuine
fadfa5bc-9d7a-4b32-b7ed-0bba8393412b,ACC0E90F901,212.62,1.214,0,0,12,travel,0,genuine
40b16c08-abcc-4d9c-a5d1-35e1caf55fe4,ACC863BB6E8,24.43,0.854,0,0,3,entertainment,0,genuine
b0afcd30-d052-47b2-8417-5104c3db874d,ACCB582C3E4,76.49,1.113,1,0,5,utilities,1,foreign_location
4b481225-3ca3-4d07-abc0-1f56eb87dd26,ACCCFE42BC9,585.77,3.896,0,0,11,restaurant,0,genuine
e24bed74-c6ff-4a36-ae8f-36d35ad2b2b8,ACC3A1439DA,84.72,0.522,0,0,19,entertainment,0,genuine
1b0dc55c-0d2f-46e4-bf66-d8b455e7971d,ACC48A4DD1A,29.07,0.95,0,0,8,fuel,0,genuine
ddfd5e33-fda1-4bbf-91e3-4f1f1169fb8c,ACC5E53E80D,93.43,1.044,1,0,11,restaurant,0,genuine
2a2848ae-86e1-4912-ae6e-107547e0aebc,ACC863BB6E8,13.86,0.485,0,0,3,restaurant,0,genuine
375476c2-2176-462f-a21b-d5c2df9bcda6,ACC215BCCB8,15.68,0.363,1,0,3,online_retail,0,genuine
28b1a790-a896-46a4-ba00-1935b8e6d22a,ACC5ECECCC8,55.6,3.278,0,0,21,online_retail,0,genuine
2707f67f-acae-4b50-8515-2f538062e31c,ACC8AB20DFB,23.33,1.039,0,0,19,travel,0,genuine
5876e6fb-42b5-4880-a328-09d36bdea0f5,ACC67FED836,187.93,4.931,0,0,12,online_retail,0,genuine
14ff1b07-6173-48df-9101-df86382b4df9,ACC94AFF365,14.5,0.929,0,0,18,utilities,0,genuine
4a4e42d2-8311-4bef-b122-88ac7f313b99,ACC5A5853FB,218.38,1.127,0,1,1,travel,0,genuine
1df2dd75-d55e-4d54-8798-ec9112d9c916,ACC48A4DD1A,21.24,0.694,0,0,8,fuel,0,genuine
26e2e0f4-0d21-44d2-9961-0b7028166870,ACC75F5AFB9,70.56,1.617,0,0,8,grocery,0,genuine
d4e8b320-05d2-43a8-9222-d599a4a48fd9,ACCB8B8E9BE,112.61,1.178,0,0,21,restaurant,0,genuine
24903517-5114-415e-9837-ae67da411a35,ACC4328EBBB,217.74,1.15,0,0,5,entertainment,0,genuine
82c7fb40-5e23-4ba5-a45e-5c320ba7dbce,ACC49711EE2,126.78,0.692,0,0,0,entertainment,0,genuine
9a3dd1d5-861c-4618-8a9c-e8e8166c39b2,ACC4BCFE47D,60.36,1.395,0,0,20,utilities,0,genuine
278bc9fc-1deb-457f-8067-7895699a8e9f,ACC55972CEC,202.04,1.292,0,0,7,travel,0,genuine
dd4f42bd-2c90-45c5-92d2-cce665c98db9,ACC065617EF,180.48,0.942,0,0,17,online_retail,0,genuine
2904863f-4e54-4d8c-abd9-4ba6f13f4c4f,ACC49371FEA,108.01,0.965,0,0,3,online_retail,0,genuine
6fbe3808-7db1-4446-a589-7afcdd2e20de,ACCE5159C95,61.63,0.489,1,0,4,fuel,0,genuine
5a7b0ab2-39d8-487b-92c9-efdd8ac40127,ACC8CF8E85D,76.61,0.804,0,0,22,fuel,0,genuine
65008b43-6d27-47af-a47c-60c9a93510fe,ACCFEB51908,71.66,0.436,0,1,19,online_retail,0,genuine
52d3f372-c158-4fba-81e9-f0a45cc523e5,ACC5E35C0A6,61.19,0.437,1,0,13,online_retail,0,genuine
9f0ecb59-2c9e-4dcf-a079-a607ca1c3f4d,ACC17C90D98,250.75,1.348,0,0,19,travel,0,genuine
75c514d8-fc22-4ba4-a9eb-11bae30bb18a,ACC57F1AD9A,204.26,1.116,0,1,1,fuel,0,genuine
7e0e1099-28f4-4892-b1a9-6dae81c6b838,ACC91469B41,21.84,1.11,0,0,8,online_retail,0,genuine
e8379ce6-a5fe-4797-8072-0830d06913b1,ACC44706969,71.77,0.887,0,1,7,restaurant,0,genuine
315a5393-ab0d-4fbb-91cb-0cbed6f57347,ACCDF6D88DC,23.82,1.061,0,0,11,entertainment,0,genuine
4c7a2440-c224-43ca-98f1-1a5982b92e95,ACC56C616C1,93.8,0.926,0,0,2,online_retail,0,genuine
6c000dab-606d-43de-b8e9-1d337a27c806,ACC3CC490D1,14.12,0.204,0,0,5,online_retail,0,genuine
8e0e8295-14fa-4125-a3a1-b9b928668d41,ACCB7FD1801,107.03,0.917,0,0,2,utilities,0,genuine
aac62f80-7e33-4405-98d2-32bd0ba1da49,ACCA3383ABE,159.32,0.813,0,0,22,entertainment,0,genuine
2c257d67-ef03-4186-9e01-6b9c6784ef6d,ACC9C33D69A,35.83,0.754,0,0,12,travel,0,genuine
9626f1c2-29ac-477f-9c87-cd7fe4c49170,ACC47DBDD62,68.3,0.668,0,0,0,grocery,0,genuine
6bb1c30b-3a51-464e-bae7-84c41f3291b1,ACCE7567526,237.96,1.387,1,0,8,travel,1,foreign_location
912d7f1c-4ca6-427e-b53f-7dab067e47f8,ACC75F5AFB9,57.21,1.311,0,0,6,restaurant,0,genuine
456104cf-ce98-454e-ab75-1b9d6272c43d,ACC604B3540,150.61,0.951,0,0,16,fuel,0,genuine
ad50bd52-9005-494f-9ec0-564b70feb6b3,ACC98A8E15C,229.23,1.904,0,0,15,utilities,0,genuine
f27d035f-1296-4096-8c63-54c7cd4f8ae5,ACCEAF23921,85.25,1.07,0,0,12,fuel,0,genuine
c8bba126-e490-423a-b38e-8c0cc70f0606,ACC5A2D2562,17.97,0.608,1,0,1,entertainment,0,genuine
5951dad7-09e6-44eb-b6bb-2d869c789619,ACCB17AC2ED,29.6,0.931,0,0,22,electronics,0,genuine
191e23cc-4f35-4839-bc9b-b9afa861101a,ACCFD91D323,123.19,1.318,0,0,12,grocery,0,genuine
21c9bda1-8dcf-49fe-9f53-adfe24dcb405,ACC863BB6E8,32.3,1.129,0,0,15,online_retail,0,genuine
d9b86751-ea12-4563-ab98-e1c0bdb0adf1,ACCC2C6420D,135.37,0.935,0,0,8,electronics,0,genuine
e2f64c3a-0834-4c3a-86ec-2f60a2d6728b,ACC2467C52B,29.92,0.629,0,0,18,electronics,0,genuine
ba1f62fa-cbdf-48e0-b58d-9335b7f83836,ACCF8A2CF4C,148.14,1.451,0,0,13,utilities,0,genuine
f0b13192-db55-41f1-8088-b6c24e29f3b8,ACC30BAEE93,12.97,0.234,0,0,20,utilities,0,genuine
1acd2871-9b31-4838-952c-12aa2f9f45f2,ACCF3D6177F,21.96,1.243,0,1,3,online_retail,0,genuine
9e7ed096-f4d4-4101-8f8a-9e819e2ed0e0,ACC2467C52B,46.24,0.972,0,0,4,fuel,0,genuine
664e3aea-0d96-45cb-8005-6319ffb756c1,ACC8F3BC4D8,58.36,0.927,0,0,3,restaurant,0,genuine
643d510a-c280-41ac-aeb9-29928be4f39d,ACC159AEF91,79.24,0.461,0,0,15,travel,0,genuine
5a9aac55-31d8-4c9c-9201-e3f64f63775a,ACC43CFC7DA,125.75,0.887,0,1,20,electronics,0,genuine
b62d20e6-ce4a-4ab9-9cbf-82f98adf2552,ACC7F584589,369.41,4.965,0,0,6,travel,1,huge_amount
6de06aa9-f886-4c06-9382-d1ca1f227098,ACCFD91D323,71.24,0.762,0,0,3,travel,0,genuine
a82e8a28-16b0-4da0-946b-8f23e4d52e6e,ACC42229380,884.62,9.159,0,0,17,fuel,1,huge_amount
0f6d63ea-3576-4b97-b56d-d5414ea5bf0f,ACC295CE380,266.19,1.354,0,0,21,travel,0,genuine
25331558-9405-4f65-9a7d-2798a1668b96,ACCE3BC14DF,182.07,1.125,0,0,23,grocery,0,genuine
a3525c63-a2c9-4543-aed5-210a4fef6824,ACCE3367E61,163.05,0.997,0,0,7,restaurant,0,genuine
cd61c987-d57b-4d42-b6a1-731d7a374e96,ACC9C6A7618,59.59,0.396,0,0,11,utilities,0,genuine
7c0f1578-126b-4f2c-a968-375107044ffe,ACCF0ED3147,22.45,0.54,0,0,6,grocery,0,genuine
20d84655-aad6-4206-81f9-b723066076c7,ACC94AF39FF,73.46,1.067,0,0,22,travel,0,genuine
8c86619f-7c9d-419f-93c4-7ed342e4831a,ACC2BCDCDD4,52.83,1.086,0,1,9,restaurant,1,new_device
da3ffc94-b23c-4124-a8cf-82ae6dd5f45b,ACC4B9B991E,169.03,1.129,0,0,2,restaurant,0,genuine
468ac273-1240-4756-81ba-56d0f4935336,ACC1804DFBF,287.57,1.483,0,0,0,grocery,0,genuine
8313befc-56d5-461f-9c55-645049d3b5d7,ACC47C1AE01,140.55,1.29,0,0,15,utilities,0,genuine
0e9209fb-aa35-4492-8392-c730c05852ce,ACCCDE6737B,140.41,1.228,0,0,3,utilities,0,genuine
300f19f2-aeb7-4b5c-8a60-32591d3780bc,ACCEAF23921,34.97,0.439,1,0,0,restaurant,0,genuine
fcfe8439-1d2b-468f-8307-29d833ceb969,ACC59EA8486,84.5,0.541,0,0,9,entertainment,0,genuine
ae7a0b85-d0f6-489c-830c-d1d2abdb8852,ACCA8070C69,162.17,1.041,0,0,14,utilities,0,genuine
100891eb-07d0-4a57-9a34-b744f7fa8dac,ACCF4D51612,59.5,0.445,0,0,12,travel,0,genuine
9630c6c0-78c7-4c0e-974b-f7821ab09232,ACC8883AEB4,80.2,1.494,0,0,20,fuel,0,genuine
e084bf46-ac83-4a65-a244-1b07324d84cd,ACC5E35C0A6,215.79,1.54,0,0,2,utilities,0,genuine
648b62dd-53cd-41b3-8c4f-cfe0475ccfa8,ACC6993E5A7,91.74,0.92,0,0,7,grocery,0,genuine
6bbb6de0-a0d4-4834-b1da-19737bda26d5,ACC5ECECCC8,21.1,1.244,0,0,1,fuel,0,genuine
8b70d090-e463-4974-8945-5f797814b3f8,ACC7D7424A6,68.23,1.153,0,0,21,online_retail,0,genuine
7cd31e23-6cb6-4804-979f-1bb9a0dc3fa8,ACCF4D51612,171.19,1.279,0,0,9,fuel,0,genuine
6d94858a-cc09-4f6a-a8e9-34c45a286765,ACCF0ED3147,42.06,1.012,1,0,12,online_retail,0,genuine
c5ca0101-0eb0-4cbc-a291-957a072c4a5d,ACC48A4DD1A,8.53,0.279,0,0,13,fuel,0,genuine
c8048cff-992f-4299-81d0-9dc9fe96ebda,ACC8D51567D,58.9,0.691,0,0,13,electronics,0,genuine
618c7ac9-7fce-4be5-9156-dd8240ee89be,ACC5F0A2EFB,28.03,0.978,0,0,16,utilities,0,genuine
be8ad7a3-6221-4f00-8517-a882b6ccde48,ACCD9089858,79.25,1.791,0,1,0,restaurant,0,genuine
3b34ddab-35f7-4e96-926d-15e6be279614,ACC8348C5C8,26.39,0.842,0,0,7,grocery,0,genuine
fbe6f21d-6266-48ef-a819-0329e9e3de00,ACC8883AEB4,27.79,0.518,0,0,2,entertainment,0,genuine
953bd4a3-944e-423b-a586-c8322a18d061,ACC2C848FF5,123.09,1.063,0,0,9,electronics,0,genuine
860b5de8-b335-4dad-8670-9621ecf2b04d,ACC0F82A889,162.3,1.103,1,0,3,entertainment,0,genuine
6d4547e8-36f0-4434-9690-fc8690237f4d,ACC431B338F,110.0,1.355,0,0,18,restaurant,0,genuine
8dc70310-d442-4913-b264-3ac2ef80eb43,ACC001030F5,136.86,0.734,0,0,4,utilities,0,genuine
07284c05-74f9-49d5-aac3-ef9b49a58512,ACC4FDDC2F7,111.91,0.73,0,0,0,entertainment,0,genuine
d252962b-3016-4b71-a413-39f16d8e04e9,ACCA1BB6B6C,138.15,1.035,0,0,16,restaurant,0,genuine
37e5ce6c-69a0-4a79-982e-832b3fa7c500,ACC5952E61B,206.85,1.138,0,0,0,restaurant,0,genuine
2e591a0b-24e0-461c-8827-7bfa65e7a70e,ACC700C0204,99.03,0.717,0,1,18,online_retail,1,new_device
22fa1924-14b0-4feb-9532-9da5038411a0,ACC145D3692,126.07,0.959,0,0,4,online_retail,0,genuine
de98d5a3-1573-447a-8236-c3646887a8fb,ACC18319CF0,61.78,1.033,0,0,16,electronics,0,genuine
03b5cfde-9b3b-4218-88bb-2199c93ee437,ACC028C6BF2,109.2,0.995,0,0,23,grocery,0,genuine
ef7ea6fb-c9a8-460f-a59f-d2c53dd87afa,ACCB58647E8,593.31,6.774,0,0,0,travel,1,huge_amount
a06e0eeb-80ab-4faf-9e76-8a4c65c94619,ACC0859F122,692.85,4.882,0,0,5,entertainment,0,genuine
de29b024-9bbe-442e-9a47-4ca3d83806a8,ACC56C616C1,96.2,0.95,0,0,4,travel,0,genuine
fcd49247-ea22-4ad8-90b3-17d4b1e64cfb,ACC5E35C0A6,151.52,1.081,0,1,23,electronics,0,genuine
17cd8748-a1a8-4e8b-a04c-401e345b6a32,ACCC742C7D6,75.6,1.063,1,0,9,travel,1,foreign_location
bd776f05-9d9f-474c-a499-5d6ee3a252e1,ACCF4D51612,126.64,0.946,0,0,16,restaurant,0,genuine
53421dd9-a432-4215-9580-9fe190a338e4,ACC4149DCC6,43.2,0.988,0,0,13,online_retail,0,genuine
dad0598a-5dcb-4037-8075-4ad2c317ac37,ACC6FF68307,148.04,1.303,0,0,1,restaurant,0,genuine
0952aea7-1a7b-41a0-94a1-c3f6d2cfdf20,ACC468A30E3,108.45,1.001,0,0,14,electronics,0,genuine
0e33dc1c-2532-4475-9fbf-6cf9ee65f371,ACC5F0A2EFB,10.5,0.366,0,0,4,utilities,0,genuine
0799e185-35b1-4a56-9839-d34976a8a40b,ACC7A03D049,27.42,0.552,0,0,6,online_retail,0,genuine
4e2d8f91-c0e7-45dd-aad6-72ff47f2a4ed,ACC120D4C78,43.74,0.406,0,1,14,fuel,0,genuine
73d011d9-ae75-4b6e-ac89-0509a09c934a,ACC49711EE2,279.52,1.526,0,0,9,online_retail,0,genuine
d1a4174c-3261-42da-858a-7c4e2a711d5f,ACCE6F7E64B,83.75,0.442,0,0,8,electronics,0,genuine
97fb83ec-d760-4ed7-bcd1-44e68a1d36dd,ACC58892FA4,136.58,1.168,0,0,2,fuel,0,genuine
c92af502-16d2-4279-b2eb-f8b722e527d2,ACCE6F7E64B,129.46,0.684,0,0,2,travel,0,genuine
7711f253-e2ab-4abc-866f-2ae3c5daf7c2,ACC44706969,79.84,0.987,0,0,6,travel,0,genuine
f6e73535-3e0b-4468-bbd5-dbb889848ea2,ACC834F38DE,82.66,0.789,0,0,2,online_retail,0,genuine
1c8f11aa-ad21-4871-ae3d-7489eb37666a,ACCB7FD1801,53.06,0.454,0,0,17,utilities,0,genuine
b6fd8e0c-1df0-4fce-8fbf-f78a950ee9df,ACC49371FEA,98.18,0.877,0,0,10,online_retail,0,genuine
c6bf9cbc-801b-4479-9e20-d2e76ed8e81f,ACC0A64ABBD,25.1,1.223,0,0,22,electronics,0,genuine
8394fd04-55f5-4ec4-af60-89a038e8dece,ACC15045FED,140.24,0.706,0,0,9,fuel,0,genuine
713c3f9c-c643-4868-813c-b03d143fd6c0,ACC55972CEC,101.03,0.646,0,0,22,electronics,0,genuine
ea436149-f29a-4738-8cbf-d9cb26a11281,ACC30D0A6A0,197.41,1.231,0,0,10,entertainment,0,genuine
aca49b01-ffd6-4327-a6ca-102cae52d7cb,ACCD8D566E9,106.2,0.639,0,0,21,grocery,0,genuine
2750aa0a-fc23-416e-b5ee-4a5d458fdfc1,ACCA12ADE0C,55.46,1.014,0,0,14,grocery,0,genuine
921d8dfa-4728-4624-be37-fd6bb8a6e4e2,ACC215BCCB8,48.0,1.111,0,0,2,fuel,0,genuine
19170c95-b09c-45d4-93c2-df1c43b528f5,ACC482E81A5,32.7,1.342,0,0,2,travel,0,genuine
875b746e-6f8e-4756-854e-f3930f8dd920,ACC80414307,122.07,1.195,0,0,22,travel,0,genuine
1f364f64-6e5e-48f5-b51c-f46b0e3d0d03,ACCEE57A8CC,28.96,0.214,0,1,23,grocery,1,new_device
206765e1-5be6-4077-bc48-4de3f56c1275,ACC51CC8D6D,58.49,1.0,0,0,3,online_retail,0,genuine
645f5508-4249-4e9d-9ede-2b2b98834ffa,ACCBE9782ED,194.96,1.445,0,0,13,entertainment,0,genuine
d7b257f0-e8e4-475f-8a9d-e8b437b635eb,ACC1804DFBF,144.99,0.748,0,0,4,utilities,0,genuine
8eff413b-0ea3-408f-a8c8-93435879fc3a,ACC9C33D69A,41.05,0.863,0,0,5,utilities,0,genuine
a37046d0-51da-4f53-a151-ad119dfb5db1,ACC59EA8486,40.86,0.261,0,0,6,travel,0,genuine
70e227b8-2cd5-496a-865a-0b361ab59f27,ACCA9BDD42B,184.33,1.192,0,0,18,travel,0,genuine
a1434083-023d-4eca-a4cf-260fd059670b,ACC4328EBBB,287.36,1.517,0,0,1,electronics,0,genuine
3be48c71-da01-4d21-a420-387a4245ebee,ACC8CA0E9D4,107.3,1.121,0,0,14,travel,0,genuine
bc621739-2011-49b1-8f63-6e798169eccb,ACCEE57AC5C,129.4,1.057,0,0,8,restaurant,0,genuine
e59ebb95-b2d2-43d0-a850-46392dc892c7,ACC476E30AF,83.65,1.766,0,1,0,entertainment,0,genuine
ca32d620-023f-4032-9d34-757cf06d41fa,ACC834F38DE,81.43,0.777,1,0,9,entertainment,0,genuine
bcfed69f-0384-4664-aec2-676e06391566,ACC98A8E15C,149.77,1.244,0,0,11,online_retail,0,genuine
6cedef64-9098-466f-9188-2df417201345,ACC8B3F5DD0,75.65,0.874,0,0,9,utilities,0,genuine
4596b34c-f735-4d57-b4b6-25d3234a0864,ACCCB6BC567,37.97,0.799,0,0,6,online_retail,0,genuine
559d93f7-7ef9-4ddd-9607-8e76281da25f,ACC604B3540,164.0,1.035,0,0,16,fuel,0,genuine
2a2e0816-2d5a-4ffc-990e-d4451abc6d60,ACCAF2FECB8,45.87,0.662,0,0,9,electronics,0,genuine
0f6a2ad2-594e-442c-a248-86bc5e2e22f5,ACC50C40EE9,309.69,3.182,0,0,6,utilities,0,genuine
20929e0f-c978-4010-a1e9-b2c762e406e9,ACC5952E61B,678.6,3.732,0,0,6,utilities,0,genuine
898b0dd5-5947-4820-89cf-64c54d4e0148,ACCC2B19390,169.98,1.07,0,0,3,online_retail,0,genuine
0831bbda-37ab-4218-a67f-50a7148c6ad4,ACC18319CF0,79.73,1.334,0,0,4,travel,0,genuine
49836853-5b0c-43b2-8d0b-e174e81b968e,ACC94AFF365,11.14,0.714,0,0,17,entertainment,0,genuine
eb496fb2-c434-4c1a-a9f4-f6e9e8095702,ACCE90CC233,51.66,1.24,0,0,21,entertainment,0,genuine
5cb80df7-1bde-486c-bc88-3a969580c742,ACC44706969,61.8,0.764,0,0,11,restaurant,0,genuine
67a3a8c4-4f56-4226-9f06-9b365de1a3b6,ACC0E90F901,202.44,1.156,0,0,10,electronics,0,genuine
5f1b967e-6555-4c3c-8241-3388624235a5,ACC317B2615,232.01,1.286,0,0,0,entertainment,0,genuine
54327835-118a-490b-8a71-c3d0307f9624,ACC790C1C58,77.9,2.423,0,0,1,grocery,0,genuine
6c40b980-3f7b-45dd-a0ad-c5b2d310d579,ACC5E53E80D,57.96,0.648,0,0,20,electronics,0,genuine
97f5df79-93b9-4ab1-bc73-de685a8d393a,ACC8CA0E9D4,31.37,0.328,0,0,9,restaurant,0,genuine
b81d0065-2a98-4a21-a542-38075536ae94,ACC5E8DD908,183.9,1.101,0,0,22,fuel,0,genuine
d33b9a3f-ab62-40dd-be44-cf2819f4de0c,ACC7F584589,71.93,0.967,0,0,6,fuel,0,genuine
86ab8e14-4b7e-4bd6-8203-2ec72d77d3e4,ACC8F3BC4D8,46.09,0.732,1,0,13,utilities,0,genuine
9067fa98-7be4-4382-8da7-8e88ebf24590,ACC6781637F,187.15,1.02,0,0,13,entertainment,0,genuine
25422c6d-500c-47d7-b457-6d73a658629f,ACC5B205BFD,40.92,0.764,1,0,6,grocery,0,genuine
d653ace0-ee76-46b2-a3e0-12737d8d8aaa,ACC700C0204,676.75,4.897,0,0,23,utilities,0,genuine
8fc14b28-efe8-4e12-bc3b-0c1b7802784e,ACC481A3694,119.17,0.973,0,0,6,travel,0,genuine
ae590ecc-0df7-412a-8693-db1c74e96b5a,ACC56C616C1,860.99,8.5,0,0,15,entertainment,1,huge_amount
610cb01d-19c5-4965-bfef-23e9fd674a9c,ACCB6304D6D,348.54,2.188,0,0,4,online_retail,0,genuine
ad2dd7cd-10ac-4ba4-a83c-10466d8a8d00,ACCB17AC2ED,23.3,0.733,0,0,15,utilities,0,genuine
8f9149c9-d87e-4fe0-92c4-25d2c77023ef,ACCE5F859C3,17.93,0.351,1,1,17,travel,0,genuine
eec02c3e-b5cd-4e87-89f5-b4fe6ebe8fa1,ACC44706969,80.37,0.993,0,0,15,fuel,0,genuine
bce729b6-e32f-49c8-bfd9-7c7ced733c54,ACC3A1439DA,97.85,0.603,1,0,23,grocery,0,genuine
bf9fcb34-55c8-42c5-a514-923e94ec0ad6,ACC22F5FFD2,139.58,1.435,0,0,15,electronics,0,genuine
1e01e0d7-edc0-402b-9519-b72f849ddc7e,ACC8AB20DFB,26.97,1.201,0,0,11,restaurant,0,genuine
a8ab0cc3-440b-495c-bc42-88c1b3ecc148,ACCBE5476B7,38.56,0.994,0,0,4,electronics,0,genuine
fb9e5e30-2aaa-420f-b847-0b6609f1c472,ACC15045FED,160.82,0.81,0,0,10,grocery,0,genuine
7618787c-8ecd-4965-a9cf-6a8f1aff2f7d,ACCE4ED68FE,1336.25,7.229,0,0,4,entertainment,1,huge_amount
a3520eed-e9fb-4337-b468-10d4ee674de8,ACC049C6980,182.07,1.119,0,0,6,online_retail,0,genuine
f9b7e0cd-2365-4e43-ad28-a6414aa718a0,ACC159AEF91,132.61,0.772,0,1,1,online_retail,0,genuine
abe20798-4741-4ca6-b13f-1e5cbd0a2a78,ACC051D694E,30.48,0.418,0,0,16,utilities,0,genuine
cefbb086-9dbb-4b1f-a1ad-f41aa8b03161,ACCB7261A19,211.09,1.176,0,0,11,entertainment,0,genuine
90b04e2e-3d2a-4536-8ca7-68d445680048,ACC0ED0AD12,96.58,0.986,0,0,5,utilities,0,genuine
a5a1ccaa-1bc5-43a4-9901-8fef578e592c,ACC2CED7AA4,125.83,0.927,0,0,20,fuel,0,genuine
01904bff-bc1c-4c86-94f6-bcef8435a0ee,ACCFEB51908,150.22,0.914,0,0,19,online_retail,0,genuine
3e4298a2-e4b6-49c9-8161-17eaae161d23,ACC5E8DD908,112.15,0.671,0,0,18,fuel,0,genuine
50da7750-c25a-4ecd-9fea-02aff86096d6,ACC4C275212,182.68,1.206,0,0,4,restaurant,0,genuine
aeaa8a9b-e04d-45f7-b482-24722139bad8,ACC4B43792F,18.67,0.385,0,0,17,restaurant,0,genuine
d31e876d-077e-41b1-890b-9fd8a33e1441,ACCBDEED3A1,9.38,0.603,0,0,11,electronics,0,genuine
e3052c11-a1bb-4f35-876b-c8a8e934c3a3,ACC132E6B03,99.9,1.245,1,0,18,online_retail,0,genuine
7019f1b2-92e6-4eb3-af46-ced63206f46c,ACC049C6980,45.0,0.277,1,0,10,restaurant,0,genuine
9804a262-5c0e-4225-bddb-c493ef5d64b7,ACCE7526B0F,154.48,1.032,0,0,15,electronics,0,genuine
0ee0c2fb-f849-4530-8028-cbefffa4600c,ACC4B9B991E,35.07,0.234,0,0,14,utilities,0,genuine
3eb5e62c-146d-478f-9760-dc62266ff0b1,ACCB70F3DBC,62.73,0.582,0,0,3,travel,0,genuine
ef426730-babe-4c5e-8df7-d886db31745b,ACC81C97E10,8.27,0.408,0,0,1,grocery,0,genuine
7cc0a580-aa50-40c8-9815-d3d4fb443577,ACC0ED0AD12,123.02,1.256,0,0,9,restaurant,0,genuine
c5cfee7f-5968-472c-afa2-84bc444c39f7,ACC0AAC82C2,78.55,0.814,0,0,19,grocery,0,genuine
eff801c5-b7aa-4ae0-a287-ffb1ebc8a56c,ACCEE57A8CC,100.68,0.745,0,0,3,utilities,0,genuine
ab85ad01-e1c6-419c-87a2-88fd9796bbee,ACC2BCDCDD4,23.72,0.487,0,0,23,utilities,0,genuine
8cee3f36-5930-433e-9cfa-ab014fbb4ff8,ACCAB52E977,68.72,0.673,1,0,10,travel,0,genuine
7759d29c-57e4-4f7d-b137-040d817de3a3,ACCF7367AA9,65.35,0.966,0,0,14,restaurant,0,genuine
c23ce10e-3123-4d3e-93e7-877578dd73d5,ACC120D4C78,116.21,1.077,0,0,22,online_retail,0,genuine
5fa316f8-e748-444c-90f9-51cc0ebdb9e8,ACCE2B777FC,124.25,0.688,0,0,8,grocery,1,new_device
dbd4f76d-b2da-43c0-92e5-d4806744d580,ACCBDEED3A1,21.75,1.398,0,0,12,fuel,0,genuine
76652ce9-c3aa-462a-87e8-fb7235119ee8,ACCFD91D323,113.42,1.213,0,1,18,travel,0,genuine
ddd60872-f3a2-478c-8efe-ef02812dc743,ACC37920886,145.54,1.302,0,0,10,grocery,0,genuine
be2165d4-fd10-4d49-96ee-4dd5ac5d36eb,ACC5A2E3A6E,139.32,0.744,1,0,2,online_retail,0,genuine
af6e56cd-d077-4307-89a4-563bb8c1549e,ACC4149DCC6,72.13,1.65,0,0,4,grocery,0,genuine
8f8c7228-aef8-4c4b-8960-0146457441e6,ACC59EA8486,232.68,1.489,0,0,2,online_retail,0,genuine
2d398874-83f5-4435-ac01-5ac73e420a2a,ACC18680C85,68.65,0.58,0,0,16,restaurant,0,genuine
c86ccb0c-5355-4fd8-8881-ee8c04193064,ACC8B071F50,198.37,1.196,0,0,10,travel,0,genuine
5387c884-e12b-47f8-a048-d64fd557f561,ACCE5159C95,100.7,0.799,0,0,4,grocery,0,genuine
778ccacf-8e94-4b5a-8f75-a5ec44d9dd76,ACCCF5314D2,198.23,1.193,0,0,12,fuel,0,genuine
65b07d5a-1756-4df9-9c61-895f89ce811c,ACCD8D566E9,212.36,1.277,0,0,17,fuel,0,genuine
52db4411-99ef-4da3-85f2-29c9990099ef,ACC2CED7AA4,160.2,1.181,0,1,18,entertainment,0,genuine
599635cb-e88f-4a3b-8e97-d338a1b5b281,ACCCC6CC85C,76.86,0.438,0,0,20,grocery,0,genuine
af933b38-d37b-4aa5-ad61-143b47a0e628,ACCBE9782ED,181.41,1.344,0,0,4,utilities,0,genuine
adca0de2-3b52-470a-996e-2cb59b5eb87c,ACC5F0A2EFB,27.77,0.969,0,0,3,grocery,0,genuine
9d4cbd6b-f3f6-4eab-9da4-019e18e67e4d,ACC8AB20DFB,35.26,1.57,0,0,11,electronics,0,genuine
17d2204a-c9f3-49ec-856f-7d8cb7d4f2d1,ACCBDD4EB53,14.21,0.649,0,0,2,travel,0,genuine
ded99926-02d3-4d4b-8567-652c5fccf788,ACC434FD0BB,19.9,0.292,0,0,16,grocery,0,genuine
e3735fd2-9f7d-4850-95b6-3d83d569eb7e,ACC5F0A2EFB,17.48,0.61,0,0,18,utilities,0,genuine
ea4339d7-575d-4eb6-8936-ed68f7e37589,ACC6BDE26B6,16.12,0.432,0,0,16,grocery,0,genuine
3eaf13a0-32d9-4869-bee1-6f0774a98cf6,ACC91469B41,13.49,0.685,0,0,14,fuel,0,genuine
8bff628e-c6e7-43e8-a291-5b3343b6985b,ACC001030F5,148.6,0.797,0,0,22,online_retail,0,genuine
42cbf5cc-0366-4040-b725-8ad5ff1d4f17,ACC1584D2D9,174.87,1.071,0,0,19,travel,0,genuine
e4ca5056-f037-442c-8ee8-3c0f34da4038,ACC3A936184,206.14,1.374,0,0,17,entertainment,0,genuine
340ca219-c84c-4b76-82d4-e9bbc4e74405,ACCB582C3E4,39.22,0.571,0,0,11,online_retail,0,genuine
4ce5faee-4b19-440a-9c0a-e6652c3d7f73,ACC55972CEC,60.52,0.387,0,0,10,fuel,0,genuine
ea1d0679-1f39-43aa-b0a3-c8b452322c18,ACC834F38DE,161.88,1.545,0,0,11,online_retail,0,genuine
a3699285-6fa3-4f48-af2c-4c3eafb0990a,ACC15045FED,1348.25,6.792,0,0,0,online_retail,1,huge_amount
fcad75b2-d1e4-44ff-b194-e587cd68523b,ACC700C0204,68.77,0.498,0,0,1,online_retail,0,genuine
71c2e127-9a9a-40ce-b204-eaf2a3043511,ACC6E29EDDC,162.89,1.359,0,0,15,grocery,0,genuine
d6175cec-e4e3-42f5-92c7-815de896e4bd,ACC57F1AD9A,114.86,0.627,0,0,17,fuel,0,genuine
ccd11f13-4d06-4f6a-b9a3-560274fdcc6d,ACC1A07891C,72.23,0.521,0,0,13,travel,0,genuine
bf22f817-7e4c-4abc-86f7-7506349de52a,ACCB743CAF9,220.0,1.3,0,0,16,fuel,0,genuine
f72b2558-0496-47dc-acd7-5bfe4a94f1cd,ACC17C90D98,280.1,1.506,0,0,23,travel,0,genuine
8990c5ab-d7ff-43cb-9459-f2e0cb97fd66,ACC2F2FD99E,60.95,0.908,0,1,12,grocery,0,genuine
ce68b6e8-4d34-48f3-b318-bfe11353c55c,ACC974EDF80,169.89,1.051,0,0,20,electronics,0,genuine
d2f80236-a02c-4d4b-8058-0f4620c6eaf8,ACC80414307,147.1,1.44,0,0,23,restaurant,0,genuine
04275916-cc52-43c7-bec4-cc96fd778716,ACCEB67227A,179.36,0.981,0,0,5,fuel,0,genuine
10f2f20e-411c-4651-8d06-3706210ef872,ACC67FED836,40.44,1.061,0,0,11,electronics,0,genuine
73a05720-2246-4239-8891-0d9ef5c49968,ACC8CA0E9D4,82.93,0.866,0,0,4,restaurant,0,genuine
bf2f6779-44d4-49b6-af83-2dd5c886f820,ACC4328EBBB,1727.87,9.124,0,0,7,travel,1,huge_amount
f9030726-bc76-43a7-8e9c-9d4a09db9f0b,ACCA12ADE0C,24.34,0.445,0,1,18,entertainment,0,genuine
c5476d31-f8c7-48c4-8195-14a151a78a7a,ACC44476C30,96.13,0.696,1,0,13,restaurant,0,genuine
7b8c4434-5eda-43e8-8798-b405114313fc,ACC8883AEB4,67.87,1.264,0,0,7,restaurant,0,genuine
9d471c71-8ab1-4629-90c3-c87042d2341d,ACC8348C5C8,20.58,0.657,0,1,0,utilities,0,genuine
078b191f-54b7-41d5-aa12-477a5f854f1e,ACC1804DFBF,134.11,0.692,0,0,1,fuel,0,genuine
b1e84789-0f62-4e29-86b6-de7602bbda67,ACC44476C30,142.51,1.033,0,0,17,restaurant,0,genuine
83ee446c-10f5-464e-901e-51631263038d,ACCC7379D88,112.97,1.088,0,0,10,grocery,0,genuine
4a011c56-41ea-499a-aabf-ae4d4ff467d6,ACC1FD41087,169.27,1.099,0,0,14,fuel,0,genuine
55d7362b-16f1-4a2f-b6fb-695fe8ede4e9,ACC51CC8D6D,75.77,1.295,0,0,23,utilities,0,genuine
0f09c142-b90b-46ee-a9c4-d0512ed1e929,ACC4D610E4D,40.33,1.45,0,0,22,restaurant,0,genuine
da97cd3d-cbee-4543-a239-0bdec86a02e0,ACC592716F0,64.17,1.082,0,1,1,travel,1,new_device
6d63d40b-e2fa-4093-8a73-6e6ab2b3dac1,ACC9C6A7618,156.45,1.039,0,0,14,grocery,0,genuine
87af08b6-9958-403b-acb9-4106e7a65651,ACCBFA30BE8,543.67,8.866,0,0,11,electronics,1,huge_amount
d7da4858-e236-4cdd-a477-1f5a3d8aa2b9,ACCE5159C95,67.68,0.537,0,0,9,restaurant,0,genuine
daa7c529-8e16-4e40-beeb-cc7c50a410a0,ACC69F86FC2,206.74,1.114,0,0,22,utilities,0,genuine
eaa4be0b-f90a-4112-84de-57fa4fb0f366,ACC785F9AD5,176.41,1.082,0,0,8,online_retail,0,genuine
0ecbe37a-f3ab-47bb-9530-5f28334bdc4e,ACC94AFF365,15.67,1.004,0,1,1,fuel,0,genuine
42302660-19c3-4e9f-90f2-a8b693573d5c,ACC1F549C06,37.0,0.235,0,0,0,grocery,0,genuine
b4dc29b6-d2bc-49b3-b276-3fe9f46a498f,ACC295CE380,271.9,1.383,0,0,20,travel,0,genuine
0b8a2cbc-6504-4bf2-8984-0a5b242034c0,ACCBBEDED04,6.36,0.359,0,0,16,restaurant,0,genuine
e609ae40-bba1-478f-9ea4-2ab119dfba3f,ACCAF664302,64.88,1.699,0,0,23,online_retail,0,genuine
62c7d04c-470d-4b6c-9e18-d3ca5f890f5b,ACC73A1A864,93.47,1.133,0,0,16,travel,0,genuine
feefe3c6-1f12-4558-8e5e-e027dbed4889,ACCBDD4EB53,16.21,0.74,0,1,7,grocery,1,new_device
f339de8a-941b-45a0-9ce9-886ac37aab72,ACCE6F8D6D0,135.06,0.678,0,0,23,entertainment,0,genuine
a48b4c1d-585d-4c23-81bb-71b61991b893,ACC8AC68D4A,232.58,1.234,0,0,10,utilities,0,genuine
95e0c4c1-f5ad-4889-9b85-155f78c51552,ACCE45B9394,60.76,0.729,0,0,16,online_retail,0,genuine
9acc94ca-73b8-46af-90b5-8140e3eea659,ACC592716F0,52.58,0.887,0,0,18,entertainment,0,genuine
76766238-5c34-420e-b7f8-e82c95b56254,ACC482E81A5,10.86,0.446,0,0,16,online_retail,0,genuine
44b9b1da-2d3c-4866-9269-6bc36ad1af4a,ACC7131637D,181.81,1.52,0,0,16,restaurant,0,genuine
61fbcc5a-5035-42c7-ac3a-8c5e1f23582f,ACCC7CCB237,131.51,1.067,0,0,12,restaurant,0,genuine
4668debc-d4a6-445c-bd85-ad8518e2826c,ACC8F3BC4D8,36.32,0.577,1,0,14,entertainment,0,genuine
5768e807-e8e7-4dc7-81cc-556eb9052c97,ACCB7E41D27,72.67,0.805,0,0,8,online_retail,0,genuine
02b8501d-1c4c-48a4-b843-0648d46f90f7,ACCB7261A19,82.74,0.461,0,1,7,entertainment,1,new_device
24fa62a2-053f-4352-89d9-c6bcaa3b4001,ACC22F5FFD2,105.1,1.08,0,0,14,grocery,0,genuine
d7a6aeff-9267-428e-b85c-7cb3646cd9dc,ACCE2B777FC,265.06,1.468,0,0,0,entertainment,0,genuine
f5b45dff-8d25-4e36-84a5-169b7afa84e9,ACC434FD0BB,55.77,0.818,0,0,15,entertainment,0,genuine
4ceaa071-11e9-488d-ba22-0eec9d78c8f6,ACC049C6980,126.38,0.777,1,0,0,online_retail,0,genuine
53b1e8eb-2f6c-4f25-a739-21e0937102a1,ACC8AB20DFB,24.72,1.101,0,0,11,online_retail,0,genuine
b81f39ef-6760-4248-831c-6ff9a70b7a37,ACC94AFF365,22.1,1.416,0,0,21,grocery,0,genuine
016451b7-d83c-445b-8fc2-bfda9e4ff59f,ACCE7567526,160.44,0.935,0,0,13,grocery,0,genuine
f75e5a69-507b-446b-ace8-c6d3c6ac4d18,ACC38828645,8.86,0.309,0,0,22,electronics,0,genuine
eb0300ae-1964-4a9b-844d-f047740e2beb,ACC44476C30,206.0,1.493,0,0,20,restaurant,0,genuine
7ac1648c-155f-41b1-a8d7-7a077c3497e8,ACC44DDB1DF,93.93,1.186,0,0,3,grocery,0,genuine
3c3fc3f4-41cc-4d22-8575-5ee56b813212,ACCEE57A8CC,106.58,0.788,0,0,4,grocery,0,genuine
afc77009-872c-45ee-8077-1839f4f3a899,ACC38828645,40.86,1.424,0,0,16,grocery,0,genuine
07ef4e46-025c-4a35-9bad-e68d1080d46e,ACC4FDDC2F7,526.02,3.432,0,1,20,fuel,0,genuine
16787dcd-80a9-4be4-8d4b-fdb19644fcbf,ACCCB6BC567,52.38,1.103,0,0,11,travel,0,genuine
febc47ab-87ee-4c97-a5ad-9f59e7aad9b4,ACC4B43792F,33.86,0.698,0,0,6,utilities,0,genuine
edb8e7b0-5b18-44db-a9d7-0cf58138a37e,ACCAF2FECB8,42.01,0.606,0,0,21,electronics,0,genuine
414d47d1-53f7-4480-9fd5-89c0ce1cb4a6,ACC47C1AE01,156.59,1.437,1,0,8,fuel,0,genuine
c36edc0b-13b0-49cd-b089-c5f4a612a569,ACC8348C5C8,31.79,1.015,0,0,2,travel,0,genuine
f1dc766d-b7e1-4824-a296-e1119e5acc5a,ACC0ED0AD12,105.11,1.073,1,0,9,electronics,0,genuine
3d2b1fde-97cb-4760-b21d-1b24663249c3,ACC4C1060FF,124.62,0.67,0,0,2,travel,0,genuine
9e0b5987-5089-4396-b638-ca5a33b31f32,ACCEF39B188,87.15,0.753,0,0,12,grocery,0,genuine
30af5eff-1861-4fa7-843b-f40ece1194c5,ACC5E53E80D,88.16,0.985,0,0,1,fuel,0,genuine
e4bd8313-2001-49b4-826d-1cb92c0f0168,ACCFABA81CE,162.26,0.824,0,0,8,electronics,0,genuine
2981ecd5-48de-48c6-b6b9-71824bbafb4c,ACC2F2FD99E,91.27,1.36,0,0,11,fuel,0,genuine
2d9a77fb-f48a-478b-8039-04226b256c26,ACC215BCCB8,191.7,4.439,0,0,2,utilities,0,genuine
c31724b2-152a-4866-8b17-8c48f46eefda,ACCEF39B188,151.26,1.306,0,0,7,fuel,0,genuine
922ad69c-15dc-4f92-87eb-7aff3cf73d15,ACCD8D566E9,147.47,0.887,0,0,18,grocery,0,genuine
f72a9386-d215-4dc8-a107-08cb2588ada6,ACC5ECECCC8,24.77,1.46,0,0,8,fuel,0,genuine
2c8f0c3f-1745-4add-a1da-222daa80ebc6,ACC5A2D2562,19.13,0.647,1,0,8,grocery,0,genuine
edb60311-e4b6-4206-a328-572d138d8865,ACC4C1060FF,162.63,0.874,0,0,13,travel,0,genuine
b4109054-b1ee-4745-9c42-af060136a2c2,ACC400342D2,38.33,0.67,0,0,21,utilities,1,stealthy
328c95d0-ef25-4c8b-b167-b01b31ffdbad,ACC49711EE2,138.22,0.755,0,0,1,travel,0,genuine
7d1da8d6-d5c6-426c-bb66-1faabf1384e4,ACC6FF68307,153.71,1.353,0,0,7,fuel,0,genuine
af6c3e45-1bd9-4757-961d-c0a39c56859f,ACCBDD4EB53,17.09,0.78,0,0,18,entertainment,0,genuine
f0055aba-d304-4dcc-98b1-3b8e14459417,ACC43CFC7DA,95.85,0.676,0,0,15,entertainment,0,genuine
128b9047-ea99-412b-a49d-431eec9a6f57,ACC1FD41087,148.27,0.963,0,0,15,restaurant,0,genuine
62d2eb83-461b-4ccf-9170-3ff4a99169e2,ACCCC6CC85C,186.51,1.063,0,0,23,travel,0,genuine
fddf4108-a897-469a-83b1-e6f5fb377097,ACC58892FA4,96.85,0.828,1,0,5,grocery,1,foreign_location
b7827c2c-843c-4df9-9ab9-597eea097f4e,ACC707FD242,91.13,0.946,0,0,13,entertainment,0,genuine
1cb576a4-160b-4457-b427-b67f256f3825,ACCD77D289A,20.24,0.601,0,0,22,fuel,0,genuine
f5efca0f-4ad3-430d-a847-8c43a53bb313,ACC5B205BFD,57.48,1.073,0,0,15,restaurant,0,genuine
ce2638af-05e7-4f73-a6ba-7f9007a68b6e,ACC2C3FB42A,188.42,1.12,0,0,16,restaurant,0,genuine
8117bdb0-7ece-42e8-b603-13885d6bfeba,ACC120D4C78,71.18,0.66,0,0,23,utilities,0,genuine
4e52900e-fbc2-4d1a-9c96-8a9e600fc3c0,ACC2227A7D6,216.41,1.591,0,0,19,entertainment,0,genuine
1ee268dc-70cf-45b5-9951-8c8800fb5304,ACC431B338F,69.35,0.854,0,0,10,travel,0,genuine
f0f16cbd-54ef-42a3-a0bf-4b3782bf4638,ACC8A097CC1,113.18,1.108,0,0,1,entertainment,0,genuine
ed6fa8cc-356b-4edd-a295-881df6fe8d06,ACC700C0204,183.06,1.325,0,0,20,travel,0,genuine
91daadcf-c7eb-495f-a1a4-d6885ca62fe3,ACCA73977CA,133.27,0.724,0,0,0,online_retail,0,genuine
5a0dd781-5d0d-4d4d-aceb-099965bc285e,ACCD9089858,47.21,1.067,0,1,19,fuel,1,new_device
c7fdf3e8-33d3-414d-91ec-495cffc00f79,ACC69F86FC2,171.68,0.925,0,0,20,grocery,0,genuine
afdabc89-943e-495e-bded-5286072b48de,ACC33790CF6,145.6,0.922,0,0,17,entertainment,0,genuine
23dad558-78b7-4534-b00b-52fc80303a00,ACCFEB58DF9,273.66,2.083,0,0,19,restaurant,0,genuine
0c182654-88ac-42dc-ae90-3709f3539032,ACCE755C517,94.17,1.666,0,0,11,fuel,0,genuine
bc315f2a-ce16-4c5e-89fd-3142a660712c,ACC44476C30,37.45,0.271,0,0,3,online_retail,0,genuine
aaa7f182-0a1c-452a-bf1c-a80f311a22ed,ACC482E81A5,20.78,0.853,0,0,3,grocery,0,genuine
b30676e4-ebf2-4e68-8186-bb33e6cb408a,ACCD81E32FD,70.77,1.355,0,0,10,travel,0,genuine
22764b6c-382e-4bbc-9e21-e1856a2600bf,ACC2467C52B,37.88,0.797,0,0,0,online_retail,0,genuine
b868fb04-aa52-4c3d-af88-096e3a604736,ACCFF0D087A,209.38,1.134,0,0,18,electronics,0,genuine
54b496a1-88b4-4d61-afc3-4f105952b439,ACC8A097CC1,61.16,0.599,0,0,14,online_retail,0,genuine
1f1cb6e1-4ede-4edc-bca4-10af70f98031,ACCD13E9570,16.98,0.965,0,0,20,fuel,0,genuine
abe9536b-95c3-44d5-a296-8a6b99ffd394,ACC94AFF365,17.22,1.103,0,0,9,fuel,0,genuine
0bb20a52-0930-4c34-bd5b-2bc146ff8d7a,ACC44DDB1DF,97.81,1.235,0,0,4,electronics,0,genuine
fbebae44-14a6-4232-a4f9-0af3d5de6802,ACCE45B9394,97.15,1.165,0,0,22,restaurant,0,genuine
3bc5156d-d363-4f98-a7a7-333f1bea100f,ACCBE9782ED,176.03,1.304,0,0,4,travel,0,genuine
b2f2ff50-2256-4471-b5ee-c23e467e80cb,ACC001030F5,197.1,1.057,0,0,22,utilities,0,genuine
b926d700-f70a-4707-9319-01311bf2c215,ACC18319CF0,90.64,1.516,0,0,1,online_retail,0,genuine
bef154fa-d8ca-4545-8a24-8e58b2bf45b0,ACC3D0FD592,71.66,0.654,0,0,12,restaurant,0,genuine
48acf3bc-c78f-430d-afb0-7f4cb435a513,ACC434FD0BB,80.47,1.18,0,0,3,fuel,0,genuine
95b91f37-4cd7-4dbb-94bc-28a012c23a18,ACC700C0204,145.89,1.056,0,0,6,restaurant,0,genuine
4f9af184-555f-4633-9faf-9c677d8a9977,ACC1A07891C,691.09,4.986,0,0,15,utilities,0,genuine
c952341a-d431-4689-af4a-8e1cf57837e8,ACCE3BC14DF,94.43,0.584,0,0,9,entertainment,0,genuine
c7e9f72b-a5c2-4fdf-96d1-d04c35d6e561,ACC63E38219,87.22,0.772,0,0,2,entertainment,0,genuine
371fab29-1a2f-4dd4-a178-328269057f53,ACC82566958,70.76,0.693,0,0,3,online_retail,0,genuine
72b2c877-523b-4beb-8f7a-f8c544141c46,ACC724DAE51,22.85,0.677,0,0,12,utilities,0,genuine
1c25245d-0acb-43a6-ba76-224ebd19ee3e,ACCFABA81CE,145.37,0.738,0,0,4,travel,0,genuine
cfeb8b4f-0931-419d-88f0-73cbc2d852d1,ACC049C6980,1665.91,10.237,0,0,2,electronics,1,huge_amount
63fbf74e-bcc1-4e41-865b-9bd9b17887b4,ACC1A07891C,124.55,0.899,0,0,4,restaurant,0,genuine
d8dc9c7a-aa74-4770-b928-4dd8029cb6c4,ACC785F9AD5,184.96,1.134,0,0,4,utilities,0,genuine
56d03018-8a32-472e-beb3-86149ae01e6c,ACC792E1021,169.45,0.903,0,0,10,electronics,0,genuine
3df76d79-b9bd-47ee-8f0c-1e533b3eb3fe,ACC5A2E3A6E,312.99,1.672,0,0,7,online_retail,0,genuine
21eece28-e10b-496e-b339-95db162e8856,ACC2CED7AA4,214.95,1.584,0,0,9,travel,0,genuine
4de0d11f-d326-4fd6-8fd7-a7efd729399a,ACCEE57A8CC,83.72,0.619,0,0,10,online_retail,0,genuine
8e9f833e-d38d-4e71-a211-a764ffb99a30,ACC68FE0D56,146.71,0.998,0,0,21,fuel,0,genuine
a415628f-489f-4672-9a83-ddca8ac8693f,ACCBE9782ED,228.02,1.69,0,0,2,electronics,0,genuine
e9d91164-ecfb-4843-b8dc-07cafc22949d,ACCC6121509,17.81,0.823,0,0,7,travel,0,genuine
2d8f780b-fb78-4e43-9758-17229b346145,ACC936198A9,31.65,0.411,1,1,18,travel,0,genuine
937a54ce-fdef-4311-8438-a6b3725ce79d,ACC7A03D049,66.36,1.336,0,0,20,travel,0,genuine
64c2aadc-b30f-43a0-9e33-9630ea1b81cd,ACC2CED7AA4,154.77,1.141,0,0,4,restaurant,0,genuine
792549c0-93db-48d7-9121-eb453ed1c589,ACC8A097CC1,96.62,0.946,0,0,11,grocery,0,genuine
52c2e794-6573-4f1d-b8d4-bb857a34d286,ACCA6791AA0,111.82,1.121,0,0,6,travel,0,genuine
8f1ab164-a42c-44b8-8029-f0dd7f737949,ACCEF39B188,150.01,1.295,1,0,2,fuel,0,genuine
b08136c8-4fcc-48f7-837a-e5e5df353c84,ACCF4D51612,55.37,0.414,1,0,17,travel,0,genuine
325f01ac-36e0-41f8-a091-5f9ad08c4043,ACCE3367E61,136.36,0.834,0,0,21,grocery,0,genuine
c27718bc-4529-4b32-8de5-f82fce78f1c5,ACC81C97E10,20.96,1.033,0,0,9,utilities,0,genuine
75c62945-88d0-42d7-94a7-1cc389bad7de,ACC0A64ABBD,19.16,0.933,0,1,10,electronics,0,genuine
9573ea84-6789-47e2-973b-b0059056b19f,ACCDFFD27ED,109.0,1.316,0,0,13,online_retail,0,genuine
844fbabf-ee1e-41b7-b738-4aa87cc6fb20,ACCFD91D323,102.69,1.099,0,0,12,fuel,0,genuine
279da33d-592b-4ca4-b61e-97a0657759cc,ACCBE9782ED,132.87,0.985,0,0,15,entertainment,0,genuine
13980005-75e9-4f18-b581-3ee6c632bad4,ACCAF2FECB8,53.26,0.768,0,0,23,fuel,0,genuine
33e5e123-b486-4c52-8f8d-f87beaf8d29c,ACCB8B8E9BE,102.8,1.075,0,1,14,entertainment,1,new_device
24c5773f-101a-4bd3-a473-d5671891e7c3,ACC2467C52B,71.22,1.498,0,0,12,restaurant,0,genuine
303d8e66-fe3c-4fc0-abed-ac5af5d38edb,ACCD581D6E4,122.21,1.72,0,1,7,grocery,0,genuine
ee3928c2-6bdb-4d27-90a0-58b8fe0959f0,ACC8AC68D4A,124.25,0.659,0,0,10,fuel,0,genuine
28f8b7ea-7832-4727-8f68-7f6590cc8bac,ACC40162BF5,79.95,0.818,0,0,7,restaurant,0,genuine
93c24e9a-46e3-40bc-926b-a91294c3466c,ACCF524BA52,182.98,1.122,0,0,13,fuel,1,stealthy
e364e19d-f8ad-49e6-8957-8391778ed1f6,ACC6755B550,27.24,0.901,0,0,22,electronics,0,genuine
93bca2f3-15a0-47d5-a000-909aa07f92f2,ACCAFBC20C2,43.5,0.931,0,1,8,fuel,1,new_device
5ee558db-a5c2-485e-9dd3-e41ec5e2d403,ACC4149DCC6,41.73,0.954,0,0,18,travel,0,genuine
7cf93516-a9b2-496a-95ad-bddbde937048,ACC63A8249C,47.4,1.745,1,0,22,travel,0,genuine
0c5b6856-153c-4f45-8e96-d6d4b2f0bb3d,ACCE6F8D6D0,146.6,0.736,0,0,19,grocery,0,genuine
8b61c44c-c3e2-4e6e-8de1-04220d4a3bc0,ACC49371FEA,64.8,0.579,0,0,22,travel,0,genuine
7d48621c-3105-42af-8bc8-082db7d846fb,ACC431B338F,116.37,1.433,0,1,10,electronics,1,new_device
65b43b23-a32f-4f7b-8972-9e2b27ab7e05,ACC8B071F50,189.26,1.141,0,0,1,travel,0,genuine
9f5192b0-fbe2-480a-a514-ed37db65335b,ACCAA010F0A,32.64,1.002,0,0,5,grocery,0,genuine
ca400d5b-290c-4e3a-ad65-68bcd26bd854,ACC724DAE51,145.62,4.315,0,0,14,online_retail,0,genuine
776ca174-8f69-4b9e-954e-25a25fda252d,ACC8A097CC1,158.88,1.555,0,0,19,grocery,0,genuine
e11a4361-8548-4713-8a55-3be82f708484,ACCB8201BFE,61.63,0.589,0,0,6,restaurant,0,genuine
f88fd95d-3721-4056-824f-32054b6c62d9,ACC8A097CC1,116.22,1.138,0,0,2,restaurant,0,genuine
67dfb0e6-96a5-4bde-8c62-1a312fa39d80,ACC0AAC82C2,89.39,0.927,1,0,10,fuel,0,genuine
267b773e-2c8a-4d23-bc82-7322d7544185,ACCB5426310,59.7,0.82,0,0,14,online_retail,0,genuine
13499fd0-a300-427f-ad09-ea98d6b2617f,ACC8AB20DFB,27.46,1.223,0,0,11,fuel,0,genuine
0442d6bf-0880-4dcb-afd1-9474a7e69b77,ACCB6304D6D,159.49,1.001,0,0,23,fuel,0,genuine
0d16a8b4-a39d-4363-8cb5-f2e4082182d8,ACC120D4C78,184.39,1.71,0,0,21,entertainment,0,genuine
fd71500a-15ad-456f-9d71-b1c023a6c6bf,ACC1F549C06,109.75,0.698,0,0,4,entertainment,0,genuine
b3b39762-5d9d-43e3-be36-34a3d9770c96,ACC485CBED1,142.99,1.04,0,0,23,restaurant,0,genuine
eba06bf0-9a0f-4c42-ab79-dc37d3a0a804,ACC8C663F70,60.02,0.347,0,0,20,electronics,0,genuine
13c345c9-0f3a-4768-833a-0556616edab8,ACCBBEDED04,13.55,0.764,1,0,6,grocery,0,genuine
65b00f7a-5964-43ae-8189-dcb28781a547,ACCC2C6420D,61.92,0.428,0,0,1,travel,0,genuine
d4717d20-54d4-416d-8e65-f836cfc97321,ACC1A07891C,222.06,1.602,0,0,16,restaurant,0,genuine
b0d54132-e451-4b9d-b987-4dcb44880603,ACCC6121509,1,0.046,0,0,11,utilities,0,genuine
bb059b3c-22d3-4485-8a80-838cdac7a42d,ACC42229380,141.94,1.47,0,0,21,electronics,0,genuine
b29c0102-02ea-4d2e-a339-eb2a89a611cd,ACCA9BDD42B,112.62,0.728,0,0,9,utilities,0,genuine
f214b3d2-e869-41c0-93f9-f67fc7844d89,ACCAA36AA07,73.17,1.446,0,0,4,travel,0,genuine
b6c37020-b1c7-494b-8cfb-05169c28f598,ACC48A4DD1A,38.38,1.255,0,0,15,grocery,0,genuine
56622411-7929-4be4-bd30-80ac36559faf,ACCF4D51612,216.13,1.615,1,0,16,fuel,0,genuine
12755b04-3ab5-4eeb-9e08-e4660503a08a,ACC18319CF0,46.82,0.783,0,0,19,travel,0,genuine
e6c9f40d-c177-4183-94b0-98d0c5ebb259,ACCB8201BFE,176.93,1.691,0,0,20,entertainment,0,genuine
1a179a03-236e-40a3-9ff8-c6b754b3b9f1,ACC468A30E3,106.25,0.981,0,0,6,electronics,0,genuine
7c1ce8ac-5e78-44a2-8691-f67517b3af03,ACC36CEEE60,500.42,3.018,0,0,18,electronics,0,genuine
abb20d65-9d01-4909-a02c-0334704726b5,ACC8CF8E85D,33.73,0.354,0,0,13,grocery,0,genuine
709d480a-7a35-4113-9391-98a26bf18ea1,ACCB17AC2ED,21.94,0.69,0,0,14,fuel,0,genuine
8765312e-f7c6-4987-9adb-52ec11c15cce,ACCCE9C4128,112.64,0.668,0,0,17,travel,0,genuine
3ac45120-1d59-4230-9982-5ad0dde6efaf,ACC8A097CC1,117.45,1.15,0,0,22,grocery,0,genuine
aef1ff83-942c-418e-8411-a0b011c6e7ab,ACC4BCFE47D,38.65,0.893,0,0,12,online_retail,0,genuine
b52dca5d-6f4e-45d0-aff1-a0d78e95e584,ACCD06EC9E8,31.77,0.963,1,0,14,entertainment,1,foreign_location
cf781efe-98f0-4b85-aab0-c769d1dff572,ACCD77D289A,23.09,0.686,0,0,10,restaurant,0,genuine
b7c88fd6-b045-4a6b-8ce6-87be5cdbaba8,ACCEE4C8042,114.64,1.351,0,0,13,restaurant,0,genuine
965f0a0f-6cfd-4c64-b943-b80d6dab70eb,ACCD77D289A,13.9,0.413,0,0,8,online_retail,0,genuine
936119b6-f567-4c06-adb3-c5b66167dafb,ACC68859C88,136.58,1.213,0,0,21,restaurant,0,genuine
d89876cc-0fb5-4d6c-a9fe-20ec30fc8c9b,ACC1FAB3F77,155.81,1.069,0,0,4,travel,0,genuine
b91ea28b-c16c-446c-a9cc-a23e8c3a4917,ACC7F584589,49.32,0.663,0,0,2,fuel,0,genuine
14e1428b-783e-4688-b2dd-63b3378674c4,ACC47DBDD62,103.72,1.015,0,0,0,entertainment,0,genuine
38189d41-6dea-4f3c-8f32-5f2bda00eda5,ACCF7367AA9,65.03,0.961,0,0,1,restaurant,0,genuine
a3b95f72-fdf0-4d81-8d96-5c3bc01f2d1d,ACC4149DCC6,21.25,0.486,0,0,9,electronics,0,genuine
f094995c-e937-437f-88fd-98af2309e12c,ACC8AB20DFB,27.28,1.215,0,0,17,entertainment,0,genuine
82f74a1f-c78d-4967-bbf6-bf6024499586,ACC7F584589,74.06,0.995,0,0,22,fuel,0,genuine
9e2b9149-f97a-41e0-9bb4-aa4687689f78,ACC94AF39FF,78.26,1.137,0,0,17,travel,0,genuine
c6a11fb1-71a4-4784-a4ea-fb565790d374,ACC145D3692,150.27,1.143,0,0,14,electronics,1,new_device
2f42a6be-33f0-4401-a11c-e6fcb1c9e298,ACC2CED7AA4,183.06,1.349,0,0,12,travel,0,genuine
d73764ff-2995-4574-bfbe-6eb19b0a94ff,ACC481A3694,159.27,1.301,0,0,23,grocery,0,genuine
d77799d4-2078-46ea-877e-ea21dfaec12f,ACC936198A9,84.93,1.103,0,0,23,travel,0,genuine
a4ab22ae-ede7-4c8d-92cc-10214daca000,ACC6A7B8E91,230.45,1.591,0,0,23,fuel,0,genuine
edb97ebd-c9e6-496d-8246-1df2911c46fd,ACC604B3540,145.54,0.919,0,0,7,utilities,0,genuine
f207196f-c26a-4b26-b3fd-fe404287234d,ACC0AAC82C2,209.4,2.171,0,0,9,online_retail,0,genuine
dfe306e5-c966-4a9e-8e81-42c8815aa788,ACC34FD0AB8,30.49,0.973,0,0,8,entertainment,0,genuine
de5cf16c-6099-4ecd-8638-b172bfe48d21,ACCEAF23921,74.14,0.931,0,0,3,grocery,0,genuine
5a08916f-3973-48d0-864f-5eed937bf72d,ACCC0703F18,1356.53,7.227,0,0,22,utilities,1,huge_amount
e3e3e592-1727-48c3-9381-b04114e9ab4e,ACCAA36AA07,63.42,1.254,0,0,7,electronics,0,genuine
01d43f5c-c5b4-484a-bd1e-96bcb6ff5e7f,ACCB8B8E9BE,84.82,0.887,0,0,5,utilities,1,new_device
6a00d9d9-f655-44ef-9855-e780b5c19f6e,ACCE7526B0F,193.95,1.296,0,0,22,online_retail,0,genuine
2ee0344d-133e-471a-a53d-afb20a58dbe2,ACC08968071,266.36,1.459,0,0,0,online_retail,0,genuine
4fb5cea2-0f99-4416-95bb-d93be413b13a,ACC4868BBD3,261.4,1.381,0,0,1,fuel,0,genuine
6a6556a6-8d56-4f41-adab-8fa4254ed9a1,ACC8D51567D,95.59,1.122,0,0,15,grocery,0,genuine
a24db20d-0715-4372-9635-0c2f8fe171d8,ACC065617EF,133.17,0.695,0,1,6,online_retail,0,genuine
2ab2f8d3-18d2-4050-b6d1-d1b7b4ccc768,ACCB582C3E4,95.96,1.397,0,0,16,restaurant,0,genuine
0a719925-220d-4c64-afce-8b71f31925d5,ACC4149DCC6,42.68,0.976,0,0,17,restaurant,0,genuine
13719e44-8779-4f5a-a148-73f4253c97dc,ACCF7367AA9,55.07,0.814,0,0,11,entertainment,0,genuine
d88dc9a4-5f13-4639-95b7-016dbe3b240a,ACC8F3BC4D8,103.14,1.638,0,0,1,entertainment,0,genuine
23d33e94-0f8f-4e3d-b9c2-49ecdb648ff8,ACC476E30AF,181.22,3.826,0,0,17,travel,0,genuine
0db5ae33-dce8-43b3-b47d-0b356b021687,ACC001030F5,130.55,0.7,0,0,21,online_retail,0,genuine
176a00cb-2b1e-4fd1-894f-d9b71b69f30d,ACC95B54780,268.04,1.469,0,0,13,grocery,0,genuine
ae00e875-3c6d-4f2f-b79d-2c2395ea0212,ACCBBEDED04,18.5,1.043,0,1,18,entertainment,0,genuine
0f14c39c-985a-43ef-94ea-5506383d3d18,ACC6781637F,114.67,0.625,0,0,4,electronics,0,genuine
fbf77e89-4398-4561-a222-95f2ef42db0d,ACC3CC490D1,51.35,0.743,0,0,7,entertainment,0,genuine
71790b77-7993-436a-b9da-efd4c9e3e233,ACC6755B550,19.06,0.631,0,0,11,entertainment,0,genuine
941c9b73-83d0-47b3-9c91-0e1edb79a6ae,ACCBDEED3A1,24.81,1.594,0,1,14,online_retail,0,genuine
8893748b-5047-4dcd-bca5-5328736ca4a7,ACC936198A9,38.85,0.504,0,0,14,restaurant,0,genuine
a0d98724-8c9a-46f3-86b9-79188bd4d422,ACC790C1C58,32.93,1.024,0,0,3,travel,0,genuine
5decad61-2a13-48bb-acfd-f113184984d4,ACC2467C52B,43.81,0.921,0,0,11,restaurant,0,genuine
dfa6a2b9-878f-490d-9b03-cac07f57c3a6,ACC4B9B991E,150.01,1.002,0,0,9,entertainment,0,genuine
ae63cf19-90f0-43b3-930a-9e1a3f7790f9,ACC295CE380,180.79,0.92,0,0,14,entertainment,0,genuine
9112df5f-7c66-4700-91d5-1323dcb02faa,ACC4B43792F,65.52,1.351,0,0,1,online_retail,0,genuine
c252bf20-7377-4a59-b2fa-fc0ee9b1e055,ACCCC6CC85C,188.21,1.073,0,0,20,fuel,0,genuine
7048f034-dec0-4e10-bc0e-3c690a1d43a0,ACCFEB51908,1317.46,8.015,0,0,7,travel,1,huge_amount
65554fe7-90ef-45c8-a7b7-7d3cdff42469,ACC98A8E15C,753.32,6.256,0,0,16,fuel,1,huge_amount
1e4c16df-6ca1-474a-8be9-861a8620d034,ACC30BAEE93,18.68,0.337,0,0,23,utilities,0,genuine
fcfd669a-0f27-4b74-9839-4bdf0cf8db6a,ACCBBEDED04,18.52,1.045,0,0,21,utilities,0,genuine
898140a7-4217-491e-b17e-1a7bec0fd263,ACCB70F3DBC,133.12,1.235,1,0,7,grocery,0,genuine
e959ecc3-d6e0-4730-aa15-e659dea35e89,ACCC7379D88,97.53,0.94,0,0,20,utilities,0,genuine
62c18521-2d61-4b95-ad73-4e8baba46d19,ACC785F9AD5,158.59,0.973,0,0,19,electronics,1,stealthy
b67345bc-9881-4e22-a8ff-472ef7f1880f,ACC59EA8486,142.5,0.912,0,0,23,electronics,0,genuine
19763fde-7100-4816-9fed-8764e208b6c2,ACCD86300CA,60.16,0.348,0,0,15,travel,0,genuine
e90e3133-5dfa-4740-98d1-7e9151ccb5e6,ACC44476C30,143.87,1.042,0,0,9,electronics,0,genuine
37965b33-8b46-4e9f-a423-6b325e23ba26,ACC874BD617,197.92,1.461,0,0,9,utilities,0,genuine
3e133826-de5e-43ea-bc1b-2de75a23b70d,ACC67FED836,38.79,1.018,0,0,8,grocery,0,genuine
cc3d566c-698f-4ff8-a575-68932cb5c467,ACC3CC490D1,99.92,1.446,0,0,7,restaurant,0,genuine
84fa1b96-486e-49cd-9bdd-ad8ac8f0e82c,ACCCB40A1BB,35.31,1.174,0,0,3,grocery,0,genuine
5bc723c0-d88a-4dcd-bebb-5bcbcd0d052d,ACCEECD14C8,30.03,0.695,0,0,7,entertainment,0,genuine
1036c8b2-3f06-49c0-890f-62d7ffebfe68,ACC50C40EE9,77.99,0.801,0,1,7,entertainment,1,new_device
95cb423c-65e1-48d6-b282-0dc4ce9c8c25,ACC6BDA8076,72.81,0.483,0,0,13,grocery,1,stealthy
64e84fc4-f96c-4e95-bad8-7dc1771d1fba,ACC8AC68D4A,194.4,1.031,0,0,8,restaurant,0,genuine
b7db7eff-1991-4911-92a9-66fabb2d801f,ACC9CC4C0D9,45.55,0.653,0,0,5,grocery,0,genuine
b3843c57-1ed1-42da-ab0e-836dfb73b61f,ACCF0ED3147,38.24,0.92,0,0,10,electronics,0,genuine
466cf65f-80d7-4aaa-852f-08369e7c7db2,ACC34FD0AB8,31.34,1.0,0,0,0,electronics,0,genuine
eca716e2-b876-49a7-9452-93e8fbed476b,ACCF8A2CF4C,142.15,1.393,0,0,7,utilities,0,genuine
7dab45ff-b386-40ff-b529-ba89ee5928ed,ACC874BD617,109.98,0.812,1,0,9,restaurant,0,genuine
6c98fa7e-3dbd-44d0-a4e4-6cd63a8222f7,ACC8CF8E85D,98.52,1.035,0,0,2,electronics,0,genuine
6c018003-1a4e-40d3-adbc-143536125b26,ACC9CC4C0D9,84.06,1.205,0,0,5,fuel,0,genuine
4f1d185b-bcae-4c3d-93b9-6736efd4b7ac,ACCCF10A3E8,31.0,1.36,0,0,5,grocery,0,genuine
6bfa3094-1cca-4e3e-bead-efe15e661dbb,ACC8A097CC1,83.9,0.821,0,0,6,online_retail,0,genuine
38c5f14e-fecb-4b05-b8d0-edc18d699f1c,ACC790525E5,85.17,0.632,0,1,18,fuel,0,genuine
f731e401-c924-4fb7-aef3-9d19ad919ea5,ACC8CA0E9D4,109.99,1.149,0,0,6,electronics,0,genuine
4a118af3-4d48-439e-8163-79babdb529f5,ACC295CE380,243.59,1.239,0,0,5,travel,0,genuine
d12614ca-100e-4f22-a7eb-a3d3e5f60e51,ACC790525E5,44.01,0.326,0,0,4,travel,0,genuine
d2cc8f99-ea04-4800-9796-1b7d3cb72348,ACCCDE6737B,46.14,0.404,0,0,18,electronics,0,genuine
12385b7d-c8bd-49bf-b46d-30e198321fba,ACC2227A7D6,109.55,0.805,0,0,11,online_retail,0,genuine
4f66bc62-c140-43b5-919d-2dc7a3f18ee9,ACC36CEEE60,142.52,0.86,0,0,4,entertainment,0,genuine
9fc9dafd-c604-4836-b919-04599c7aeef9,ACC30BAEE93,71.96,1.298,1,0,10,fuel,0,genuine
f8c9ac88-d487-4492-8f8e-da5af1bac13a,ACCD9089858,48.22,1.09,0,0,16,electronics,0,genuine
744dbf91-3a8f-40e3-b138-3d83a415350c,ACC7131637D,74.81,0.625,0,0,9,travel,0,genuine
0384a6eb-f6be-47b2-9edd-fd571c46187d,ACCEAF23921,147.33,1.849,0,0,14,fuel,0,genuine
5e55eed4-1127-4e20-b5c2-658937f806d7,ACCB8201BFE,154.4,1.475,0,0,4,online_retail,0,genuine
7157d30a-c62a-4b79-8562-889d6ebc9d1c,ACC63A8249C,14.57,0.536,0,0,23,online_retail,0,genuine
e25cc6e4-94bf-4009-9c62-eeb9e916d4f4,ACCA8AE6BA8,15.53,0.411,0,1,2,restaurant,1,new_device
cf60a4a0-b687-4081-81f5-50c5eb096f53,ACCDF6D88DC,18.22,0.811,0,0,2,entertainment,0,genuine
d4015ead-1348-4495-be42-741fa16cceec,ACC73A1A864,125.71,1.524,0,0,22,utilities,0,genuine
129d4a6f-f177-4238-9348-136edcc92520,ACC785F9AD5,214.94,1.318,0,0,16,utilities,0,genuine
c3986f8f-c958-444e-b797-d15b0fd3ef78,ACC431B338F,63.87,0.787,0,1,15,entertainment,0,genuine
26edd783-af3a-4496-be3e-902db2070052,ACC6755B550,8.72,0.289,0,0,16,grocery,0,genuine
99b413f5-87c2-4789-b6b3-2f77d7675e37,ACC63A8249C,6.04,0.222,0,0,3,grocery,0,genuine
636ca255-9f50-42f1-aaca-c45d84cfac16,ACCD81E32FD,68.81,1.317,0,0,9,fuel,0,genuine
687d01cd-7a56-4cd8-b6dd-6d923f256ce0,ACC5E8DD908,226.44,1.356,0,0,2,grocery,0,genuine
7d1068e7-3998-4db3-82cb-d6baf74e75ac,ACC2467C52B,21.52,0.453,0,0,11,utilities,0,genuine
9374799c-76f5-4834-9ad4-170f49ad0dd3,ACC0DB3A99A,111.4,1.216,1,0,10,utilities,0,genuine
e80776c5-51ee-4a36-9e65-7ef0aff1a94f,ACC4D610E4D,32.21,1.158,0,0,9,restaurant,0,genuine
548ccda3-c45d-4097-900a-c113e4838a1d,ACC434FD0BB,23.25,0.341,0,0,9,utilities,0,genuine
c1a2a552-1c1d-4fe3-9c25-5a24fc2a7bc0,ACC22163AB8,146.01,1.699,0,0,7,grocery,0,genuine
0cf89bfc-f6c6-4e44-8725-5d26fe359aed,ACCF524BA52,184.97,1.134,0,0,6,restaurant,0,genuine
d07fafee-ef94-4a7f-9cb4-66d6b1f85d5d,ACC2227A7D6,198.24,1.457,0,0,10,restaurant,0,genuine
8f10c597-1028-434f-a384-5cb5b0ae6e9b,ACCB3D946C7,140.91,0.778,0,1,15,fuel,0,genuine
5fcf08e9-de9b-4507-a693-adf0cb03cd55,ACCABC666C2,146.6,0.83,1,0,13,online_retail,1,foreign_location
5f49d5b1-ed35-4578-a05d-b896c7c0eaa4,ACC2CED7AA4,123.23,0.908,0,1,15,grocery,0,genuine
06bc96cf-89e0-4240-a1af-1ac338f41bae,ACC0AAC82C2,134.01,1.389,0,0,21,grocery,0,genuine
9ecea8f6-0333-44bc-8338-376bb1ac8b30,ACCF524BA52,195.35,1.198,0,1,23,grocery,1,new_device
5839599e-9231-4a68-9998-002efed14d68,ACC132E6B03,127.91,1.593,0,0,15,online_retail,1,stealthy
9c7dc023-d953-4892-a2c8-86633dad2351,ACC94AFF365,17.95,1.15,0,0,19,restaurant,0,genuine
6365d5db-a95f-4da4-8acd-4a1ffb5bdcfd,ACC5E53E80D,51.04,0.57,1,0,15,fuel,0,genuine
ba48dc16-d575-4505-b1a2-04984992b91e,ACC4FDDC2F7,153.98,1.005,0,0,9,travel,0,genuine
f3461fb6-1fee-425d-bd28-2a50a40483cd,ACC94AF39FF,61.55,0.894,0,0,1,electronics,0,genuine
21f38b33-db29-4fd2-8da4-3abb201f4526,ACCBF96BF99,59.82,0.955,0,0,0,entertainment,0,genuine
ed679797-3281-4a79-a61e-339231576c75,ACCC7379D88,77.58,0.747,0,0,9,utilities,0,genuine
89b88155-1ae3-4f42-9381-7971554fce98,ACC55E9D122,287.16,3.53,0,0,20,grocery,0,genuine
c79688d1-c10e-4d34-b3d9-04897cf0ac81,ACCF7367AA9,61.82,0.913,0,0,12,fuel,0,genuine
39b8cea3-9b5b-4e06-8291-36d58aa56cc5,ACC2BCDCDD4,44.09,0.906,0,0,10,fuel,0,genuine
a3c14ff4-0453-4fd0-aed5-cab950f591e9,ACC3BE27A0C,44.47,0.682,0,0,11,travel,0,genuine
78f84b22-ee2b-48e5-ae21-d172d5799c7b,ACCA9BDD42B,109.02,0.705,0,0,4,fuel,0,genuine
17d5780f-2519-435d-a46c-e46c41ba7160,ACCE3367E61,58.92,0.36,0,0,12,travel,0,genuine
0b94ea83-1bd5-4427-9875-887303903adc,ACC7A03D049,21.0,0.423,0,0,21,electronics,0,genuine
5a38b376-9bd6-432e-ab47-41007c6bd18a,ACCBFA30BE8,55.84,0.911,0,0,10,electronics,0,genuine
21f32211-a338-4670-937e-8eb36b35662a,ACCB6304D6D,179.16,1.125,0,0,5,entertainment,0,genuine
005e8166-9635-4021-aa0b-2f9de487b59d,ACC4D610E4D,17.75,0.638,0,0,3,online_retail,0,genuine
4835b870-26bf-4968-8875-45385264996f,ACCBE5476B7,16.13,0.416,0,0,17,travel,0,genuine
84a61e3e-4491-41c8-a8c0-bc8ccb04576f,ACC6A7B8E91,88.09,0.608,0,0,6,online_retail,0,genuine
e8b2ce0d-8a04-4d5c-b077-5f09fbbc720c,ACC81C97E10,17.47,0.861,1,0,11,electronics,0,genuine
0453d80b-f161-4ed7-bfe3-1b08f02c170d,ACC27B72436,83.84,0.493,0,0,10,restaurant,0,genuine
3c9e81f1-c9ca-4337-97b3-6248f34760cf,ACCEE57AC5C,171.65,1.402,0,0,4,grocery,0,genuine
470ebe14-6a4f-4c0b-8fb6-a2f230ef9d17,ACCA3383ABE,169.32,0.864,0,0,11,online_retail,0,genuine
a569ccad-9514-4941-ae56-ad34f11c8969,ACCE549AC1F,32.72,0.536,0,0,18,grocery,0,genuine
a93874c6-4d6f-46c4-9ba9-fafea7d51c3b,ACCE5F859C3,53.79,1.054,0,0,11,electronics,0,genuine
2f989955-6f94-427e-988a-8ac171797156,ACCB5426310,72.07,0.99,0,0,13,entertainment,0,genuine
60184a46-d36a-48d5-a805-616bdf108c2b,ACCC7DF1C25,96.98,1.11,0,0,6,travel,0,genuine
be209973-c0a3-4b7f-815f-1302eae7e163,ACC48A4DD1A,34.26,1.12,0,1,10,fuel,0,genuine
63ad8d8a-5fef-46ee-966b-2e717fd68265,ACC360FB49F,38.14,1.01,0,0,21,grocery,0,genuine
ee32aff5-a3c5-4feb-a895-7ea1fadd34e5,ACC700C0204,505.55,3.658,0,0,5,electronics,0,genuine
8715ae0a-8c32-4964-8639-c2862a7d1312,ACCE4ED68FE,113.51,0.614,0,0,11,online_retail,0,genuine
5ee0a5c4-86df-4a24-89de-6f7b1153b7fd,ACCA8AE6BA8,38.93,1.031,0,0,0,fuel,0,genuine
1e582ff9-27f0-4c0f-ae95-d0ab46ec0666,ACCAB52E977,101.46,0.994,0,0,22,entertainment,0,genuine
91a9ecbd-272f-47f4-a4e2-9aca93287888,ACC9A66A456,200.38,1.293,0,0,10,travel,0,genuine
10511e49-1aa3-4882-a392-5933184920e9,ACCAFE32BE6,182.39,1.041,1,0,6,electronics,0,genuine
64019200-0d74-412c-beff-4c171e9e3569,ACC75F5AFB9,44.91,1.029,0,0,15,fuel,0,genuine
12f93610-a12a-4316-b4b8-14bc48310e44,ACCBDEED3A1,13.19,0.848,0,0,14,travel,0,genuine
73b6288a-c5fa-45d1-be30-935557df115b,ACC874BD617,56.52,0.417,0,0,5,grocery,0,genuine
2591a64d-3e6c-4abe-8d15-f87aaa457f26,ACC132E6B03,107.24,1.336,0,0,18,grocery,0,genuine
ce58a10a-b2c3-4988-bed5-6a8ac85c1732,ACCB8B8E9BE,91.92,0.961,1,0,12,restaurant,0,genuine
f678f926-e68f-49e3-83b6-6d4083941942,ACCCDE6737B,157.33,1.376,0,0,14,electronics,0,genuine
5e46f7f3-3e57-4d21-9f8a-071cb9990f05,ACC38C22FBD,259.77,1.458,0,1,19,restaurant,0,genuine
95d83b1b-a49a-4de2-923f-99b4bf00f14a,ACCC0703F18,193.75,1.032,1,0,21,electronics,1,foreign_location
48639f88-dd04-4aef-b00b-14cfa899eb25,ACC5F0A2EFB,17.65,0.616,0,1,5,utilities,1,new_device
ffb75c37-6240-480b-b43e-3d17a57510f3,ACCD581D6E4,306.34,4.312,0,0,9,online_retail,0,genuine
a89a4bde-8ec9-4a69-a8cf-9b6b780db21e,ACCB17AC2ED,13.68,0.43,0,0,23,entertainment,0,genuine
b86ab5cc-f88e-4ff8-8a15-4d77e4df1e92,ACC6BDE26B6,35.68,0.957,0,0,11,travel,0,genuine
44314fa3-9e95-4efa-9f8b-e334a62a2aa7,ACC080F4BCF,96.72,0.915,0,0,23,grocery,0,genuine
a21fed5f-4813-4aa7-8686-64eb10070889,ACC43CFC7DA,120.75,0.851,0,0,2,restaurant,0,genuine
5636516f-ea84-4e40-8614-c3a91480628d,ACCE7567526,78.61,0.458,0,0,2,utilities,0,genuine
87cdddb9-23e2-4abf-a4f8-a68bbf8f481c,ACCE45B9394,79.42,0.953,0,0,20,grocery,0,genuine
92e8fe76-4f60-415f-b948-481d18ef050d,ACC2E4F73FD,1,0.019,0,0,16,travel,0,genuine
3bb35114-cda0-48d4-a752-30cb055618ef,ACCFD91D323,917.06,9.811,0,0,20,electronics,1,huge_amount
cb2cc32c-d941-4579-aae4-81d105cbc53f,ACC700C0204,110.06,0.796,0,0,15,online_retail,0,genuine
ebc7a5e7-c2de-447d-9ca2-8d8cf396c05b,ACC2CED7AA4,162.29,1.196,0,0,13,grocery,0,genuine
1e045b78-dbeb-49c0-ad12-25768248b1ed,ACCF0ED3147,48.43,1.165,1,0,23,electronics,0,genuine
717c80fb-6fcb-4998-bd27-bc20e3421129,ACC1F9C12DE,226.34,1.666,0,0,16,grocery,0,genuine
5c2987d9-9678-45d7-9060-cf0bedf6e85e,ACC43CFC7DA,67.37,0.475,0,0,14,utilities,0,genuine
1219816f-812a-4728-aee2-db0132664568,ACCD13E9570,12.92,0.734,0,0,16,grocery,0,genuine
f5e7bc98-6753-4dd0-bac0-9e7355baf4ab,ACCB70F3DBC,110.2,1.022,0,0,17,utilities,0,genuine
1de17057-1342-41c4-8f16-dc575d6cd315,ACCE5159C95,176.09,1.397,0,0,14,travel,0,genuine
2ecf1214-5f94-4429-9d9f-299452b9b4a3,ACC1FD41087,31.19,0.202,0,0,9,grocery,0,genuine
93bc7dca-9416-4201-baed-eb799c98cfa5,ACC0E90F901,585.76,3.346,0,0,4,grocery,0,genuine
0b5053dd-dd57-4c89-9580-960cfbd74ed5,ACC0DB3A99A,73.17,0.799,0,0,3,utilities,0,genuine
2a0ca9e5-7855-407f-b947-53488b2cc7cd,ACC785F9AD5,218.85,1.342,1,0,0,travel,0,genuine
48fc9c83-8bf4-43a9-afbb-45c0a281186b,ACC4C275212,670.38,4.425,0,0,16,travel,0,genuine
a9e00c8d-989d-480e-87eb-649c9399692b,ACCCB40A1BB,24.52,0.815,0,0,10,fuel,0,genuine
9873149f-0dd0-4f64-9976-fb8cc23840c3,ACC0A64ABBD,23.37,1.138,0,0,0,fuel,0,genuine
aa608a04-ade0-4f73-8ae7-2d7b09de074b,ACCA73977CA,323.72,1.758,0,0,21,travel,0,genuine
32673d70-abb1-40a8-b07d-3e23d4398f0c,ACC146CFDB2,168.07,1.164,0,0,2,electronics,0,genuine
0475e1ac-81cb-4571-af9b-47828c5eb5b6,ACC9C6A7618,57.8,0.384,0,0,17,entertainment,0,genuine
8d8e06bf-4c1a-46f4-bc74-0a6eaa22bfab,ACCA9BDD42B,179.35,1.159,0,0,23,electronics,0,genuine
4ba3ba99-c5fc-4683-a174-ed6d6b586e28,ACCF8A2CF4C,117.95,1.156,0,0,14,utilities,0,genuine
d45e23c3-96ff-4b42-92e2-3ce40a4a496e,ACCE7567526,87.19,0.508,0,0,3,restaurant,0,genuine
755387c3-93e4-4fa1-98d9-21cbc301d82b,ACC6A7B8E91,197.95,1.366,0,0,8,fuel,0,genuine
cff93cca-cb8c-428f-9bb2-21699225c09b,ACC8D51567D,68.46,0.803,0,0,20,fuel,0,genuine
a5652ab3-139a-44a6-b232-d66aff3058c1,ACCEF39B188,24.49,0.211,0,0,7,utilities,0,genuine
6d217bde-ded0-4fe8-8f4d-285d0ff61a5b,ACC1E39053B,281.05,2.841,0,1,5,online_retail,0,genuine
e6241b12-f8ce-4f6e-af73-ca602ba7892a,ACC30BAEE93,69.69,1.257,0,0,21,electronics,0,genuine
7f3ac94d-7a54-406c-8e6b-e6fe41257acd,ACCC7DF1C25,111.11,1.271,0,0,16,travel,0,genuine
e032c5d2-6f3b-413d-ba0f-ed3c5ffdaac9,ACC68859C88,132.37,1.175,0,0,23,entertainment,0,genuine
621c5f58-e906-4c5b-8689-491de1734932,ACC2E4F73FD,75.52,1.405,0,0,22,fuel,0,genuine
3d275623-c421-4a04-bd59-615edc8e5792,ACC47DBDD62,65.79,0.644,0,0,11,online_retail,0,genuine
bb95c47b-d29d-43bf-a0c6-b38239bc1e0c,ACCD06EC9E8,38.88,1.179,0,0,8,online_retail,0,genuine
01d5243b-0f79-4b0a-b12f-78d260d24cbc,ACC17C90D98,180.96,0.973,1,0,14,restaurant,0,genuine
74489c48-86df-408b-9806-50b1287ec4b0,ACCF0ED3147,36.07,0.868,0,0,16,utilities,0,genuine
96d27f73-8528-4f29-8114-d2de8e95e95f,ACCB8201BFE,182.75,1.746,0,0,21,fuel,0,genuine
648825bd-58e0-4f9b-b092-1bef30a38f4c,ACCEF39B188,90.68,0.783,0,0,14,fuel,0,genuine
37e3626b-7d0f-49df-ad57-3d0c5d646100,ACC47DBDD62,115.7,1.132,0,0,7,utilities,0,genuine
697286a9-8516-4d9e-a260-b30084aebabb,ACC8AC68D4A,223.7,1.187,0,0,14,grocery,0,genuine
80498828-de85-4a6b-9700-e9c67b3f4412,ACC22163AB8,90.27,1.05,0,0,5,restaurant,0,genuine
bf92abff-556b-472a-9c84-da6fdd3a2182,ACC145D3692,501.55,3.815,0,0,4,fuel,0,genuine
4294270a-8a6f-4706-b84a-c681f33d995b,ACCA1AE10E7,25.69,0.848,0,0,5,grocery,0,genuine
45bd7c6a-4514-40e3-8464-2c85f974b6ed,ACCB6304D6D,151.03,0.948,0,0,1,electronics,0,genuine
70eab4e7-4c34-480b-a3c9-754d1dec2bec,ACC58892FA4,69.84,0.597,0,0,20,fuel,0,genuine
38d232f9-f934-4711-b447-1f7ae484a449,ACC3BE27A0C,32.21,0.494,0,0,12,travel,0,genuine
2aadd735-cfe1-453e-9263-a67589eb4978,ACCBFA30BE8,75.12,1.225,0,0,1,fuel,0,genuine
7d3e398a-fe6a-4c92-a684-4c90bfdbf342,ACCD06EC9E8,47.61,1.444,0,0,10,entertainment,0,genuine
25663f90-96b2-4c4e-a11b-8baf9c01d0ea,ACC59EA8486,217.71,1.393,0,0,14,utilities,0,genuine
dec892b7-512e-4ff7-b96d-81d741efea80,ACCAFE32BE6,368.48,2.103,0,0,17,grocery,0,genuine
cda56ea4-ee47-4b6d-9bc3-b861477331da,ACC63E38219,428.83,3.794,0,0,19,fuel,0,genuine
46257881-32ab-4637-8bb8-e99d625bd80e,ACC6755B550,32.87,1.088,0,0,13,fuel,0,genuine
2316dc14-f07f-4add-8dae-d774fa436219,ACC819391A9,46.66,1.203,0,0,14,restaurant,0,genuine
434ceb70-c962-4b34-b5de-b3180aa3c172,ACCAB52E977,57.65,0.565,0,1,22,utilities,1,new_device
ada03750-d0d7-406a-8d1e-0e28948b6630,ACC81C97E10,32.55,1.604,0,0,16,electronics,0,genuine
64f7a61f-63f5-428e-9c22-1a07c7e338fc,ACC72FC33FB,40.81,0.307,0,0,1,grocery,0,genuine
921e3ff7-de6f-4584-a518-d8e73a9f2ccd,ACC42229380,88.38,0.915,0,0,15,utilities,0,genuine
30774ae2-70ba-4165-979c-5f754dfedc1b,ACC9C33D69A,30.13,0.634,0,0,3,grocery,0,genuine
65f59540-4d26-4325-910f-e3371d0d8abe,ACC47C1AE01,49.38,0.453,0,0,6,travel,0,genuine
9c686bd5-3b90-4231-9983-0489c9ac19a1,ACCC7CCB237,165.56,1.344,0,0,18,grocery,0,genuine
ce971d46-9b4f-4518-8a73-d97d678575ce,ACC49711EE2,189.84,1.037,0,0,14,restaurant,0,genuine
40acc0f5-6c7b-443a-a261-178c08191e1d,ACC6E29EDDC,53.52,0.447,1,0,23,online_retail,1,foreign_location
f9bae049-5dd9-4132-8b5b-0b9ddfee61c9,ACC8AB20DFB,24.29,1.081,0,0,21,online_retail,0,genuine
f079039a-084e-4b58-be18-94d523b25508,ACC476E30AF,29.42,0.621,0,0,1,travel,0,genuine
4aa88a6c-0f8e-4f38-9449-f7dbef65eca9,ACCFEB58DF9,157.22,1.197,0,0,0,online_retail,0,genuine
5545efbb-7748-432c-808f-a0f82787bd0d,ACC3A936184,175.77,1.171,0,0,13,utilities,0,genuine
eb04d4ad-a506-4413-b132-8b88c76e591d,ACC95B54780,251.9,1.381,0,0,3,travel,0,genuine
9167a795-0fd6-495e-9484-f0447d70f79d,ACC159AEF91,156.92,0.913,0,0,23,fuel,0,genuine
ada8729d-f817-47ee-8d65-c2ecf45dec2e,ACC317B2615,324.71,1.8,0,0,2,fuel,0,genuine
e3a1398c-df3c-4c3e-9c6b-6d29073841c6,ACC360FB49F,27.61,0.731,1,0,17,online_retail,0,genuine
c0730a88-a87f-466c-8620-e55bf3a7dd2d,ACC834F38DE,111.44,1.063,0,0,2,utilities,0,genuine
35c717c2-eccc-4faa-b05a-10fbc1f57572,ACC785F9AD5,198.87,1.22,0,0,13,restaurant,0,genuine
78e6ca79-6015-4bcf-93e9-5e5272783719,ACCAD8261D9,190.96,1.054,0,0,10,entertainment,0,genuine
d7eb93f4-c25c-4f44-8c11-6f9a5058d671,ACC80414307,140.64,1.377,0,0,5,electronics,0,genuine
cd0839f0-72af-49e5-b07f-f44ac490a36b,ACC4BCFE47D,36.17,0.836,0,1,1,travel,0,genuine
388e7b75-a878-4e49-b7bb-aadca29a20f6,ACC30D0A6A0,214.73,1.339,1,0,5,utilities,0,genuine
28af2c27-871b-4edd-9393-477e5c7a2132,ACC8D51567D,74.46,0.874,0,0,18,travel,0,genuine
c39d7f0c-448c-4cbf-956a-8fbcb45afb64,ACC0AAC82C2,93.02,0.964,0,0,12,electronics,0,genuine
1d0b06d0-3779-4179-bec6-f55523326560,ACC7661F9A1,63.92,1.105,0,0,19,fuel,0,genuine
4dff2fd8-50ed-48f2-a326-86926d3e1555,ACC5E53E80D,111.49,1.246,0,0,10,travel,0,genuine
49417f85-ccb8-4c75-b511-a925d601eb5b,ACC5B205BFD,67.5,1.26,0,0,12,fuel,0,genuine
289fd4e0-a87d-427d-ba33-198005c75dd6,ACCD06EC9E8,38.69,1.173,0,0,2,restaurant,0,genuine
6f6516ce-624b-4fd6-9d1f-f771fed70fbb,ACCE755C517,134.24,2.376,0,0,7,entertainment,0,genuine
47091bcf-f7bc-4247-ba8d-d27e0fb8615d,ACC5E8DD908,273.88,1.64,0,0,12,grocery,0,genuine
1ad437b6-9fba-439e-aeaa-08ee903e7de4,ACC724DAE51,40.29,1.194,0,0,14,utilities,0,genuine
18a5e3e4-77bf-480d-baec-cef2915372e4,ACC9A66A456,164.85,1.063,0,0,10,online_retail,0,genuine
6b6f7a51-9bb5-465f-a39b-cb2718a6ba74,ACC6993E5A7,6.88,0.069,0,0,1,fuel,0,genuine
5b384d1f-464b-446d-9a2e-62142c33f751,ACC72FC33FB,104.57,0.786,0,0,14,restaurant,0,genuine
ea71317a-640a-4d1f-89c2-79642407ce2b,ACC874BD617,61.33,0.453,0,0,23,fuel,0,genuine
41b233b7-9266-40b6-b96d-46d8ef106112,ACCEE57AC5C,56.93,0.465,0,0,1,utilities,0,genuine
d1bf469f-4dc1-46ee-8aab-caa87e88541d,ACC57066E7B,31.03,1.235,1,0,0,restaurant,0,genuine
3dfd2f4a-913d-4aa4-b9a3-a7286ee3cd14,ACCEB67227A,140.61,0.769,0,0,18,electronics,0,genuine
0e9dda62-5128-4cdf-adfb-1273c1f67ac7,ACCBB625750,568.87,3.976,0,0,6,entertainment,1,huge_amount
b8341031-8a87-43a9-9ac4-efe86f0fb5a9,ACCBBEDED04,8.12,0.458,0,0,3,restaurant,0,genuine
f13c39f1-1c31-4f57-a685-cb50d317b383,ACCDA024530,132.27,1.032,0,0,20,electronics,0,genuine
832309a9-02e2-4bde-bdeb-c1d0328a31e0,ACC2AFF62BB,114.13,0.753,0,0,12,entertainment,0,genuine
4457f2aa-4067-4ea7-bc0c-326603968585,ACC4C1060FF,188.32,1.012,0,0,13,restaurant,0,genuine
ec61a14c-af8f-41cb-839c-c0632d4bc046,ACC2227A7D6,144.28,1.06,0,1,16,entertainment,0,genuine
10aa527f-805b-4cf9-8a0d-ea536b732bf0,ACCD70B7103,27.3,0.437,1,0,17,online_retail,0,genuine
cf393a9a-8013-416e-9e29-5f1e49d7f388,ACCA8070C69,75.76,0.486,0,0,7,online_retail,0,genuine
57e02743-5402-450e-b535-5a4c32d76197,ACC257866E9,201.41,1.242,0,0,15,utilities,0,genuine
a8a5baaa-062d-455e-a05f-c586c988e13d,ACC4328EBBB,238.16,1.258,0,0,13,fuel,0,genuine
ad19dbc1-bee5-4c83-a0fa-a0f15defdd55,ACCD13E9570,186.16,10.577,0,0,7,grocery,1,huge_amount
5d6a974c-e54a-453d-b542-34f529209e0d,ACC8B071F50,151.08,0.911,0,0,5,utilities,1,stealthy
a7fb1fd7-7e3e-4e69-a69f-8c0c51ab590a,ACCBBEDED04,24.38,1.375,0,0,22,online_retail,0,genuine
77d8e54e-8225-46b6-92c9-3280451e6a03,ACC0FF13EC2,134.6,0.687,0,0,0,fuel,0,genuine
f33986e9-e505-435d-aabf-bea7abacb8f0,ACCA6791AA0,146.12,1.465,0,0,13,utilities,1,stealthy
c252792f-302d-4710-88e1-6a1dde247840,ACCCF5314D2,279.63,1.683,0,0,18,online_retail,0,genuine
fba16a14-f7de-4151-b05f-0e2b57403057,ACC485CBED1,267.09,1.942,0,0,17,fuel,0,genuine
2946db47-4972-400d-94e7-0fd2c29fa7a1,ACCABC666C2,215.39,1.22,0,0,15,fuel,0,genuine
a6f5b91a-2e43-499f-8d89-a53714c2f245,ACC33790CF6,1251.29,7.926,0,0,1,grocery,1,huge_amount
37d6c722-e809-43af-8a5e-6fdd8013be2e,ACCD07853CF,89.7,0.731,0,0,4,utilities,0,genuine
f858287e-6acd-4b32-aec0-044fd294cc74,ACCAB52E977,149.62,1.466,0,0,23,restaurant,0,genuine
62a6db83-4056-48fb-bbc5-3e1026f65061,ACCA1BB6B6C,91.6,0.687,0,0,6,fuel,0,genuine
eae5009d-dc8b-4199-bb09-9132f5b5ee67,ACC71F2BF15,128.94,1.372,0,1,13,travel,0,genuine
1db7b51b-1450-46a3-85c2-a14d8d6da144,ACCE5159C95,390.42,3.097,0,0,1,entertainment,1,huge_amount
b5d1f52d-44e8-47ec-b8f2-2cac563a2c72,ACCB7261A19,204.23,1.138,0,0,0,grocery,0,genuine
27a1df45-5018-4a96-8554-0ce84970cb64,ACC6781637F,301.02,1.64,0,0,21,restaurant,0,genuine
01147b21-d025-42f9-a4c2-3492ff0c383a,ACC73A1A864,88.92,1.078,0,0,12,restaurant,0,genuine
29fc3457-234d-47e4-87f4-886672a40249,ACC55972CEC,107.66,0.689,0,0,2,travel,0,genuine
0ad53e31-2be9-4081-a21d-c0e1d01d13c6,ACC8CF8E85D,174.38,1.831,0,1,2,restaurant,0,genuine
9d7ead30-c979-4330-a870-f302ce3fe095,ACC17C90D98,314.9,1.693,0,0,14,fuel,0,genuine
eeb1161d-3ffd-4c8d-976e-cc5f181eaa05,ACCFD91D323,83.16,0.89,0,0,6,electronics,0,genuine
808e0a32-2924-4397-93c1-cf32ca695679,ACCDF6D88DC,15.63,0.696,0,0,19,grocery,0,genuine
83fe9ffe-dfc4-42d0-a489-71799bb4af82,ACCEB67227A,98.88,0.541,0,0,21,travel,0,genuine
b4790032-0a97-4b1f-8953-058ccf9d4a1e,ACC47C1AE01,105.48,0.968,0,0,21,utilities,0,genuine
465e2bb8-0fc7-40b5-85c3-89fea502a585,ACC065617EF,65.94,0.344,1,0,15,fuel,0,genuine
35249fe8-a8b9-4143-9794-ffa5488f5478,ACC400342D2,106.65,1.863,0,1,14,fuel,0,genuine
6724b519-5d9b-46cd-bb93-dc2c775fe0b8,ACC67FED836,193.22,5.07,0,0,2,electronics,1,huge_amount
49cf68b0-a0d9-43a3-b549-caa650f1a9c8,ACC52E63E8E,41.7,0.593,0,0,22,online_retail,0,genuine
f9e45803-a09e-406b-bda9-da3796d3c026,ACCAB52E977,106.72,1.046,0,0,6,electronics,0,genuine
283ec0a7-d028-4075-a070-9a12413c0f1a,ACCCF10A3E8,26.51,1.163,1,0,12,travel,0,genuine
34a936d0-f1f1-4014-a65c-c4802dad3112,ACC8B88E484,88.18,1.149,1,0,1,travel,0,genuine
f4390072-273f-43f2-915e-f9671026bc3e,ACC0AADD547,157.77,0.98,0,0,11,travel,0,genuine
330007c1-0133-40d8-8769-7986e34fc01b,ACC75F5AFB9,57.76,1.324,0,0,14,entertainment,0,genuine
f5c4a981-29f8-4553-b439-2ddc43a13d9d,ACC936198A9,61.75,0.802,0,0,16,fuel,0,genuine
af2fbf77-4fc8-4650-a5e4-6472b9729217,ACCF4D51612,157.54,1.177,0,0,8,travel,0,genuine
90a7c676-f5ff-4b5e-80bb-9dbfbc7cba9c,ACC98A8E15C,134.33,1.116,1,0,21,restaurant,0,genuine
4b96c219-20dd-4d8c-a9b9-6a0ad2d71c4a,ACC51CC8D6D,73.84,1.262,0,0,12,grocery,0,genuine
78924e5b-358e-4a15-b387-04c1f3a63a06,ACCD70B7103,46.86,0.751,0,0,9,fuel,0,genuine
a18b137b-ddcf-4a64-bb73-db846731ce00,ACCB7FD1801,177.34,1.519,0,0,16,travel,0,genuine
c3b18d66-9d12-4e1a-a6f8-0c4fb58d3870,ACCB743CAF9,109.26,0.646,0,0,2,online_retail,0,genuine
703c3451-a77c-47e6-9fb9-383078ed876c,ACCAF2FECB8,402.9,5.811,0,0,12,utilities,1,huge_amount
a67585a9-61ba-4747-8b27-0204d129e8c8,ACC2C848FF5,136.65,1.18,0,0,14,travel,1,stealthy
83f0b571-fb8b-46d8-bccb-58373210b87b,ACCFABA81CE,153.03,0.777,0,0,23,utilities,0,genuine
dfbe544d-3918-49d7-acb3-7aa9805035a8,ACC0FF13EC2,151.18,0.771,0,0,23,fuel,0,genuine
4f603db2-3635-4476-8072-e9a44676aef9,ACCD8D566E9,182.51,1.097,1,0,2,online_retail,0,genuine
e1ad3acf-5a55-4ca7-bc64-fdf586dc1efa,ACC6755B550,26.76,0.886,0,0,16,online_retail,0,genuine
cd291103-5ebc-4ff3-b19b-008467cf2f86,ACCF8C437FB,71.87,1.518,1,0,7,electronics,0,genuine
b1465ce5-ef7f-48b9-b32e-93c4387c3730,ACCF524BA52,192.88,1.182,0,0,6,travel,0,genuine
096b9c6f-2db2-4b28-bb5f-a5a4f26844ec,ACC8CA0E9D4,62.02,0.648,0,1,8,fuel,0,genuine
fad7142a-6368-44c8-a7eb-c35256a9b40f,ACCBF96BF99,6.52,0.104,0,0,0,electronics,0,genuine
fa4d8459-6017-4d81-acfa-99c93d557eae,ACC5A5853FB,189.95,0.98,0,0,2,restaurant,0,genuine
6514f08e-d7a5-4570-8c28-1691549d845d,ACC44DDB1DF,100.94,1.274,0,0,0,electronics,0,genuine
ec1ace6f-9cbf-481f-9779-57efa194f2eb,ACCF8A2CF4C,75.99,0.744,0,0,1,online_retail,0,genuine
2f43841a-e2d0-4784-ada9-3c7d51b7b221,ACC7D30696A,164.04,0.975,0,0,7,restaurant,0,genuine
6c41c4f6-2e7b-4fa4-a6b7-af2baf823599,ACC17C90D98,164.64,0.885,0,0,9,restaurant,0,genuine
7a2697f8-dfd5-4fb5-9390-74eba21be5d4,ACC0859F122,540.7,3.81,0,0,5,electronics,1,huge_amount
70a9d27c-de0a-404d-b361-547708559614,ACC6FF68307,124.23,1.093,0,0,14,fuel,0,genuine
888e916b-b78e-4ccb-8a43-8b3480ebaf50,ACC065617EF,185.98,0.971,0,0,17,entertainment,0,genuine
b5cc5e31-73df-421e-be31-f1d991aeb9dd,ACCE6F8D6D0,203.2,1.021,0,0,6,entertainment,0,genuine
90f7d8c6-26ef-44f0-a169-2356f946895d,ACCF3D6177F,11.12,0.629,0,0,3,utilities,0,genuine
fdcdedc8-c2d2-45b8-9e51-9881ca7ee095,ACC1FAB3F77,195.17,1.339,0,1,23,grocery,0,genuine
43202715-1219-4cdc-a21f-a27ba9d7b76c,ACC360FB49F,53.16,1.407,0,1,3,electronics,0,genuine
0da2d356-71e5-48da-a228-b3df4736c293,ACCA73977CA,76.33,0.414,1,0,5,utilities,0,genuine
c49ae9ca-10ba-4a69-be22-680693489e26,ACCB58647E8,62.92,0.718,0,0,22,travel,0,genuine
661ee01e-9819-4131-99dd-4b1951b4d774,ACC295CE380,271.79,1.382,0,0,3,utilities,0,genuine
c44d8b1a-ba80-4fc6-b2c5-158f58200ae7,ACCB4BE454E,188.03,1.174,0,0,1,travel,0,genuine
5979e396-7c3b-4fb4-ae42-75e468767475,ACC98A8E15C,137.96,1.146,0,0,22,electronics,0,genuine
f706d970-f65d-4bb3-a4bd-479b7acc2827,ACC8C663F70,100.42,0.581,1,0,22,online_retail,1,foreign_location
06498bbf-c7d2-4f63-b760-774cc09d098d,ACC5952E61B,156.97,0.863,0,0,0,online_retail,0,genuine
b95863a3-f79b-4a3f-92c5-8a0897365294,ACCA56E2DAF,56.47,0.663,0,0,9,entertainment,0,genuine
1bb331b4-8be3-4df2-97d6-47349bbe9bba,ACC9C33D69A,58.46,1.23,0,0,0,fuel,0,genuine
acf45bef-51c7-42cb-8466-0d144802a9bd,ACC81C97E10,31.21,1.538,0,1,8,electronics,0,genuine
13d03b3e-540c-4319-b19f-a8c07d136497,ACC431B338F,91.64,1.129,0,0,20,entertainment,0,genuine
dd39bcea-561b-45ee-8106-3a9a8a2eb2c3,ACC47C1AE01,104.96,0.963,0,0,3,travel,0,genuine
149fd3f5-9eb5-46c0-87c4-7d9623920b51,ACC4B968249,61.08,0.616,0,0,19,utilities,0,genuine
826b38bd-300a-4464-96c8-55f8c30c0658,ACCE3BC14DF,233.46,1.443,0,0,22,entertainment,0,genuine
8e614e12-a0bd-474a-99f6-30a0cc089809,ACC790C1C58,28.64,0.891,0,0,19,fuel,0,genuine
eace3bf5-2138-4608-8ac9-2e6d8d5eccc5,ACCA56E2DAF,79.09,0.928,0,0,16,restaurant,0,genuine
df257393-01d4-421e-9e8e-a5db78523632,ACCB7FD1801,101.68,0.871,0,0,17,electronics,0,genuine
4e356fed-bebb-4b09-82f0-6f2be92af657,ACC5E53E80D,72.6,0.811,0,0,6,fuel,0,genuine
92971d2f-a76f-49b9-9cf5-af741d387c8f,ACC2C848FF5,62.93,0.543,0,0,22,fuel,0,genuine
71ee5343-c7f1-4c7f-ad15-8deddc906338,ACC4C1060FF,203.91,1.096,0,0,12,travel,0,genuine
50615c7e-0a36-4020-b5a7-b77f40a49afe,ACCF524BA52,183.39,1.124,0,0,8,entertainment,0,genuine
89994e56-812f-47e2-972f-954fe3f51bbc,ACCC0703F18,194.64,1.037,0,0,16,electronics,0,genuine
8d900788-4d8e-4625-8cf2-f089e1781407,ACC8D51567D,55.73,0.654,0,0,21,restaurant,0,genuine
528191f9-cc22-4dc3-83eb-71d5ab170599,ACC724DAE51,29.81,0.883,0,0,4,electronics,0,genuine
2b44a1b7-84e9-4f55-8894-a6f5fc8daa16,ACC63E38219,133.1,1.177,0,0,20,restaurant,0,genuine
a19189c0-ca44-4f65-bbf3-1a9c238acbf2,ACC71F2BF15,89.34,0.951,0,0,10,electronics,1,stealthy
060a9e11-a851-4363-876a-fa1e507cd0bf,ACC89FB4304,84.65,0.851,0,0,16,utilities,0,genuine
a4294c73-7189-49b0-84df-8c9dcdbeb1ea,ACC48A4DD1A,36.31,1.187,0,0,5,restaurant,0,genuine
e5e20edf-d35f-4a14-8b2a-eba5b426ccd0,ACC42229380,110.92,1.148,0,0,18,utilities,0,genuine
dbf4abc3-a766-4efe-8798-6d97aabee875,ACC132E6B03,86.47,1.077,0,0,19,fuel,0,genuine
07bb3889-0261-4077-b6d1-2d5812184fc0,ACCD07853CF,143.63,1.171,0,1,9,electronics,0,genuine
14447756-6b87-4fa8-8b61-a8529d0582c7,ACC7661F9A1,25.2,0.436,0,0,15,travel,0,genuine
5deae348-7a8d-461c-b2a5-3189399cf44e,ACC6F7D92B8,75.45,1.906,0,0,19,electronics,0,genuine
d3841d84-e280-4c68-9db3-26f9f1a48476,ACC400342D2,34.99,0.611,0,0,3,grocery,0,genuine
01675a9e-dad5-4ea3-9bb1-2cd5d791fa21,ACC360FB49F,96.14,2.545,0,0,6,grocery,0,genuine
81d59d3e-27cf-4bdd-bdb5-caddf06df3c7,ACCD06EC9E8,51.19,1.552,0,0,12,entertainment,0,genuine
4872229c-9207-4c21-8669-5b5906ff9c49,ACC3A936184,189.23,1.261,0,0,3,grocery,0,genuine
01b3c74d-04c6-463c-8123-803f265a9554,ACCF4D51612,133.06,0.994,0,1,1,electronics,0,genuine
6df3e0a3-2ab4-4cd1-8775-9f295b7b5bdf,ACCE2B777FC,10.56,0.059,0,0,12,travel,0,genuine
8c7f36c2-302b-458f-9f67-2a3c754bb157,ACC209F2457,289.99,1.55,0,0,11,grocery,0,genuine
a90853fe-cf29-4d00-824a-ad985711057e,ACC4B968249,67.05,0.676,0,0,7,online_retail,0,genuine
ddc4d5a0-40be-4be5-ad19-181357f6cceb,ACC8AC68D4A,179.57,0.953,0,0,16,electronics,0,genuine
e29e8179-fd7b-4cb0-b4e4-530d0947e314,ACCD70B7103,51.66,0.827,1,0,22,fuel,0,genuine
e356a4ac-e720-46b0-afba-65a832d7dc61,ACCB58647E8,104.82,1.197,0,0,20,online_retail,0,genuine
0a76b341-3ceb-4bdf-993d-4ec4303c0454,ACCDF6D88DC,5.55,0.247,0,0,22,travel,0,genuine
a3b56b93-788e-4316-b8d3-f191700cc459,ACC4B43792F,48.23,0.994,0,0,1,entertainment,1,stealthy
6f71acf9-912a-4a11-9e2a-8f9249eb1f35,ACC0AAC82C2,68.82,0.713,0,0,14,utilities,0,genuine
043cba29-2a1d-4c36-8e48-c2f736e595ba,ACCE3BC14DF,143.54,0.887,0,0,20,fuel,1,stealthy
c5dc6d5c-12d5-4510-8433-ec4477ddc8db,ACCFEB58DF9,132.83,1.011,0,0,16,travel,0,genuine
e8563aa2-6e20-44c0-9df7-f09ae4b06160,ACCB4BE454E,217.91,1.361,0,0,17,grocery,0,genuine
d2814e6f-4d14-4143-81ea-ada7f0d4e5e6,ACC6A7B8E91,111.86,0.772,0,0,21,fuel,0,genuine
bf4cac11-f115-4bd0-9109-428ad053f018,ACC49711EE2,183.39,1.001,0,0,21,entertainment,0,genuine
60187763-6abd-4456-bf19-88323ba8d919,ACC77B9597C,172.24,1.071,0,0,6,fuel,0,genuine
03bb3518-3c80-4c5c-acd9-41b272c0bf43,ACCD81E32FD,47.6,0.911,0,0,8,restaurant,0,genuine
b91a76ec-df35-4437-a819-d12d7a6a11c7,ACC0E90F901,30.27,0.173,0,0,4,grocery,0,genuine
c23a76be-f110-4ff2-8fd5-e95b4c81a5a0,ACC5B205BFD,49.71,0.928,0,0,4,electronics,0,genuine
5d4a18f1-1497-42b5-87e7-34bac0bf0a06,ACCD77D289A,34.96,1.038,1,0,17,entertainment,0,genuine
6d5a0731-f70f-4045-b664-ef90a4044b1f,ACCBBEDED04,16.02,0.904,0,0,8,fuel,0,genuine
bf9d9bd5-367d-4ec2-916e-abbff1e34b11,ACC91469B41,19.14,0.973,1,0,0,restaurant,0,genuine
a1cb27e6-8cda-46cb-8127-5201a336e8b9,ACCB7FD1801,88.23,0.756,1,0,1,electronics,0,genuine
562ce299-360b-428b-9fb6-d458696465bb,ACCD07853CF,59.35,0.484,0,0,1,restaurant,0,genuine
4b117eb0-9980-4066-a56c-5f69208099bd,ACC8AB20DFB,17.86,0.795,0,0,23,entertainment,0,genuine
74884e12-9984-4474-bcf2-d0814fb5f6b4,ACCD70B7103,37.06,0.594,0,1,3,online_retail,1,new_device
e7fa15e6-c415-4692-9dab-2624a8357f37,ACC4BCFE47D,38.3,0.885,0,0,23,restaurant,0,genuine
3e013270-de22-43d8-9b76-35de3050d766,ACC58892FA4,80.95,0.692,0,0,12,entertainment,0,genuine
970bfc05-cd66-4ee7-ab84-840e13938576,ACC049C6980,223.61,1.374,0,1,7,restaurant,0,genuine
e1755588-469e-41eb-a853-d877a4859fe0,ACC57F1AD9A,164.97,0.901,0,0,11,utilities,0,genuine
e0a740b0-8a57-4294-adac-5748701dbfa3,ACCF524BA52,176.33,1.081,0,1,1,utilities,0,genuine
7d68c85b-b971-470c-a8f2-e056a2a1e83e,ACC75F5AFB9,18.92,0.434,0,0,15,fuel,0,genuine
8bdfc9b9-db33-48b2-89c0-5af72380671e,ACCBFA30BE8,91.56,1.493,0,0,3,electronics,0,genuine
62afd5a3-2d4b-43c0-8788-61a431dcdfa0,ACC485CBED1,150.81,1.097,0,0,6,online_retail,0,genuine
06a4ff1f-b2b7-4ba6-9802-eb6333f03e61,ACC8F3BC4D8,86.8,1.378,0,1,4,restaurant,1,new_device
b3abe61b-846f-490c-9cbd-d64e4d64d093,ACC145D3692,145.99,1.111,0,0,15,grocery,0,genuine
d9bebfd3-d87e-4e55-a2dd-a04a3f406bce,ACC0FF13EC2,216.13,1.103,0,0,7,travel,0,genuine
7d027431-5e35-40aa-9dca-18a784898d74,ACCF3D6177F,10.14,0.574,1,0,5,electronics,0,genuine
1251db76-8037-4a80-b1d0-e0e3104dbc2d,ACC4149DCC6,34.25,0.783,0,0,17,entertainment,0,genuine
1a424b9f-e72f-4d88-a23b-facdda7a19c9,ACC9D67E0D7,83.85,0.594,0,0,3,online_retail,0,genuine
6ebac50a-317a-4edc-80f9-d0d145d6712f,ACC44DDB1DF,59.23,0.748,0,1,7,online_retail,1,new_device
b9b6247e-b215-43ce-80d9-94e50afad01b,ACC604B3540,170.01,1.073,0,0,13,restaurant,0,genuine
a88bfe51-0835-4a2b-a2bb-6431ac9ea49d,ACCC2B19390,139.02,0.875,0,0,1,electronics,0,genuine
1697eac7-b789-4bb1-8d9b-596579a7e92c,ACCBCFB1EE1,14.95,0.675,0,0,1,travel,0,genuine
23b9416a-ccdd-4077-95a2-a9cb5a1ed9f1,ACC68FE0D56,213.28,1.451,0,0,5,online_retail,0,genuine
2ddeb2d6-d0c0-41f2-b2b7-00833f682ca9,ACC52E63E8E,91.82,1.305,0,0,8,electronics,0,genuine
3bf9fa85-6310-46a3-99ee-07d956a8a3b9,ACC8883AEB4,49.81,0.928,0,0,18,grocery,0,genuine
8f6fa114-086c-4ce3-b250-bc1ed60b949a,ACCC742C7D6,112.88,1.588,0,0,6,travel,0,genuine
f35b6b87-ee16-4ab3-92a8-3bb2482c9b26,ACC95087523,93.56,0.898,0,0,4,fuel,0,genuine
a1f0b941-813b-4093-bac2-3de677e2cf8e,ACC2E4F73FD,54.56,1.015,0,1,5,online_retail,0,genuine
cb13e402-33a4-4752-9ac8-4208d5f7f7c6,ACCA12ADE0C,76.26,1.395,0,0,12,restaurant,0,genuine
b5611a72-c4a3-4766-9861-2392b166927f,ACC8CA0E9D4,56.69,0.592,0,0,23,entertainment,0,genuine
28933dc3-ef91-4fb2-8e3e-f025a89c85ac,ACCF4D51612,133.96,1.001,0,0,0,utilities,0,genuine
53ab0c0e-da23-4bfd-bbfa-7882d36f1f44,ACCC2B19390,212.38,1.337,0,0,23,online_retail,0,genuine
82567c0c-202a-4868-853f-e5c7a310e19b,ACC434FD0BB,46.31,0.679,0,0,15,online_retail,0,genuine
680df3ce-b964-4c9b-856c-037552bf3c7d,ACC317B2615,222.51,1.234,0,0,2,grocery,0,genuine
b396670f-53b0-4025-9f3c-098883c63f14,ACC22163AB8,62.84,0.731,0,0,21,travel,0,genuine
306e7634-c9af-4520-be48-6e99d18e646e,ACC8348C5C8,62.7,2.001,1,0,3,restaurant,0,genuine
c13fb224-a728-43b7-983b-11dd81ad6fe8,ACCAF664302,48.97,1.283,0,0,10,online_retail,0,genuine
9f0384c9-5b0a-4088-896a-922d3887654f,ACC3B960C09,68.78,0.389,0,0,11,utilities,0,genuine
0e152fed-23da-4995-960c-0f4b2ac3d267,ACC59EA8486,221.46,1.417,0,0,14,restaurant,0,genuine
afe7dab8-8e0f-47b1-a6a3-132b9964d9a2,ACC94AF39FF,74.39,1.081,0,0,10,electronics,0,genuine
f870c557-26e4-4631-8c0e-5d31b13fea76,ACCE549AC1F,96.01,1.572,0,0,8,fuel,0,genuine
6342f672-8953-4b21-80d4-b459c3afd7d4,ACC2227A7D6,170.99,1.257,0,0,7,travel,0,genuine
b66bf5d1-46f9-4a87-a680-d0ad25c7ba91,ACC0D26E623,61.86,1.511,0,0,13,grocery,0,genuine
e6ad9690-4bb7-4361-95fd-1aeb9c61d709,ACC7661F9A1,79.8,1.38,0,0,21,restaurant,0,genuine
0448fbd7-ad0a-4a72-ab53-e965a672e280,ACC874BD617,137.45,1.015,0,0,8,travel,0,genuine
0e9be5a8-83d6-4983-9a39-e1a150e5f64d,ACC8B88E484,78.55,1.024,0,0,6,utilities,0,genuine
e43987dc-0d06-4e39-be9d-79d0a8c09a1e,ACC75F5AFB9,36.39,0.834,0,0,7,travel,0,genuine
0dd8f654-9fb4-403b-92bf-742c65864c39,ACC8F3BC4D8,98.74,1.568,0,0,1,entertainment,0,genuine
e4bba875-aec0-4fa0-9659-e59b62a927b4,ACC57066E7B,20.41,0.812,0,0,18,travel,0,genuine
27583bcd-5045-437d-9575-b2ac74ca7417,ACC604B3540,79.44,0.501,0,0,10,travel,0,genuine
725008a2-4dcd-4140-8931-b30a8f29d2f7,ACC0A64ABBD,19.91,0.97,0,0,13,fuel,0,genuine
45abb22a-ee5e-4362-934d-4bc0d548110c,ACC0E90F901,132.56,0.757,0,0,0,online_retail,0,genuine
2fa26fd6-4c5a-4bdd-9a0c-13038cb37e1b,ACC1804DFBF,274.61,1.417,0,0,15,entertainment,0,genuine
839b1b60-60ff-44c3-8ba9-ff5d4211e6db,ACC91469B41,32.16,1.634,0,0,3,entertainment,0,genuine
a927b2b8-1f84-4963-8487-240991336f9f,ACC146CFDB2,92.0,0.637,0,0,13,electronics,1,stealthy
c9ee8951-b931-4f8e-8234-8c79dd69d009,ACCF3D6177F,17.61,0.997,0,0,23,utilities,0,genuine
d60747a5-4012-4b2d-8b67-db4e24261600,ACC4868BBD3,11.96,0.063,0,0,12,restaurant,0,genuine
0ba6e41a-35b4-45fd-93fb-68419b698afa,ACCB3D946C7,63.14,0.349,0,1,5,travel,0,genuine
80c87def-08ad-4b41-8788-c7b2675bb9f7,ACCEAF23921,72.56,0.911,0,0,4,entertainment,0,genuine
f6341add-a446-4472-b5b5-d7fbd77a97dc,ACC834F38DE,106.62,1.017,0,0,1,restaurant,0,genuine
9d3fe998-e824-4e0e-9801-88630f51296e,ACCA12ADE0C,144.14,2.636,0,0,1,restaurant,0,genuine
b1dc74b9-9a95-419a-9068-19652b1c44c1,ACC81C97E10,20.27,0.999,0,0,12,grocery,0,genuine
e9c1b434-462e-4fc4-b06b-641170982db5,ACC0AADD547,112.98,0.702,0,0,16,online_retail,0,genuine
398c9652-3938-474e-81e4-e83706518435,ACC9C33D69A,77.21,1.624,0,0,10,restaurant,0,genuine
9d1b60cb-64e6-4896-996c-4ef74955c15e,ACC71F2BF15,83.91,0.893,0,0,20,electronics,0,genuine
619990dc-0ac8-4284-ba5a-1952004a263e,ACC72FC33FB,181.84,1.366,0,0,4,utilities,0,genuine
10877c06-24a7-4605-8b1a-8e7c3ba2c90c,ACCE5F859C3,59.38,1.164,0,0,2,electronics,1,stealthy
f5ec8470-08be-4846-b11e-fb58b513805e,ACC8C663F70,178.59,1.034,1,0,2,restaurant,0,genuine
edef3928-f11d-4187-963a-df0223fff860,ACC36CEEE60,199.41,1.203,0,0,15,grocery,0,genuine
d8ba15fb-5edd-4b37-a937-6ed4adb892f7,ACC02350C73,66.54,0.909,0,0,8,travel,0,genuine
15df99e9-09ed-43b8-8e8e-e4800fbca59f,ACCF0ED3147,38.07,0.916,0,0,22,grocery,0,genuine
d47fc301-478f-4ec5-9e1c-402b38743cdd,ACC6A7B8E91,212.66,1.468,0,0,15,utilities,0,genuine
b511b149-1fb2-4f74-be33-631e733bae29,ACC2E4F73FD,71.76,1.335,0,0,0,entertainment,0,genuine
dad857a4-db83-40a7-b3f1-245dfbbe71f3,ACC55E9D122,98.65,1.213,0,0,21,entertainment,0,genuine
3ccd94cb-98a9-4a7b-a02f-c84fe09efd88,ACC2467C52B,44.3,0.932,0,0,13,utilities,0,genuine
6cfe9ea2-f777-4bd9-8488-31cbc9220326,ACCA1BB6B6C,221.64,1.661,0,0,19,electronics,0,genuine
643ef698-ee5e-4b9e-8f9f-0ac517d77d2b,ACCEF39B188,140.92,1.217,0,0,15,restaurant,0,genuine
610153fa-0747-486f-ad3e-9d1131634e35,ACC0FF13EC2,209.7,1.07,0,0,15,grocery,0,genuine
126dbacd-facf-46fd-994c-808652b503bc,ACC1804DFBF,57.52,0.297,0,0,6,grocery,0,genuine
596cfe4d-cf94-4bac-9b69-62b15574a2d6,ACC8A097CC1,42.33,0.414,0,0,7,travel,0,genuine
76606ee5-dcff-4e42-8bd5-9652db2e025b,ACC8F3BC4D8,78.25,1.242,0,0,4,electronics,0,genuine
6b7a28d3-495e-479c-a1d0-24f91ec5cf7b,ACC98A8E15C,115.76,0.961,0,1,16,entertainment,0,genuine
1e29001e-f2c1-4903-8476-763582365d8c,ACCD70B7103,54.19,0.868,1,0,6,travel,0,genuine
a99fa0db-ff04-4818-b429-15e22587e02b,ACCBFA30BE8,84.42,1.377,0,0,19,utilities,0,genuine
9f306e16-80e5-4107-ac17-704953b9863f,ACCBE9782ED,48.35,0.358,0,0,7,entertainment,0,genuine
1088bd98-6cf3-4140-90f5-844a0c869378,ACC7661F9A1,32.28,0.558,0,0,20,entertainment,0,genuine
0f040f9d-dc32-4b5e-b056-e798bc10fb05,ACCE755C517,42.75,0.757,0,0,10,grocery,0,genuine
1e0fce40-8dff-4df5-90c9-3e7c7102d6f6,ACCE2B777FC,208.15,1.153,0,0,18,online_retail,0,genuine
c8b12a18-46bf-4b31-873b-b9045e8d7fcf,ACC5A2E3A6E,176.34,0.942,0,0,15,travel,0,genuine
a1bddbd6-f37c-4870-a9bd-08d1daacf73a,ACCB743CAF9,457.04,2.701,0,0,10,fuel,0,genuine
573451ec-a17a-4e14-a88c-2d22d8a025c6,ACC5B205BFD,62.47,1.166,0,0,18,fuel,0,genuine
173e4588-2e71-4000-8bf3-7341adfea41d,ACCBE5476B7,36.76,0.948,0,0,20,grocery,0,genuine
ba1a327b-8f54-442c-a4ea-7e72f26a0fa2,ACC40162BF5,137.39,1.406,0,0,12,electronics,0,genuine
1ebd3a45-5063-4ba3-95c8-820d04c35233,ACCD13E9570,23.7,1.347,0,0,6,entertainment,0,genuine
2cbc08a9-6a15-4d20-8380-35b7faf849f5,ACC2C848FF5,123.01,1.062,1,1,17,entertainment,0,genuine
c796c5c7-3c4a-4124-891d-165a0857b5a5,ACC7C611899,970.21,5.549,0,0,2,electronics,1,huge_amount
ad3ad456-7c8c-4d77-a1a7-64ef7918cf41,ACC4B43792F,72.51,1.495,0,0,11,electronics,0,genuine
a653ec66-4508-4cc9-a285-dfea6fabb1a3,ACCEAF23921,71.82,0.901,0,0,16,restaurant,0,genuine
39fc0563-1518-4d87-bd22-f33134002c9b,ACC52E63E8E,100.28,1.425,0,0,15,entertainment,0,genuine
e8832d9e-0ef4-42ce-a48b-d9e4f5398a23,ACC6A7B8E91,226.64,1.564,0,0,10,grocery,0,genuine
0ba36219-086c-4d78-b8e1-edddd64ce21c,ACC700C0204,155.11,1.122,0,0,7,grocery,0,genuine
a98929be-22d8-4645-83cc-004b7e9bcca3,ACC5ECECCC8,22.72,1.34,0,0,15,electronics,0,genuine
2066c062-e2ee-4264-b73b-65883df8d45a,ACC974EDF80,82.51,0.51,0,0,17,electronics,0,genuine
d757ec96-01e3-4230-94c6-e830591bdfa8,ACC400342D2,75.75,1.323,0,1,20,online_retail,0,genuine
7634aeb4-eb74-46f9-860e-60f6d8c65e40,ACCE2B777FC,263.68,1.461,0,0,15,fuel,0,genuine
4a24a7ca-5424-4933-aa27-7aa27f6c0ab7,ACC68FE0D56,148.94,1.013,0,0,16,grocery,0,genuine
aeaa7ce0-c66a-4720-9ac1-4c813cd1b876,ACC434FD0BB,90.9,1.333,0,0,3,electronics,0,genuine
5fdbe27d-f9e9-4d97-b418-c51c84e96a74,ACC360FB49F,13.75,0.364,0,0,20,grocery,0,genuine
3eba4107-c2de-4557-b76f-2d081bb97702,ACCBE5476B7,55.71,1.437,0,0,23,fuel,0,genuine
2b33a10b-22b4-4003-8b67-6c3887ea622e,ACCC7379D88,66.98,0.645,0,0,15,utilities,0,genuine
2b706f4b-b368-45de-b64c-3949136ee9f7,ACC8B88E484,86.98,1.134,0,0,23,electronics,0,genuine
1e060d41-1f97-46e4-8f65-f577726b95ab,ACC42229380,113.19,1.172,0,0,22,utilities,0,genuine
adc433ac-e792-499c-a49b-91677690f9fa,ACCB582C3E4,8.43,0.123,0,0,15,online_retail,0,genuine
ab28f297-826d-42a9-b309-fb49bca027aa,ACC08968071,59.45,0.326,0,0,23,grocery,0,genuine
0d5b0452-f92a-4da4-8322-0deb82850974,ACC3D0FD592,96.38,0.88,0,0,17,utilities,0,genuine
d97db60b-cea4-4f1d-a887-d36877de9a8c,ACCF8C437FB,51.82,1.095,0,0,7,restaurant,0,genuine
0f0eb841-ac32-4ff0-a0c2-0af425d53a64,ACC257866E9,171.03,1.055,0,0,20,restaurant,0,genuine
428846f6-a5d4-4110-9e68-319c655a9458,ACC8AC68D4A,176.8,0.938,0,0,10,entertainment,0,genuine
fa56a036-bebc-4ef4-9598-0570a29c25d0,ACCBB625750,141.64,0.99,0,0,3,entertainment,0,genuine
ac9c09b6-1101-406a-8f18-52bb82e268c7,ACC257866E9,118.2,0.729,0,0,23,travel,0,genuine
505ffea7-d093-426c-a338-9063707e8f4b,ACC71F2BF15,100.72,1.072,0,0,4,fuel,0,genuine
f55aba48-945f-442d-82c8-382bbe9f7129,ACCE5159C95,119.55,0.948,0,0,4,utilities,0,genuine
9c1e2106-f81d-4ae6-9b8d-16b9d29e7e73,ACCB8B8E9BE,74.69,0.781,0,0,0,fuel,0,genuine
2ea4fa13-14c5-4e14-9f3f-24b5ac795c4a,ACCB8B8E9BE,31.67,0.331,0,0,14,travel,0,genuine
11682c6e-0ada-44ee-9429-c81535031d8e,ACCF524BA52,230.74,1.415,0,0,15,travel,0,genuine
13374994-42b5-4b14-83a3-7b96f863d6da,ACC2C848FF5,133.59,1.153,0,0,0,entertainment,0,genuine
43476edf-6fba-4e2f-8845-50c26ec4bd63,ACC40162BF5,71.69,0.734,0,0,3,utilities,0,genuine
975f8d45-90c7-4ad1-ad54-6043b884abcc,ACC34FD0AB8,28.73,0.917,0,0,11,utilities,0,genuine
7f9d6b71-8532-4765-b79a-201ab09b2c7c,ACC9D67E0D7,112.79,0.799,0,0,4,grocery,0,genuine
39b8decf-d78f-4e7a-92a9-62bc30e2321d,ACC38828645,40.69,1.418,0,0,2,electronics,0,genuine
90792080-9496-4e97-b930-58f2a99aed9a,ACC792E1021,94.8,0.505,0,0,0,electronics,1,new_device
1da14e50-a145-4a03-9bd0-0b7c53a1f1f2,ACC636C58BC,36.74,0.34,0,0,13,restaurant,0,genuine
4c28792a-ac4c-4b49-85f3-32baf47917ea,ACC68FE0D56,87.57,0.596,0,0,13,entertainment,0,genuine
061fc742-b40d-4e17-81d9-e17532a61c66,ACC6BDA8076,158.98,1.055,0,0,18,utilities,0,genuine
6b6c7dca-0c2e-409c-a28a-15d405c6d8ed,ACC3D0FD592,216.94,1.98,0,0,7,grocery,0,genuine
a62dc3ed-5f7c-4432-af97-f99c43eb8dd7,ACC63E38219,402.72,3.563,0,0,18,utilities,1,huge_amount
2e43c1f6-6613-4a35-b1b0-c88f522e217f,ACC8348C5C8,31.63,1.01,0,0,4,grocery,0,genuine
f5d1e1cb-b99c-4617-bc69-1b92346a8d4f,ACC91469B41,19.64,0.998,0,0,14,utilities,0,genuine
0d3058ee-f3c5-44eb-8eff-49ffce75ecd7,ACC317B2615,179.72,0.996,0,0,14,utilities,0,genuine
4fc5e177-53c8-4c0a-958a-c7e8fce1d680,ACC8B071F50,56.16,0.339,0,0,16,entertainment,0,genuine
8fd17435-787c-43c0-80aa-02d4629f33f8,ACC0A64ABBD,25.73,1.253,0,0,12,travel,0,genuine
ba0f5c1b-9593-4e25-a969-8a6791c8d501,ACC5A5853FB,270.92,1.398,0,0,0,grocery,0,genuine
65a534b0-f136-42ad-8c25-7e0a75fc7963,ACCFD91D323,83.11,0.889,0,0,17,online_retail,0,genuine
bbf743d3-947a-45c0-a90c-a205f70bb574,ACC1F9C12DE,101.49,0.747,0,0,22,fuel,0,genuine
db16f6a3-c2ae-4866-aa27-39dc3f6a5e9f,ACCB8201BFE,38.9,0.372,1,0,15,travel,0,genuine
ac1c0d73-c523-411d-8c45-e15aab08c6a0,ACC8348C5C8,39.43,1.259,0,0,6,entertainment,0,genuine
eeb1fdca-bfd3-44bf-8ffd-f76aa0025b91,ACC0ED0AD12,108.36,1.106,0,1,16,online_retail,0,genuine
c9ae61a1-e529-4bdf-8a60-77b4353e3073,ACC57F1AD9A,142.87,0.78,1,1,20,online_retail,0,genuine
fa554f9d-20ac-4539-8496-d257ceecc289,ACC68FE0D56,165.5,1.126,1,0,10,grocery,0,genuine
14d47b02-958a-4f17-96c7-14c236965c99,ACCBFA30BE8,77.54,1.265,0,0,22,travel,1,foreign_location
ab32776f-386d-4b64-a14f-5f98b9c1fcb3,ACC47DBDD62,151.16,1.479,0,0,22,travel,0,genuine
db37bcef-5214-4005-bc9c-3d114fa0ed1c,ACC360FB49F,59.25,1.569,0,0,6,grocery,0,genuine
a4140f88-f00b-4559-bb1a-fb366903aa7f,ACC98A8E15C,130.74,1.086,0,0,23,grocery,0,genuine
ab02ef9e-5b90-4158-bea4-503e27f84c78,ACCBE5476B7,98.9,2.55,1,0,16,online_retail,0,genuine
a1f43930-e592-40ed-a014-f04a7d1740ae,ACCE755C517,35.42,0.627,0,0,19,restaurant,0,genuine
5fbd060a-4336-4023-93f3-631fa22960d0,ACC9C33D69A,41.67,0.877,0,0,14,fuel,0,genuine
fc07e7b5-9c56-4033-99b0-1bea748cfcec,ACCC2C6420D,164.21,1.134,0,0,18,travel,0,genuine
8ef50160-4900-4f9c-8d1b-bf2fbee6ab94,ACC4B9B991E,103.01,0.688,0,0,0,travel,0,genuine
0a332e9c-e627-4e84-a031-09dd9fdb6167,ACCC0703F18,217.69,1.16,0,0,4,online_retail,0,genuine
908827f0-3b1a-420a-9bd8-c1ae337623c5,ACC2227A7D6,1581.14,11.621,0,0,13,online_retail,1,huge_amount
35f31809-4c69-4ca6-a678-dd999c01f2f3,ACC4868BBD3,256.03,1.353,0,0,2,online_retail,0,genuine
bedec23b-338a-4d84-ba5e-3a25b63f04b9,ACC8CA0E9D4,112.97,1.18,0,0,13,electronics,0,genuine
f39fa568-2600-4be4-91be-a4c2e3eaddc0,ACC075F7E93,91.8,0.837,1,0,1,grocery,0,genuine
fbe1271e-ce5a-429b-83cf-27e521114a57,ACCFEB58DF9,132.66,1.01,0,0,7,grocery,0,genuine
a2d16d1f-6e20-4bbe-b805-6af42234826c,ACCD581D6E4,65.52,0.922,0,0,22,grocery,0,genuine
5e1d4024-e20a-4714-9129-1f4c6dc925fb,ACCCF10A3E8,18.96,0.832,0,0,14,travel,0,genuine
a1d161ad-e9d7-4603-a356-184b304d5eee,ACC5A2E3A6E,230.99,1.234,0,0,17,entertainment,0,genuine
3a7ceac5-cf35-466a-9f9c-3cc364e3ba9e,ACCD81E32FD,39.91,0.764,1,0,1,entertainment,1,foreign_location
e0db55ad-8a51-4216-b672-7575091f91d7,ACC1F9C12DE,938.39,6.907,0,0,5,entertainment,1,huge_amount
a4d02034-9e27-4988-8380-fe044978ef53,ACC42229380,90.18,0.934,0,0,11,entertainment,0,genuine
ec4c5700-8cbd-40bd-b176-a471c096bd26,ACC482E81A5,28.95,1.188,0,0,22,entertainment,0,genuine
db1a070b-60a1-4590-9e1b-d8c76f9c8394,ACCD8D566E9,166.0,0.998,0,0,3,electronics,0,genuine
298c198b-9b4b-4266-9aaa-69111469366a,ACCAF841035,157.99,0.892,0,0,5,online_retail,0,genuine
f04d1912-1918-41ec-bbe7-e4c5666362ca,ACC724DAE51,164.85,4.884,0,0,13,utilities,1,huge_amount
8b4469d0-42af-436e-83d7-0e295951ec52,ACC0A64ABBD,20.24,0.986,0,0,19,online_retail,0,genuine
9587972f-ce3d-442e-b6d8-e6ca29044c93,ACC57066E7B,28.32,1.127,0,0,14,utilities,0,genuine
ac6e1d17-ca01-4475-8ba0-eb342c836676,ACC0AAC82C2,78.61,0.815,0,0,12,travel,0,genuine
d4d8a0ad-db04-4bb3-9670-b7ea7914b2ec,ACCB5426310,64.96,0.893,0,0,22,restaurant,0,genuine
8b15bbea-78e0-4bca-b793-1f654f4c12eb,ACC0A64ABBD,27.08,1.319,0,0,17,fuel,0,genuine
6af43dd9-b35f-4942-a925-4e420463e4ea,ACC1F549C06,204.28,1.299,0,0,9,fuel,0,genuine
b56402b4-891c-489f-a956-c92b7e6aa8c6,ACCE549AC1F,8.28,0.136,0,0,20,restaurant,0,genuine
49183fb1-00c9-44c8-9ccf-246a75f6145d,ACCB8201BFE,102.55,0.98,0,0,2,fuel,0,genuine
b03445bb-546f-462c-b40e-279be05cd7c3,ACCB3D946C7,126.05,0.696,0,0,9,fuel,0,genuine
b35a4bcc-2974-45d0-8ba1-dda4ba705c8f,ACC604B3540,1,0.006,0,0,18,utilities,0,genuine
91d9a470-0bb0-4e5c-9183-78fe00d9e7ca,ACC49711EE2,94.31,0.515,0,0,19,fuel,0,genuine
1ad43622-8b0c-4515-bd26-e9542ae29531,ACCC1DD744F,59.28,1.041,0,0,7,online_retail,0,genuine
c78889d1-b129-4709-aed0-805c3b5985fe,ACCAA36AA07,36.82,0.728,0,0,15,online_retail,0,genuine
61163455-be63-423a-a029-8ec4c71a7986,ACCB7FD1801,138.75,1.188,0,0,0,entertainment,0,genuine
3e9e3625-9801-4b10-bf29-f3382e6bfcde,ACC73A1A864,52.02,0.63,0,0,2,utilities,0,genuine
768f5c84-c500-4881-a192-2a938729fc26,ACC476E30AF,54.81,1.157,0,0,10,utilities,0,genuine
1c8dc8ca-7c29-4256-a83d-4a5b2dc5f6fc,ACC0ED0AD12,50.34,0.514,0,0,13,grocery,0,genuine
0e62d93d-403f-4d60-b41b-985e97506487,ACC38828645,30.44,1.061,0,1,15,utilities,0,genuine
1deb9ee8-a2f2-412b-999b-48c2ee8df637,ACC44476C30,144.63,1.048,0,0,0,restaurant,0,genuine
ababff9c-baee-4637-87ea-826e423297e0,ACCAF2FECB8,103.4,1.491,0,0,16,travel,0,genuine
6deaccf0-a3ce-4080-8676-fc9666ca9778,ACC18319CF0,52.13,0.872,0,0,15,grocery,0,genuine
4e6d650b-4db5-4b8d-b3ac-e4a00c2c2505,ACCEE57A8CC,82.85,0.613,0,0,6,electronics,0,genuine
bc1cad17-b5d4-40ac-b0b3-818384f9551b,ACCB7261A19,160.94,0.896,0,1,7,online_retail,1,new_device
e39792c3-aef0-4b4e-92f2-09d3c49c9536,ACCE5F859C3,13.45,0.264,0,0,8,fuel,0,genuine
e0d2b49a-a590-45fb-9d70-d281d79ddb31,ACC0DB3A99A,106.64,1.164,0,0,12,utilities,0,genuine
556a8c4f-ca05-48e2-9092-c684442ca918,ACC95B54780,199.2,1.092,0,0,13,utilities,0,genuine
c0bbe04f-bc56-460d-8e66-a9b0e6dfc91d,ACCBDD4EB53,19.26,0.879,0,0,8,travel,0,genuine
dcdc7fd8-517d-4a71-9f9b-31e60157dc25,ACCD06EC9E8,37.08,1.124,0,0,9,entertainment,0,genuine
8fee5da7-44ec-44a7-8381-bc4237b19b21,ACC51CC8D6D,68.36,1.169,1,0,13,travel,0,genuine
a5a18acd-79ea-4c58-8afe-e33d14b055a2,ACC52E63E8E,89.16,1.267,1,0,8,electronics,0,genuine
97174d7a-43ae-4d79-ad05-bd33e683edc6,ACC065617EF,242.1,1.264,0,0,13,electronics,0,genuine
6dd6bcd8-482c-4b81-9e45-6cdaa33d2584,ACCE3BC14DF,154.85,0.957,0,0,6,entertainment,0,genuine
1d4a27fe-16e8-41ce-92f7-ceb5606a9db6,ACC6E29EDDC,138.7,1.158,0,0,4,electronics,0,genuine
eacedc67-1914-4c75-9386-8a2b156e3d2c,ACC6993E5A7,42.35,0.424,0,0,19,online_retail,0,genuine
56fd072b-45a4-4418-9331-d4fa70c1ea9f,ACC3CC490D1,229.67,3.325,0,0,8,fuel,0,genuine
b40892f1-c5dc-4f28-a887-f6e7f856f61f,ACC6BDE26B6,42.83,1.148,0,0,20,electronics,0,genuine
724d859b-5af6-467d-bf74-bc6b7c8028bf,ACC4868BBD3,242.06,1.279,0,0,13,online_retail,0,genuine
27937e9e-035c-4fc8-8193-88a45c1627ed,ACCB7E41D27,92.86,1.029,0,0,6,online_retail,0,genuine
643f89b1-caef-418c-80d6-e72e47cedbcd,ACC707FD242,359.91,3.736,0,0,11,entertainment,0,genuine
05992817-f548-4815-b0c7-a068c93cd4e4,ACC5F0A2EFB,40.45,1.411,0,0,7,grocery,0,genuine
bced409f-9aa6-4b3f-a507-f38872c0a8d3,ACC707FD242,88.7,0.921,1,0,20,travel,1,foreign_location
0e8e5c34-0bc4-4498-93db-374ecc225e67,ACC1E39053B,128.55,1.299,0,0,20,fuel,0,genuine
5a0bbd73-cdb0-4c10-8211-a531a900c45e,ACC2467C52B,32.69,0.687,0,0,12,travel,0,genuine
e61f7478-e80f-4dfc-92c4-0a73a7e7b45a,ACCB70F3DBC,170.4,1.581,0,0,7,travel,1,stealthy
4a367b12-eeba-43dd-999e-23d1cc6b7f94,ACC75F5AFB9,10.77,0.247,0,0,5,utilities,0,genuine
4ea62223-687e-4950-a0f4-c16ceee323d7,ACCA12ADE0C,44.98,0.823,0,0,3,restaurant,0,genuine
4bca8784-ee04-4d69-854c-27025318b345,ACC2E4F73FD,42.3,0.787,0,0,9,restaurant,0,genuine
7094dd14-2198-48d7-b206-8715f80b283b,ACCB17AC2ED,32.08,1.009,0,1,18,travel,0,genuine
355879c8-b84d-4f13-a56a-0a570ae13f8d,ACCA3383ABE,239.2,1.22,0,0,11,fuel,0,genuine
3d295620-907b-4e9a-8b5f-2b4364e1f72b,ACCE6F7E64B,285.54,1.509,0,0,22,grocery,0,genuine
5d07acde-987f-41c0-a43b-bde5c5b4d2cd,ACC075F7E93,161.63,1.474,0,0,10,utilities,0,genuine
21fbfb7a-4088-427a-a671-b89722709611,ACC8F3BC4D8,78.45,1.246,0,0,14,electronics,0,genuine
de69dbdc-a64c-4446-a4f6-776c7b4a113c,ACC30BAEE93,55.61,1.003,0,0,4,fuel,0,genuine
981e8620-137e-48c7-80c7-916a3211441a,ACC476E30AF,37.21,0.786,0,0,23,fuel,0,genuine
dc94b658-8565-4e8f-9933-c9e5eeea9cc1,ACCBDD4EB53,16.37,0.747,0,0,0,grocery,0,genuine
62062a53-8bc5-4193-a77a-6b2bfe9afa0e,ACCB58647E8,87.64,1.001,1,0,22,online_retail,0,genuine
e896f76e-77f2-49fb-9738-754796d46b34,ACC57F1AD9A,199.81,1.091,0,0,0,restaurant,0,genuine
8a4dc093-9484-44ac-8edb-a48c0eac0c1a,ACCA6791AA0,52.51,0.527,0,0,1,utilities,0,genuine
6e021847-9360-4347-985c-94354e260f38,ACCABC666C2,580.67,3.288,0,0,12,utilities,1,huge_amount
2ff9121a-4c3c-4629-8871-30aa5959de5c,ACCF8C437FB,41.98,0.887,0,0,2,travel,0,genuine
79d509ca-9d2b-455f-b57f-327ba31ba91a,ACCB582C3E4,31.5,0.458,0,0,16,utilities,0,genuine
602b3d53-36fc-4bb5-9082-e28e67aad130,ACC30D0A6A0,82.44,0.514,0,0,6,restaurant,0,genuine
d2b82aa2-4bd3-4594-915c-b61900559287,ACC9C6A7618,111.92,0.743,0,0,23,travel,0,genuine
b69c5d02-1868-4c01-b6be-62a898162919,ACC636C58BC,91.66,0.849,0,0,7,fuel,0,genuine
7eb923fa-467d-468e-b591-392e327c32c5,ACCE3367E61,167.67,1.025,0,0,15,utilities,0,genuine
d97c3427-b149-4f6c-9ea6-af08b2d9f79d,ACCB582C3E4,75.95,1.105,0,0,21,utilities,0,genuine
1c376b55-b687-457c-b96a-2e88abcb912f,ACC38828645,15.19,0.529,0,0,4,electronics,0,genuine
b8860127-5205-4437-b28d-ea8dcd6d85bb,ACC7C611899,174.53,0.998,0,1,12,electronics,0,genuine
ca8f5cce-6c5e-47a0-970e-2f4be37691b7,ACC5A2D2562,30.19,1.022,0,0,15,entertainment,0,genuine
257113f4-91be-477d-a8f3-b1fc0baad202,ACC707FD242,82.28,0.854,0,0,17,utilities,0,genuine
571bee91-764d-49b3-a0eb-32e05e3ad7a6,ACC22F5FFD2,45.92,0.472,0,0,9,utilities,1,stealthy
a667929a-e63f-427a-9caf-a5753ea619a7,ACCCF10A3E8,3.03,0.133,0,0,23,electronics,0,genuine
4af86c72-39ec-4844-b53b-908bf61a6e44,ACC482E81A5,9.44,0.388,0,0,0,entertainment,0,genuine
433ee9a0-cf50-441d-a208-c83bc2e038f4,ACCCF10A3E8,9.65,0.423,0,1,1,entertainment,0,genuine
b0c511f8-2c83-4886-aadb-0cdb82d66cd2,ACC4C1060FF,163.02,0.876,0,0,1,grocery,0,genuine
d06295e0-9ff8-44fc-8177-c9ee28c35666,ACC707FD242,5.3,0.055,0,0,4,utilities,0,genuine
673ccff9-de4f-47b7-a226-c94a162d6605,ACC028C6BF2,131.96,1.202,0,0,10,utilities,0,genuine
0b306d04-21b4-4eb6-82b4-6a227ab176d6,ACC2F2FD99E,63.58,0.947,0,0,21,entertainment,0,genuine
d09a5fc8-91a8-4b76-9d7b-b371a8612b2e,ACCA8AE6BA8,45.51,1.205,0,0,18,online_retail,0,genuine
61ca57f4-97a9-4cf1-bf3a-5ee19d3ec22d,ACC2C848FF5,94.24,0.814,0,0,21,restaurant,0,genuine
c323f4c7-78a6-4c74-9c6f-388513033fd8,ACC604B3540,119.28,0.753,1,0,16,restaurant,0,genuine
0011e2a9-30f0-405b-bd87-43a4ddb8c595,ACCDF6D88DC,34.18,1.522,1,0,6,grocery,0,genuine
2fe1d4d4-d21b-4b54-a598-27328b61af13,ACC16193C5E,132.05,1.246,0,0,6,fuel,0,genuine
47cfde4f-5a8e-4863-b597-e6cc3418d1a6,ACCC6121509,27.87,1.287,0,0,8,electronics,0,genuine
40839881-2f91-4e35-b848-1889e79e42e2,ACC4FDDC2F7,116.35,0.759,0,0,2,fuel,0,genuine
15398b70-a658-4b48-b92b-d2da4a8d1ef8,ACC8AB20DFB,24.48,1.09,0,0,14,utilities,0,genuine
bb29c2a7-12bd-4201-83ca-d4afe08e23d7,ACC44476C30,85.43,0.619,0,0,16,grocery,0,genuine
b4cc60b2-d1c6-4595-8799-f897d70c9950,ACCB7FD1801,184.03,1.576,0,0,10,grocery,0,genuine
629d0a49-6d42-488e-a3ab-0a1fc806d2ea,ACC146CFDB2,146.54,1.015,0,1,21,fuel,0,genuine
68cd8e9c-1cda-4dfd-b89d-d57946a15141,ACC6781637F,236.73,1.29,0,0,9,grocery,0,genuine
5d929c54-cd3d-4b29-bc96-d61b01c8ab91,ACCEB67227A,309.82,1.694,0,0,1,fuel,0,genuine
e6fd1dbc-7a83-4461-b163-f319fec372c2,ACC4C275212,642.46,4.241,0,0,8,travel,0,genuine
ce5d27fc-6d1c-4609-88b7-20ec6d16c686,ACC209F2457,260.51,1.392,0,0,20,entertainment,0,genuine
349c39ef-bd16-4282-ab80-76b3a325a1f7,ACCF8C437FB,24.8,0.524,1,0,18,restaurant,0,genuine
d891e5e5-1578-477c-a614-63b939972f75,ACC8C663F70,658.2,3.809,0,1,9,travel,0,genuine
49235ca0-9388-44ab-9aa9-25327481e783,ACC9D67E0D7,118.99,0.842,0,0,11,grocery,0,genuine
cc90431a-b7b7-4fde-bc34-781b5bf065a4,ACCEF39B188,58.48,0.505,0,0,5,electronics,0,genuine
f0fb40fa-febe-4236-b40e-40b6ae2912c7,ACC834F38DE,112.29,1.071,0,0,23,restaurant,1,stealthy
b51af587-d9d1-4a73-b7e9-016e3728d461,ACCB6304D6D,218.8,1.374,0,0,7,restaurant,1,foreign_location
d2084442-b612-42d8-b259-9cb1828caa91,ACC476E30AF,45.62,0.963,0,0,4,online_retail,0,genuine
12e474b3-0d10-455f-9c44-1cc2fc4074c6,ACC001030F5,195.46,1.048,0,0,6,online_retail,0,genuine
acc6d0f4-6a75-4d16-9e63-9cdf04adb440,ACCAF2FECB8,89.39,1.289,0,0,19,entertainment,0,genuine
3883015d-a853-4a6e-b6e2-71001cc309d5,ACC2467C52B,424.74,8.932,0,0,21,grocery,1,huge_amount
8eb334d5-f04c-49f0-b26a-0b22d02ec557,ACC30BAEE93,34.15,0.616,0,0,19,electronics,0,genuine
9223378f-d518-45fc-b155-68f2a72faeb8,ACC8F3BC4D8,23.05,0.366,0,0,20,online_retail,0,genuine
bacb5438-78da-4a68-9f21-9bc1c99b5335,ACC4C275212,748.85,4.943,0,1,20,fuel,0,genuine
71b56c8c-13b7-488c-91fa-242b1f534895,ACCF0ED3147,181.59,4.369,0,0,13,electronics,0,genuine
7839e58c-8b6b-4aa4-b747-242e4ab4a3d6,ACC700C0204,136.95,0.991,0,0,20,grocery,0,genuine
8e7509d3-bca1-4124-bb08-61b13ca1a75a,ACC1A07891C,119.99,0.866,0,0,12,utilities,0,genuine
e27a5bc0-8116-445f-8477-e78c9bdeed43,ACC68859C88,65.47,0.581,0,0,6,travel,0,genuine
d9737bcd-d653-47b9-aa66-ae77d718679b,ACCA8070C69,168.21,1.079,0,0,21,restaurant,0,genuine
0fafcb63-07ec-4628-8deb-2af09dedf9fd,ACCA73977CA,169.79,0.922,0,0,17,electronics,0,genuine
68cbf6dd-5470-4a3e-bc46-e559dab68540,ACCC7CCB237,133.52,1.084,0,0,13,grocery,0,genuine
d18635fa-db48-4d54-b79b-281416b0ef10,ACC317B2615,133.53,0.74,0,0,20,fuel,0,genuine
11dcece7-c259-4ca0-8455-6ade14246507,ACCB58647E8,126.33,1.442,0,0,10,electronics,0,genuine
075bc413-ecde-43c2-83d3-eef7b9936363,ACC317B2615,232.71,1.29,0,0,22,grocery,0,genuine
9facc3a7-1de8-43d5-b5aa-f3a5062d0f0b,ACC5A2E3A6E,163.51,0.874,0,0,17,restaurant,0,genuine
fc1f0085-1aba-4af6-8d94-75b0c87ba908,ACC22163AB8,84.43,0.982,0,0,2,utilities,0,genuine
b89e3e6c-85ba-4354-9148-e1f31e56b19e,ACCAF664302,53.92,1.412,0,1,14,grocery,0,genuine
2ba86e05-95e9-4d4e-ba3f-a285de4a9244,ACCEE57A8CC,626.49,4.634,0,0,22,online_retail,0,genuine
e95dd2a9-40cb-4bbc-a7e0-553f25dafe21,ACC0F82A889,165.61,1.125,0,0,5,electronics,0,genuine
5171e630-b411-4bcc-a58e-58fe96fe72f6,ACC0A64ABBD,9.5,0.463,0,0,6,restaurant,0,genuine
064fc378-a5b8-4973-875f-b5967d8d9404,ACC8F3BC4D8,65.06,1.033,0,1,20,travel,1,new_device
fa18fc29-e6c9-4fc1-a720-38423559480a,ACCC7CCB237,320.23,2.599,0,0,6,grocery,0,genuine
44388af8-bbdf-4a00-a2a7-c4815153b21b,ACC8883AEB4,67.48,1.257,0,0,3,entertainment,0,genuine
78cd8021-89c8-4601-ad0f-cb1b9fc475c2,ACC4B43792F,71.1,1.466,0,0,20,fuel,0,genuine
6b883263-3c92-4479-aab7-8e8c76b3cd03,ACC8F3BC4D8,78.17,1.241,0,0,21,entertainment,0,genuine
f8719f53-10e3-43d1-b56b-2edca567b335,ACC0FF13EC2,205.4,1.048,0,0,2,travel,0,genuine
b71bbc10-c062-41f5-8940-3fef7f464150,ACC4D610E4D,43.13,1.55,0,0,19,entertainment,0,genuine
7c6dfb31-5d5e-43fe-a42c-15d56060c2c9,ACCE2B777FC,99.6,0.552,0,0,23,electronics,0,genuine
17b8e6f8-ca0b-4a0c-9602-401b88b8ccb2,ACCD9089858,48.86,1.104,0,0,13,restaurant,0,genuine
20497c00-99c4-4865-9088-7531a402c763,ACCE5F859C3,70.79,1.388,0,0,15,online_retail,0,genuine
0dd71e72-707f-45ec-8681-a82c7cf2d3ed,ACC1804DFBF,315.73,1.629,0,0,10,utilities,0,genuine
88dd44c5-974d-415b-8ef4-cf5fef4a81ca,ACCB7FD1801,88.7,0.76,0,0,4,entertainment,0,genuine
8a41b692-42a2-46bd-9026-a425ff08a955,ACC2E4F73FD,54.09,1.006,0,1,19,restaurant,0,genuine
03532bd9-762a-4b34-8037-90802f9ce4c1,ACCBE9782ED,54.92,0.407,0,0,7,travel,0,genuine
65e1c8f8-226f-4036-898a-bba40a0857d2,ACCD81E32FD,101.53,1.944,0,0,21,restaurant,0,genuine
a4dbc66f-5b51-487c-ad2d-a5343a788e09,ACCBE5476B7,46.85,1.208,0,0,3,online_retail,1,stealthy
92895eb8-6edb-4c8c-b142-5c44f7af6a87,ACC30BAEE93,78.0,1.407,0,0,8,grocery,0,genuine
15226f02-1e2c-4651-ad58-956dab7de2af,ACC47C1AE01,97.58,0.896,1,0,9,travel,0,genuine
acf40dd7-c693-42db-b7f4-6ff02657dd0b,ACC4149DCC6,53.95,1.234,0,0,23,utilities,0,genuine
3f14436e-0a46-4128-a97a-d43bb67a32a1,ACCD81E32FD,32.96,0.631,0,0,9,utilities,0,genuine
b34a7795-7b91-4f8b-ad08-5fe5d9c28015,ACCDF6D88DC,86.7,3.86,0,0,19,travel,0,genuine
5879b936-1841-4dcc-99b2-d50c9da2e9a4,ACC4149DCC6,31.2,0.714,0,1,19,travel,1,new_device
4ac49e38-2497-4307-b3c5-7e7097190c31,ACCB743CAF9,201.74,1.192,0,0,0,online_retail,0,genuine
7330d2c3-ed57-420b-934c-df4e589c625a,ACC146CFDB2,83.55,0.579,0,0,3,restaurant,0,genuine
0588ba94-b4e5-4239-867b-689046bd4e0d,ACC38C22FBD,847.34,4.755,0,0,0,travel,0,genuine
e523282f-2819-436c-b39c-27eb7a888398,ACCE2B777FC,255.89,1.418,0,0,21,grocery,0,genuine
a06a599e-3eeb-459e-9389-6696d135765c,ACC400342D2,47.66,0.832,0,0,14,electronics,0,genuine
a7e9c978-3b0c-4005-8c3b-9c0295e26033,ACC7661F9A1,44.64,0.772,0,0,3,travel,0,genuine
814c6e12-51f0-4a94-9aa9-0200b6fbf546,ACC59EA8486,237.77,1.522,0,0,15,entertainment,0,genuine
efc28b65-1fda-4753-91e4-3db9cbb7c287,ACC295CE380,237.73,1.209,1,0,12,grocery,0,genuine
1735aed9-f2af-470c-9a78-b24be6c06c0d,ACC0AADD547,492.5,3.059,0,0,11,entertainment,0,genuine
455e0865-fb72-422e-afbe-0a15cbdfabde,ACCBE9782ED,115.52,0.856,0,0,6,electronics,0,genuine
a88e37ed-bd9c-4878-8ca5-81537d5b67ab,ACC049C6980,1666.73,10.242,0,0,13,electronics,1,huge_amount
d75bdfbb-3714-46d5-89bc-8420d15b7488,ACC50C40EE9,53.74,0.552,0,0,23,grocery,0,genuine
70cb0e5a-b347-4dde-9925-cc8428daa505,ACCFD91D323,161.46,1.727,0,0,5,entertainment,0,genuine
0987fb92-8805-4f9b-acd6-fedb4e4d5378,ACC0ED0AD12,42.01,0.429,0,0,18,electronics,0,genuine
68f94609-3fe1-478b-8b3f-cbb9b9e74cf7,ACCAFE32BE6,194.25,1.109,0,0,20,restaurant,1,stealthy
32f554c5-3262-4ef1-a33f-9ce4f92373c2,ACCB7E41D27,69.19,0.767,1,1,2,electronics,0,genuine
dfec6bb0-063a-41e1-978c-2674be25c27a,ACCD06EC9E8,52.84,1.602,0,0,1,utilities,0,genuine
c18acac6-bbf7-4793-9fc4-1e7ae119d6c0,ACC790525E5,70.27,0.521,0,0,5,travel,0,genuine
86d6ff16-3c9a-4bd1-9a6d-8c32710630bf,ACC866E61C1,58.34,1.06,0,0,16,grocery,0,genuine
b27d6819-25d6-4263-a91d-897298c90432,ACC4B43792F,28.49,0.587,0,0,10,entertainment,0,genuine
626c8321-6afa-4d18-b8c4-3978e9a76080,ACC82566958,155.78,1.525,0,0,16,fuel,0,genuine
449a3b0b-5785-41c6-824c-d88b61c1a774,ACC68859C88,48.56,0.431,0,0,22,utilities,0,genuine
c59684c8-090c-4800-97fc-836d6069937e,ACC72FC33FB,94.53,0.71,0,0,11,travel,0,genuine
6289dabe-d6ae-48c5-93c7-02de3e9c1c68,ACC51CC8D6D,87.09,1.489,0,0,11,utilities,0,genuine
b7fdd957-47b6-4e2b-86af-ab7a84f90131,ACC1804DFBF,167.97,0.866,0,0,11,electronics,0,genuine
dfc846e8-eeed-4c70-9ff6-bec6d286f3a8,ACCF7367AA9,63.85,0.943,0,1,5,electronics,1,new_device
7f52e1cf-6562-4b8a-a98c-b063ef58de4b,ACC43CFC7DA,192.34,1.356,0,1,23,fuel,0,genuine
e32e775c-0d61-48da-9767-37a246765ea5,ACCA1BB6B6C,187.08,1.402,0,0,7,grocery,0,genuine
d6a083b2-cb98-4aeb-8f04-0676868e29b1,ACC44DDB1DF,40.19,0.507,0,1,9,fuel,0,genuine
5536dfcc-f8b0-4624-9078-c1cfb1b024c2,ACC7D30696A,181.72,1.081,0,0,12,online_retail,0,genuine
70b39e26-d485-4d53-bf59-60cd32c8d852,ACCFF0D087A,235.53,1.276,0,0,22,travel,0,genuine
b44e1df6-692c-4d9c-ba99-babfa01df9e9,ACC1E39053B,39.96,0.404,0,0,16,electronics,0,genuine
ab520410-4dd4-4599-820e-c396b094286c,ACC22163AB8,17.56,0.204,0,0,11,fuel,0,genuine
8f20489e-a3c2-4533-8ba4-b359624915ba,ACCAA010F0A,36.14,1.11,0,0,15,grocery,0,genuine
68cd7cb8-0647-4f17-a5fa-832441fcb986,ACC159AEF91,183.99,1.071,0,0,22,fuel,0,genuine
14b028b4-3b07-44f1-8ffc-58ada691b059,ACCE6F8D6D0,237.17,1.191,0,0,20,travel,0,genuine
3de46cfc-d963-4fa5-ad3f-0304abff1d11,ACC94AFF365,11.71,0.75,0,0,23,entertainment,0,genuine
3ac99128-5108-4bea-987c-73ce74b13072,ACC360FB49F,30.11,0.797,0,0,17,travel,0,genuine
bef8e1d9-bdbf-4985-8743-00598ba4c139,ACCE6F8D6D0,343.75,1.727,1,0,16,restaurant,0,genuine
60b0179d-6e4e-407b-aae3-1592a2ff02f3,ACC77B9597C,1,0.006,0,0,15,entertainment,0,genuine
1e1bcca2-2840-47e7-8284-17d8aa0ce109,ACC5B205BFD,63.13,1.178,0,0,21,online_retail,0,genuine
61f5b640-f263-48e2-a8aa-76bdbb60417a,ACC40162BF5,177.1,1.813,0,0,12,utilities,0,genuine
91fe6abb-8b7a-483e-a265-cfe3a71eea80,ACC8CA0E9D4,306.07,3.198,0,0,21,entertainment,0,genuine
69556b4c-90b4-476f-9690-a95c27303d0d,ACC22163AB8,69.03,0.803,1,0,15,electronics,0,genuine
96e49664-3b84-4dfa-9fa0-81051d2ef76c,ACC30D0A6A0,98.75,0.616,0,0,22,travel,1,stealthy
f42cebd1-8aa1-4ed9-a2de-4e5ba8101aab,ACC936198A9,24.92,0.324,0,0,17,electronics,0,genuine
bd5f4a71-ed45-4054-bc98-367390d96de3,ACC2CED7AA4,205.66,1.516,0,0,21,travel,0,genuine
d1479465-46a9-47cb-a387-89800b084403,ACC1584D2D9,249.45,1.527,0,0,16,online_retail,0,genuine
ea276703-b73b-42c7-b4ab-9e26f42cd4ff,ACC80414307,23.81,0.233,0,0,12,utilities,0,genuine
a72adbd1-ac67-4baa-b765-4d8def4249de,ACCE6F7E64B,66.22,0.35,0,0,17,travel,0,genuine
b4557855-7650-4a6c-a675-6f5309e6da1f,ACC55972CEC,205.86,1.317,0,0,14,travel,0,genuine
feb9e932-7b73-4678-a1ac-559ad5a86e3b,ACC7D7424A6,152.85,2.583,0,0,13,utilities,0,genuine
edf140bf-b557-426e-99fb-5952b59b8865,ACC5E8DD908,65.85,0.394,0,0,15,utilities,0,genuine
1b7323d9-4086-4838-8eef-2286faeaab35,ACCB582C3E4,33.99,0.495,0,0,21,restaurant,0,genuine
fd90c3fa-58ed-431f-8d58-5527cf77c33d,ACCAD8261D9,209.18,1.155,0,0,6,grocery,0,genuine
88338e48-0e8f-4095-a382-ab9d75c25531,ACC001030F5,170.19,0.913,0,0,1,electronics,0,genuine
eea65d2e-18ab-4390-9135-0bb9374abbe5,ACCA8070C69,67.37,0.432,0,0,22,restaurant,0,genuine
2374eba8-6e5b-4895-9ad7-cd398a09c75a,ACC592716F0,68.47,1.155,0,0,9,fuel,0,genuine
af98c142-820e-4d1f-9307-5d0bf193d38c,ACC785F9AD5,166.24,1.02,0,0,4,entertainment,0,genuine
75daa524-48ee-4e4f-9d4c-52be0d78df52,ACCE5159C95,84.9,0.674,0,0,2,utilities,0,genuine
a623368c-5991-4d86-baad-2a01c912d7ea,ACCEAF23921,131.31,1.648,0,0,16,electronics,0,genuine
e4946732-68de-43c5-816b-9a57cb48c678,ACC834F38DE,147.9,1.411,0,0,13,travel,0,genuine
245cbefb-4152-4a41-9903-7c43990ef126,ACC863BB6E8,36.66,1.282,0,0,22,online_retail,0,genuine
a250eb46-7708-4178-be38-e8b7cc8bb8f9,ACC476E30AF,41.08,0.867,0,0,13,fuel,0,genuine
3df12320-2f61-4f35-9c34-5b67fb1c03fb,ACCAA36AA07,29.96,0.592,0,0,4,restaurant,0,genuine
7a16a82b-8cf4-484a-b01f-0653d51cd80f,ACCA73977CA,154.92,0.841,0,0,12,electronics,0,genuine
464d8709-4331-4dd3-ba5f-e54d930eff72,ACC5E35C0A6,144.96,1.035,0,0,17,entertainment,0,genuine
fc6e63af-263a-4681-bb21-778112a350ae,ACC15045FED,175.71,0.885,0,0,3,electronics,0,genuine
78e74977-f741-458d-84c9-a6d4f598300b,ACC3A936184,83.9,0.559,0,0,16,entertainment,0,genuine
4ccdd742-257b-431e-9816-5de8e54b1d32,ACC1584D2D9,203.03,1.243,0,0,6,online_retail,0,genuine
5df4dd74-15da-461f-92ad-c1b83c9c9093,ACC482E81A5,34.32,1.409,0,0,3,online_retail,0,genuine
0f8908fa-a080-4dfa-b7c5-f49d98b3e4ad,ACC48A4DD1A,35.19,1.15,0,0,14,online_retail,0,genuine
2e614ed7-d7ed-4f30-bf37-a226060aac6b,ACCAA36AA07,27.93,0.552,0,0,11,electronics,0,genuine
992232ff-323f-4536-b4d7-eb4335534982,ACC4B968249,85.8,0.865,0,0,6,restaurant,0,genuine
c8d46206-8fcf-4291-b3da-2af700fd7270,ACC9D67E0D7,141.45,1.001,0,0,11,electronics,0,genuine
ff9f278d-e88f-4cd1-b133-a32bfbc0b7d6,ACCD581D6E4,69.25,0.975,0,0,8,grocery,0,genuine
857e9e3b-682f-4330-9472-34d2383017d4,ACC0D26E623,30.15,0.736,0,0,4,online_retail,0,genuine
af12782f-cd82-4813-88b8-00ca87d71cbd,ACC790C1C58,32.49,1.011,0,1,7,entertainment,1,new_device
6fb30ac8-d994-4193-8c80-152fb566bf54,ACCB8B8E9BE,1036.56,10.842,0,0,19,fuel,1,huge_amount
09413d46-0316-48c4-b761-31892fd36121,ACC59EA8486,155.87,0.998,0,0,0,fuel,0,genuine
ade7e070-59c9-4b1e-a4d0-47ef08157495,ACC049C6980,200.94,1.235,0,0,4,online_retail,0,genuine
241ff513-c370-4d8a-81fd-6f605cf49583,ACCAD413A31,138.39,0.809,0,0,21,fuel,0,genuine
66dbd322-3479-417b-bdfa-bd2056594817,ACC2227A7D6,58.66,0.431,0,0,13,fuel,0,genuine
b66f8021-ac64-4ef2-aa8b-fe7dfd39b4bd,ACC834F38DE,77.06,0.735,0,0,11,electronics,0,genuine
b766f251-dc16-408c-af05-3688f3cec4b8,ACC4C1060FF,151.06,0.812,0,0,21,online_retail,0,genuine
56a2a3a0-710c-4800-a205-a6e52d796da1,ACCC0703F18,243.96,1.3,0,0,13,electronics,0,genuine
009a0ec0-80e2-49a7-b581-b06cccb2d326,ACCF524BA52,178.06,1.092,0,0,23,fuel,0,genuine
9a702732-6590-48dd-be76-91d8e37e1e39,ACC5E8DD908,280.59,1.68,0,0,23,grocery,0,genuine
6c4a5cc1-859d-464f-87c4-a2800429c3e2,ACC47C1AE01,113.19,1.039,1,0,9,grocery,1,foreign_location
cb7e6030-d134-4333-aebd-30b1fedfde74,ACCCDE6737B,112.62,0.985,0,0,23,electronics,0,genuine
5a66385a-4edd-48d6-9c57-6186341cd1ef,ACC481A3694,148.05,1.209,0,0,9,electronics,0,genuine
97a5876a-ce73-4bfe-8692-dab6ea18b9bb,ACCE5159C95,205.68,1.632,0,0,18,electronics,1,stealthy
82dab9ae-d0dc-468a-a265-ce3dc618197a,ACC6993E5A7,118.85,1.191,0,0,8,travel,0,genuine
40401a83-3f0b-491b-8c7b-ac3d77c89909,ACC700C0204,569.75,4.123,1,0,12,online_retail,0,genuine
50c0b1e1-7091-4885-b7c2-23f7456301c0,ACC8B3F5DD0,106.27,1.227,0,0,3,utilities,0,genuine
4f829bfe-0cff-4a5f-9111-21dc195b2e23,ACCAF841035,193.11,1.09,1,0,10,utilities,1,foreign_location
68ac9af8-124f-4353-967e-da5b819006e7,ACC22F5FFD2,85.52,0.879,0,0,3,travel,0,genuine
440807b9-aa83-4c8c-a849-5cca318cc2a4,ACC5ECECCC8,14.2,0.837,0,0,17,grocery,0,genuine
5f72b4e2-5f93-48fa-88e7-93275528af06,ACC3D0FD592,158.07,1.443,0,0,10,grocery,0,genuine
3ea06cd4-d126-4d90-b09f-89192d03bea0,ACC50C40EE9,131.05,1.347,0,0,12,grocery,0,genuine
39dbe452-1e88-4b2e-a894-41e17fbf0a56,ACCE4ED68FE,188.16,1.018,0,0,20,travel,0,genuine
59b948d3-5d42-4b64-95d8-efbeb1b1b3b7,ACCAA010F0A,36.01,1.106,0,0,1,restaurant,0,genuine
cbe591ad-9f97-458f-8224-77cd47e0a711,ACC52E63E8E,85.46,1.215,0,0,19,travel,0,genuine
57cdd772-2538-42ff-b354-3588e093ffb9,ACCF3D6177F,25.36,1.435,0,1,7,online_retail,0,genuine
5676b3f3-477c-448c-960c-61307c5d4af5,ACC080F4BCF,481.09,4.551,0,0,14,utilities,0,genuine
eff3328d-da14-40e6-bc9c-c7a9e72beba2,ACCD07853CF,143.68,1.171,0,0,13,utilities,0,genuine
abfa2f71-0d36-4c9c-acab-dfdab0d5e83a,ACCAFE32BE6,178.59,1.019,0,1,7,grocery,0,genuine
bcfb484e-7b53-4a15-b0d5-e52d86882871,ACC7F584589,74.59,1.002,0,0,2,online_retail,0,genuine
2b0fe435-6c06-4159-859a-ee95a98be090,ACCD99DF024,233.54,1.436,0,0,12,travel,0,genuine
7a450813-d763-4a86-950b-815b564c48d0,ACC120D4C78,92.48,0.857,0,0,22,utilities,0,genuine
eaa42d11-1499-49e7-a703-b41f6ab4dbc4,ACCBE9782ED,621.14,4.603,0,0,1,grocery,0,genuine
25f51eb8-907d-411d-9ce1-2d2b5ebd65a5,ACC27B72436,126.99,0.747,0,0,13,fuel,0,genuine
06bc9d17-ee19-409a-b981-9846214c3058,ACCE6F7E64B,209.62,1.107,0,0,16,online_retail,0,genuine
ffa18058-d42c-4b53-843a-296f81620a69,ACC4C275212,90.35,0.596,0,0,21,restaurant,0,genuine
7dbcaccc-a166-4c70-8a2d-0b5b83df57e7,ACC1584D2D9,214.4,1.313,0,0,18,online_retail,0,genuine
59c9f28a-219d-4d06-ae3c-93c7326db7aa,ACCBDEED3A1,10.09,0.648,1,0,5,online_retail,0,genuine
e3ecffce-c1cf-4755-a6ad-442d34e0fbcd,ACC5E8DD908,106.51,0.638,0,0,15,fuel,0,genuine
566d18d4-8843-4493-89f2-deacd75a4171,ACCE4ED68FE,125.96,0.681,0,0,3,restaurant,0,genuine
b5656175-2354-4be2-93d6-0c947c3c9634,ACCF6D9DFAD,27.04,0.421,0,0,2,restaurant,0,genuine
3c041e1d-e47e-4bb5-af01-7bcdc1e7b0c1,ACC9C33D69A,45.31,0.953,0,0,10,electronics,0,genuine
fcfdf557-1413-4ec2-97b4-7a08cce3ddde,ACC48A4DD1A,47.83,1.564,0,0,21,restaurant,0,genuine
ab2e7eba-f320-43e8-9988-c7a4debb82f5,ACCEECD14C8,63.24,1.464,0,0,16,restaurant,0,genuine
00832ea9-b9ab-4bc7-9b89-67afc1e6f21a,ACC5A2E3A6E,2142.62,11.447,0,0,11,fuel,1,huge_amount
87abe6bd-8f27-4f74-8987-ee22fe119b2d,ACCE7567526,274.81,1.602,0,0,7,online_retail,0,genuine
6bf9bd33-8396-47e6-ab1a-2207117f1789,ACCAF2FECB8,84.27,1.215,1,0,9,travel,0,genuine
d41c6ace-04b9-4b02-b4ee-968db89e1542,ACCC0703F18,163.55,0.871,0,0,17,online_retail,0,genuine
81210331-9521-47c0-9e5f-4a6351755423,ACC17C90D98,71.54,0.385,0,0,2,entertainment,0,genuine
5085d4ad-d6a7-4484-a66b-a3dad90d0500,ACCB4BE454E,382.34,2.388,1,0,22,travel,0,genuine
53833637-a150-4f95-8a3b-405730017f8f,ACC94AF39FF,66.81,0.971,0,0,14,entertainment,0,genuine
90cc374f-4145-4ff4-bb60-9ea4c870b9fa,ACC80414307,134.71,1.319,1,0,7,grocery,1,foreign_location
4b56b1b3-b2c0-48fc-9f6b-f31c03690f6b,ACC51CC8D6D,45.56,0.779,0,0,3,utilities,0,genuine
ab13a6d0-f6da-44ae-a49b-f09d48cb82c5,ACC080F4BCF,95.03,0.899,0,0,22,travel,0,genuine
425b108f-e03c-4ed6-8090-6e8094fa022f,ACC9CC4C0D9,86.74,1.244,0,0,23,online_retail,0,genuine
d175b01d-aac1-46df-b14d-d00e474b8515,ACC5E35C0A6,177.54,1.267,0,0,18,entertainment,0,genuine
986d4433-5f94-4979-8aff-34b03cf19a92,ACC434FD0BB,95.5,1.401,0,0,9,utilities,0,genuine
6b21ee0f-61a1-4fed-806b-0da3d376c3a4,ACC5E53E80D,173.74,1.942,0,0,12,electronics,0,genuine
43168e54-252b-42c3-9782-6876fb40d494,ACC5B205BFD,140.67,2.626,0,0,15,online_retail,0,genuine
46fa453d-7124-4407-89fd-cd22e4a368b8,ACC866E61C1,56.23,1.022,0,0,13,fuel,0,genuine
223901c6-367c-49ca-83c2-da7cb47f4b7b,ACC0DB3A99A,130.9,1.429,0,0,10,fuel,0,genuine
2c39edd3-da74-4f73-b8ac-53d46515867d,ACCCF5314D2,34.35,0.207,0,0,17,restaurant,0,genuine
a8cb86e7-28aa-4a18-aad1-273e0213032b,ACC6755B550,317.83,10.517,0,0,2,entertainment,1,huge_amount
f5a1bb32-ef4d-4464-a910-f2ca864905b8,ACC724DAE51,54.66,1.62,0,0,17,grocery,0,genuine
08291beb-6c7d-4c65-885e-5ed03cdc7a94,ACC47DBDD62,86.18,0.843,0,0,23,travel,0,genuine
68b570e1-c680-4c1e-9cb9-18036c3ee62a,ACC8CA0E9D4,17.99,0.188,0,0,11,online_retail,0,genuine
f3115540-e54b-4cb3-9e8c-1f2bac0a8bef,ACC065617EF,221.79,1.158,0,0,9,grocery,0,genuine
1c34aa0c-efe6-47df-b35e-9deb34d1f0f1,ACC485CBED1,226.39,1.646,0,0,15,fuel,0,genuine
494f3b78-7364-4ff2-9946-59d5809fd3aa,ACC317B2615,208.54,1.156,0,0,20,electronics,0,genuine
668b30dc-1ffe-46ce-9c66-bdb78ed0c6b2,ACCF524BA52,155.47,0.953,0,0,10,utilities,0,genuine
d6e19e25-8302-4a7a-9d1a-e88bcd057bc4,ACC4FDDC2F7,136.89,0.893,0,1,18,utilities,1,new_device
962a5732-9f9f-43f6-9a5b-d17eacf5428c,ACCFD91D323,89.99,0.963,0,0,20,travel,0,genuine
59b7be2d-0641-48a2-93e1-46dcbef08428,ACCCFE42BC9,108.93,0.725,0,0,6,online_retail,0,genuine
843f03da-e8b9-4674-b528-df0b4d8e43c3,ACCB5426310,79.96,1.099,0,0,10,electronics,0,genuine
39ab1058-4f22-4305-81f6-dbdb1efbb274,ACC38828645,30.82,1.074,0,0,7,entertainment,0,genuine
8c34fc0d-1180-4e0b-a72f-e6ed76c20757,ACC0FF13EC2,1381.16,7.047,0,0,12,restaurant,1,huge_amount
6a489c72-c1fd-423c-804f-800be3435eb3,ACC400342D2,68.66,1.199,0,0,20,fuel,0,genuine
8db0640c-6f9a-4a6f-8f88-7089181f243b,ACC120D4C78,70.12,0.65,0,0,23,entertainment,0,genuine
0a30b351-101b-4907-b46f-b61636923adf,ACCB743CAF9,214.5,1.268,0,0,11,entertainment,0,genuine
1fc56d64-cb3c-467b-9ee1-a01dd399ad58,ACC6E29EDDC,153.5,1.281,0,0,5,fuel,0,genuine
1adde066-c42e-4902-9828-35302102f0a7,ACC592716F0,41.54,0.701,0,0,22,online_retail,0,genuine
7dbf5a3c-c9a0-4dcc-9b0b-a305daeb5612,ACC6781637F,198.37,1.081,0,0,0,restaurant,0,genuine
ad533acd-9e80-4d40-843f-f03f651b1d59,ACCE45B9394,80.0,0.96,0,0,23,grocery,0,genuine
f55a39da-b804-4e86-acca-7b123e6f7bd2,ACC2BCDCDD4,45.78,0.941,0,0,6,electronics,0,genuine
580f39f7-daae-4263-b7ef-4731575ac05a,ACC16193C5E,132.79,1.253,0,0,4,travel,0,genuine
be6e8c23-fd3d-4125-b2aa-1c0c10ca433a,ACCBFA30BE8,49.43,0.806,0,1,8,entertainment,1,new_device
7adcd345-822b-4c75-8809-a226c2642797,ACCF8A2CF4C,54.89,0.538,0,0,16,entertainment,0,genuine
b22d3e1e-9f21-40eb-9672-73d4624fa9d5,ACCB5426310,118.27,1.625,0,0,4,travel,0,genuine
8addfa3e-836f-4ff7-b2e5-32c56b36f9c2,ACCD86300CA,167.74,0.97,0,0,8,utilities,0,genuine
a89dcca8-257a-4366-a380-eb0b89462f7b,ACC72FC33FB,124.51,0.936,0,0,8,fuel,0,genuine
31e12f76-5512-45aa-a15c-6a40124fb89c,ACC8CA0E9D4,148.55,1.552,0,0,5,entertainment,0,genuine
2c5f0b94-b1ad-4f33-bf54-c01e6fbfe156,ACC81C97E10,14.6,0.72,0,0,6,utilities,0,genuine
5aa80251-0c78-4bb6-a54e-2f89f5eb653e,ACC33790CF6,47.6,0.302,0,0,17,grocery,0,genuine
fd8ee23c-36ce-44b2-a7be-b55edc3129cc,ACCC7379D88,151.28,1.457,0,0,11,fuel,0,genuine
9d5c48c4-84d1-4811-92de-bc3ceee22a47,ACC40162BF5,103.86,1.063,0,0,22,utilities,0,genuine
132b3a09-94b1-48c0-af59-5aae1f296c2e,ACC863BB6E8,113.61,3.972,0,0,15,fuel,0,genuine
b10ee4da-e3f8-4e64-9afc-823cc3701351,ACCD13E9570,16.7,0.949,0,0,14,grocery,0,genuine
df41d8df-8178-4a7a-bfeb-0923784aafde,ACC2F2FD99E,52.97,0.789,0,0,23,restaurant,0,genuine
bd259f12-ac7d-42e8-8dbf-3e73a397f029,ACC482E81A5,25.22,1.035,0,0,16,electronics,0,genuine
0607ce0a-727c-4a74-8851-3e8869d8a2a5,ACC9CC4C0D9,88.24,1.265,0,0,15,grocery,0,genuine
94bb6160-c9ca-49e0-a6be-ad8858e299ef,ACC295CE380,240.15,1.221,0,0,11,utilities,0,genuine
bd87d754-e82d-4f56-bed8-9ccda1d794ab,ACC8CF8E85D,124.2,1.304,0,0,6,travel,0,genuine
6a98e6d5-ef63-4e07-9ee6-5b591db90831,ACC98A8E15C,118.31,0.982,0,0,19,grocery,1,stealthy
9125745c-7527-48cb-9764-e7fa1d6ffc8b,ACC27B72436,75.8,0.446,0,0,17,utilities,1,new_device
261ef839-426f-49e4-9818-1cd1256d19aa,ACCBB625750,132.77,0.928,0,0,6,electronics,0,genuine
322ac826-e6a9-4b26-bf21-101aa97dee76,ACC6E29EDDC,41.85,0.349,0,0,18,fuel,0,genuine
d20596f3-5f2e-46ae-abd6-6d9e618b628f,ACC8AB20DFB,18.99,0.846,0,0,20,grocery,0,genuine
82aedb7d-c589-425b-8af4-df142a941a44,ACC9C33D69A,53.87,1.133,0,0,3,electronics,0,genuine
134e9f2f-8081-40cd-8f27-e43ce0d42b35,ACC75F5AFB9,13.75,0.315,0,0,18,travel,0,genuine
40337a6a-dcc8-440b-9242-0fcd4c3f474e,ACC051D694E,48.27,0.662,0,0,8,grocery,0,genuine
30cd4454-6f5a-4479-adba-86082e5cce18,ACCD07853CF,140.36,1.144,0,0,15,grocery,0,genuine
638ec83c-c449-4ae3-a97b-8f44aa1296be,ACC120D4C78,278.34,2.581,0,0,11,restaurant,0,genuine
a7b6726a-079b-41b6-9886-7e6b183bae1b,ACC209F2457,151.54,0.81,0,0,1,travel,0,genuine
5dfabd5a-32bf-4ab0-bf19-c077a8cc7fdf,ACCB7261A19,205.52,1.145,1,0,6,restaurant,1,foreign_location
36c9d94a-d1f8-47f2-b22f-f9a4d8bc391e,ACCC0703F18,172.76,0.92,0,0,16,travel,0,genuine
2c2dd1e3-cd13-40cc-aae0-aa4c240eb5c2,ACCA1BB6B6C,472.41,3.541,0,0,12,entertainment,0,genuine
b7f4b4db-ff2e-4624-a000-8ed447eb8cfa,ACC468A30E3,159.34,1.471,0,0,12,grocery,1,stealthy
91d98ddc-8a6d-4534-8d8b-adf7635ad740,ACC1E39053B,49.9,0.504,0,0,8,travel,0,genuine
9dbdf3a0-6b01-4883-ba41-b5f50c280c7d,ACC481A3694,73.46,0.6,0,1,12,entertainment,1,new_device
114c227b-35d1-4c7a-9199-71681d2945ed,ACC1F549C06,170.65,1.085,0,0,16,restaurant,0,genuine
46c6acd7-c04f-458f-a9f9-880fd3c3c3de,ACC215BCCB8,45.25,1.048,0,0,15,grocery,0,genuine
9235edee-5367-4340-a731-8be9c7e35eb0,ACCE7526B0F,148.69,0.993,1,0,11,fuel,0,genuine
ad81e91a-f512-4997-b138-8a64eacf3090,ACC0D26E623,51.95,1.269,0,0,7,grocery,1,stealthy
851ab8ef-b2fc-4041-8252-4eda96ae0f77,ACC4B968249,103.43,1.043,0,1,5,restaurant,1,new_device
cf0923fd-3ec3-4933-9be7-43ddcbe1823d,ACC8AB20DFB,30.33,1.35,0,0,18,online_retail,0,genuine
5938a0fd-90cd-44cf-bb20-a9408dfb8f3b,ACC295CE380,288.42,1.467,0,0,14,online_retail,0,genuine
3c4cc5aa-e35c-45cb-b63c-b01d85f5864a,ACC9A66A456,113.57,0.733,0,0,18,utilities,0,genuine
b1a5809c-fc0e-4bd0-8e86-4b51aaa533bd,ACC482E81A5,4.1,0.168,0,0,12,grocery,0,genuine
919b5739-fcf5-40d3-94d5-6c2eec90380e,ACC400342D2,63.43,1.108,0,0,15,online_retail,0,genuine
a1180b9d-e4ef-4198-9a25-f8ee73f92942,ACC7131637D,158.96,1.329,1,0,5,travel,1,foreign_location
c85629c5-3f99-48ae-aed1-d2b738c3a5ad,ACC36CEEE60,101.91,0.615,0,0,10,electronics,0,genuine
ab6b76b5-eb3c-4966-a0b3-de81412411b5,ACC80414307,111.35,1.09,0,0,9,restaurant,0,genuine
a1ef784e-ad82-4747-aa90-8ac73b4158ce,ACC44706969,113.66,1.405,0,0,10,fuel,0,genuine
d62cecf9-8cf7-45b7-a347-87db1015a704,ACCEB67227A,140.82,0.77,0,1,13,entertainment,0,genuine
612e5773-f9b9-4a2b-8bf7-96f2f94ee7c1,ACCC6121509,25.31,1.169,1,0,23,utilities,0,genuine
c1d7fd05-78e2-4fde-bf6c-3efcec354526,ACC6781637F,135.4,0.738,0,0,10,restaurant,0,genuine
94a4a92d-aeed-45a3-bbe3-b786c6a3b5c3,ACCAFBC20C2,41.44,0.887,0,0,15,entertainment,0,genuine
8c31b046-0aad-45bc-9819-22f404f2006b,ACCB17AC2ED,53.36,1.679,0,0,20,restaurant,0,genuine
581e5b02-815c-4520-8ad4-fc141862ce63,ACC1804DFBF,182.0,0.939,0,0,13,online_retail,0,genuine
0612e039-4416-4376-bdc6-94f673067b1f,ACC6755B550,13.74,0.455,0,0,12,electronics,0,genuine
bc8f0655-02f4-4862-be44-9f97ca5da35d,ACCBE5476B7,15.05,0.388,0,0,14,grocery,0,genuine
8bb9b7fd-39f1-446f-9fae-7c990947cbd5,ACCEE4C8042,108.29,1.276,0,0,9,entertainment,0,genuine
59bbe449-5172-42a0-baf1-5ea797fcd2e9,ACCAB52E977,106.41,1.043,0,0,7,travel,0,genuine
f833162c-d82a-45c4-9f9a-330204bc68a2,ACCC7CCB237,202.5,1.643,0,0,15,travel,0,genuine
721a6146-0aa7-48fa-a8e6-0a01bfb5ed1e,ACC56C616C1,88.81,0.877,1,0,0,fuel,0,genuine
d5c90e4d-d054-435b-86d5-2ef19fa1740d,ACC9CC4C0D9,20.56,0.295,0,0,5,entertainment,0,genuine
124ea98c-c19b-41e3-b83a-cc37d95c9baf,ACC5952E61B,253.74,1.395,0,0,22,utilities,0,genuine
532ccb33-f4e6-4eb4-9c7c-be3eee937971,ACC33790CF6,89.18,0.565,0,0,1,utilities,0,genuine
bbc495da-b6d3-49ae-a3aa-196bf23a5e7d,ACCBCFB1EE1,16.04,0.724,0,0,4,travel,0,genuine
699a99f5-a36f-42f6-b60c-e6597e7c5961,ACC38C22FBD,204.1,1.145,0,0,11,grocery,0,genuine
b6794521-9c6f-4e9e-969f-5bc691a985e8,ACCA1AE10E7,41.15,1.359,0,0,10,fuel,0,genuine
03c34369-3c2f-4331-bffd-ce25619540b3,ACCA56E2DAF,86.94,1.02,1,0,8,entertainment,0,genuine
0f731112-6b48-4302-a107-662f9e2f457c,ACC36CEEE60,203.58,1.228,1,0,19,fuel,0,genuine
da5c0fc8-a028-4cb8-9f1b-db0fbf71178b,ACC44476C30,183.65,1.331,0,0,2,travel,0,genuine
b8ac3206-1c09-492f-8064-c0b34d447e48,ACC049C6980,214.3,1.317,0,0,15,online_retail,0,genuine
26923d36-53b8-416f-a41f-96b26bf783a0,ACC874BD617,272.31,2.011,0,0,6,fuel,0,genuine
f10d12fb-7c6a-4b0c-b523-2580ba2e8615,ACC6781637F,184.58,1.006,0,0,4,electronics,0,genuine
c7097641-3548-4434-8dd3-b503d281ef54,ACC8B88E484,47.81,0.623,0,0,21,travel,0,genuine
cd865fa0-41ea-4859-9636-6f97e3b54890,ACC56C616C1,279.88,2.763,0,0,20,online_retail,0,genuine
6af99dde-cb17-4096-a74e-5c666921765b,ACC72FC33FB,145.06,1.09,0,0,17,online_retail,0,genuine
b341b4ba-64f4-4f35-8732-87752ecb6d8b,ACCC7CCB237,122.34,0.993,0,0,4,online_retail,1,foreign_location
77655f9f-56b6-4db0-b736-7ba53f3568ad,ACC468A30E3,123.04,1.136,0,0,19,grocery,0,genuine
4edf1e06-c99c-4cba-877f-bec04ca457bd,ACCAFBC20C2,56.13,1.202,0,0,6,electronics,0,genuine
b2c39475-81b7-452a-b50e-fd71da299fa3,ACC38828645,45.28,1.578,0,0,12,electronics,0,genuine
e68d1a39-4635-4ecc-92d6-77b34e993be6,ACC56C616C1,78.7,0.777,0,0,10,electronics,0,genuine
35bc58e3-7377-4118-96ba-5028ba629e36,ACCDFFD27ED,89.37,1.079,1,0,1,entertainment,1,foreign_location
3294f826-4d70-46d5-b15c-6abdc5b28e94,ACCAF841035,221.43,1.25,0,0,9,fuel,0,genuine
80fb7274-3533-4d91-bc1c-9917d6b0b031,ACC145D3692,106.94,0.813,0,0,23,electronics,0,genuine
2f4b6dc7-6a2a-40b9-bac2-1b68879c5d7c,ACCB4BE454E,124.68,0.779,0,0,17,entertainment,0,genuine
7806a9df-eda8-4340-aa9a-1ecddf6c8576,ACC974EDF80,136.41,0.844,0,0,2,online_retail,0,genuine
51bd9fd6-4c43-4624-b622-b8df3597189e,ACC44476C30,119.07,0.863,0,0,12,entertainment,0,genuine
70106325-b538-4233-857a-f5583d0b378f,ACCBDD4EB53,11.13,0.508,0,1,3,utilities,0,genuine
69a621e6-5172-4c4a-82ee-6d4b0b81284d,ACCC7CCB237,114.03,0.925,0,0,20,fuel,0,genuine
f39bde13-b187-45ac-b8f0-614f905f0db9,ACCE4ED68FE,142.21,0.769,0,0,8,restaurant,0,genuine
a9cc5d8a-e857-45f6-9f5e-57effd71f0f7,ACCEB67227A,174.87,0.956,0,0,17,restaurant,0,genuine
2c92de74-30f4-4cca-bf5f-8d95eb46227d,ACCF0ED3147,31.11,0.749,0,0,16,grocery,0,genuine
f050b410-d650-4561-8dc0-2215652d8e5e,ACCDFFD27ED,399.63,4.825,0,0,4,utilities,0,genuine
83799e36-3dc6-4d59-a0e0-c4875f7f027d,ACC0AADD547,190.45,1.183,1,0,13,grocery,0,genuine
ec1ba723-be5e-49d8-9b8f-8784a44d4824,ACCB3D946C7,325.64,1.798,0,0,13,travel,0,genuine
f5a86c59-e65a-4093-b4c8-e370f88430e8,ACC77B9597C,129.07,0.802,0,0,22,entertainment,0,genuine
57fd1dcc-123b-4a0c-9e6d-b4b1e0ff210b,ACCC7379D88,66.88,0.644,0,0,12,utilities,0,genuine
bd33eb4d-9973-4c0c-9f69-071eb2d77950,ACC02350C73,79.07,1.08,0,0,17,fuel,0,genuine
1a971c2a-7be9-47c4-a630-3cd8bb7d2041,ACCA12ADE0C,41.04,0.751,0,0,2,restaurant,0,genuine
6cf051c0-67b0-4b1a-88c1-41f93c995908,ACC5F0A2EFB,29.68,1.035,0,0,22,grocery,0,genuine
5347d718-90c9-4ab5-8f00-963f750da4ba,ACCD77D289A,30.81,0.915,1,1,1,grocery,0,genuine
502638bb-0d56-4d06-ae69-0e9a998d0cb6,ACCBDD4EB53,22.17,1.012,0,0,9,utilities,0,genuine
aa89ea25-5ad4-449d-8cce-63b2057f1352,ACC028C6BF2,102.71,0.935,0,0,10,travel,0,genuine
e9002f4a-59ac-45b3-ac19-500f43bf6c03,ACCD581D6E4,50.17,0.706,0,0,1,restaurant,0,genuine
95a161f9-422e-476c-a72a-0bb910cf35a9,ACCC7379D88,78.46,0.756,0,0,9,online_retail,0,genuine
7f7bc779-5d25-4255-9341-fed928809ab6,ACC8B3F5DD0,105.56,1.219,0,0,2,electronics,0,genuine
d385f031-b247-41f9-b2d2-a2b8cc8dd041,ACC30D0A6A0,127.52,0.795,0,0,5,travel,0,genuine
6b0bc69a-6c34-4151-9a80-753245e63066,ACC8C663F70,158.71,0.919,0,0,14,electronics,0,genuine
0337d551-ce16-4369-82c8-1c3aa6e91d1f,ACC68859C88,88.45,0.785,0,0,4,utilities,0,genuine
a2e0566f-5cf3-4433-a708-42c4c464bad8,ACC8CA0E9D4,88.15,0.921,0,0,16,utilities,0,genuine
8bade2eb-fc2f-4472-bbb1-94ba424da8f3,ACCEECD14C8,48.21,1.116,1,0,2,grocery,0,genuine
08b27d12-0ef0-4381-9393-ed099fb0385b,ACCBDD4EB53,11.32,0.517,1,0,19,travel,0,genuine
aa203668-0df7-4d6f-971b-82473d609d8f,ACC37920886,141.74,1.268,0,0,1,travel,0,genuine
c929c1ce-af46-4827-89ae-1eb52252b99e,ACC5A5853FB,235.19,1.214,0,0,7,fuel,0,genuine
d34da68f-c285-4949-9a74-fcc345074d72,ACCAB52E977,125.83,1.233,0,0,21,travel,0,genuine
738faca1-0fc2-42bb-9dbd-7083b12f5dba,ACCD81E32FD,49.36,0.945,0,0,2,entertainment,0,genuine
7b345b77-5cb1-4cec-9c79-b0b50784441e,ACC482E81A5,26.05,1.069,0,0,2,fuel,0,genuine
b8d13245-af5b-4413-98af-9bc5708cf3ee,ACC82566958,87.61,0.858,0,0,1,fuel,0,genuine
70c6c980-576a-45de-8ce2-e3593a0be2da,ACCB4BE454E,203.79,1.273,0,0,12,entertainment,0,genuine
2958b0a0-7d06-449e-9514-2009a7e9c4b7,ACCF4D51612,484.59,3.621,0,0,2,online_retail,1,huge_amount
5ea3e6a8-a221-455e-9e05-f5a4ff306384,ACC8AC68D4A,147.02,0.78,0,0,22,entertainment,0,genuine
e567ea70-7bfc-4aaf-a069-97c2b8d1408e,ACC0DB3A99A,70.23,0.767,1,0,10,travel,0,genuine
81f871fe-e089-4c41-a839-a290c0a9d391,ACCBCFB1EE1,20.76,0.937,0,0,20,online_retail,0,genuine
654a28a3-3de9-41ce-bef5-380c10e89ee1,ACC63E38219,144.63,1.279,0,0,19,grocery,0,genuine
25fa0c68-4a99-46ed-bd16-11d508024409,ACC2E4F73FD,77.49,1.441,0,0,22,electronics,0,genuine
97c611d4-d278-444d-82e0-4f962f209f5a,ACC5A5853FB,121.3,0.626,0,0,20,entertainment,0,genuine
337c169c-9802-4b65-9371-f97b1ad0d6da,ACC4C275212,110.43,0.729,0,0,20,entertainment,0,genuine
050925a9-9918-459b-b8fb-4c52d13321bb,ACCD81E32FD,59.94,1.148,0,0,8,utilities,0,genuine
04c8135a-d271-456e-80f4-9fd3ceee7faf,ACC0A64ABBD,22.47,1.094,0,0,22,grocery,0,genuine
c3107514-c978-499f-8346-3d95a90bd6bb,ACC94AFF365,4.93,0.316,0,0,20,entertainment,0,genuine
4cd85fe1-d478-4b25-8e72-f7c27c12eb7e,ACC95B54780,296.16,1.624,0,0,22,travel,0,genuine
c4283328-df40-4b31-9569-2132880aa614,ACC2E4F73FD,76.05,1.414,0,0,3,grocery,0,genuine
9cc892da-4806-46ad-910d-f48249d9e044,ACC209F2457,240.5,1.285,0,0,11,entertainment,0,genuine
6944984a-cd8e-4e37-94b1-f4b83b56042f,ACC7661F9A1,43.68,0.755,0,0,4,utilities,0,genuine
3b7d6171-a136-4d33-8980-a136b04a4984,ACC2C3FB42A,230.51,1.37,0,0,19,grocery,0,genuine
de15bb41-4d31-47a0-bfa1-710162404da6,ACC700C0204,195.82,1.417,0,1,13,utilities,0,genuine
277d3840-47c8-4637-b2c4-bd0f3f07a31f,ACCDFFD27ED,146.75,1.772,0,0,13,fuel,0,genuine
57ad9dc2-df36-42a9-b3e6-9c5fd9762c93,ACC71F2BF15,73.51,0.782,0,0,16,grocery,0,genuine
601cb408-5a98-4b07-a761-4576ebfc6add,ACC1804DFBF,116.98,0.603,0,0,21,fuel,0,genuine
9285ab03-7c73-4661-b087-0539b1b659e1,ACC257866E9,54.72,0.337,0,0,14,restaurant,0,genuine
99dbbc18-6716-407c-a9a3-f4fce524e5e1,ACCB4BE454E,712.47,4.45,1,0,0,restaurant,0,genuine
461fe15a-d0ed-4249-8eea-74dd3dfa5134,ACC792E1021,134.93,0.719,0,0,4,entertainment,1,stealthy
4cd4e00c-98d3-4e02-8ab0-ec5c2faa83f4,ACC2227A7D6,180.58,1.327,0,0,15,entertainment,0,genuine
a9946ef0-b89f-4630-ab24-96ec99c9d7b5,ACC1584D2D9,200.23,1.226,0,1,17,travel,0,genuine
2633fa4c-3f59-4218-9e21-196d5fa79ba1,ACC3A1439DA,121.4,0.748,0,0,4,fuel,0,genuine
3ff994a9-0b92-4ab8-9a07-b0084e837363,ACCBFA30BE8,35.81,0.584,0,0,22,utilities,0,genuine
d641097c-15f3-4c05-a657-2f613736a084,ACCEE4C8042,104.59,1.232,0,0,11,travel,0,genuine
615061c7-0bcb-4d52-8369-c04af0c6b866,ACCB3D946C7,65.85,0.364,0,1,20,utilities,0,genuine
4b76616f-9fff-4e05-b2f2-d481abb7b6d6,ACC5952E61B,149.69,0.823,0,1,23,entertainment,0,genuine
dafed386-b14d-4aad-ba20-b972ab4ee11c,ACC0ED0AD12,102.61,1.048,0,0,11,restaurant,0,genuine
2252b4d5-9344-4761-b921-19caf0611e0f,ACCFABA81CE,215.65,1.095,0,0,7,entertainment,0,genuine
48af47c2-94b4-452f-ad52-11356d04a962,ACC8348C5C8,15.18,0.485,0,0,6,fuel,0,genuine
2601e8af-7ec1-4df4-993c-b1e69a46862f,ACC6F7D92B8,53.54,1.353,1,0,16,grocery,0,genuine
e9a527eb-4b9f-4ffb-b26d-440c1e6259a0,ACC69F86FC2,103.98,0.561,0,0,23,utilities,0,genuine
db46c2a8-bb8e-421a-937a-3c089a406fa7,ACC4FDDC2F7,131.74,0.86,0,0,9,grocery,0,genuine
6d73a05e-ca7e-4114-a469-f70f2a50d07a,ACCB6304D6D,204.15,1.282,0,0,23,electronics,0,genuine
a10cd0b1-3cff-40c9-b1e3-0a70c707551a,ACCCDE6737B,129.55,1.133,0,0,4,restaurant,0,genuine
b3897d8c-e964-489c-9caa-30a0f898df57,ACC7F584589,77.29,1.039,0,0,19,entertainment,0,genuine
adc71e40-2a0a-4f0f-a689-e4b2465473a8,ACCBFA30BE8,35.97,0.587,0,0,0,online_retail,0,genuine
36e4be4a-ea3f-4199-be17-82cb6ac0570f,ACCE5159C95,89.82,0.713,1,0,6,entertainment,0,genuine
742e852c-9a8e-4319-9811-2ac9c2d217b5,ACC89FB4304,88.19,0.887,0,0,7,entertainment,0,genuine
8b7871a6-11b6-4ef9-af8e-6deb9cc0ac1b,ACCE755C517,456.86,8.085,0,0,19,travel,1,huge_amount
50f086ba-9c6d-4b38-bb18-005a15829c2c,ACC75F5AFB9,32.42,0.743,0,0,21,grocery,0,genuine
b1e694b2-1650-4806-9480-f7ec87098448,ACC8F3BC4D8,89.47,1.421,0,0,13,online_retail,0,genuine
11792862-f063-4fde-b704-e574ade8130c,ACC257866E9,83.97,0.518,0,0,11,grocery,0,genuine
b56421f6-2166-42d4-9aef-8c4b94644232,ACC47DBDD62,66.94,0.655,0,0,5,grocery,0,genuine
70bc2178-6b24-49da-bfd3-d97e4f2cec9c,ACC317B2615,225.08,1.248,0,0,19,fuel,0,genuine
64293e0c-e471-4372-8297-ebef1bcf653a,ACC476E30AF,52.96,1.118,0,0,20,grocery,0,genuine
da8ce92d-30f4-4fc2-a9db-425b8552b81c,ACCE2B777FC,192.46,1.066,0,0,0,restaurant,0,genuine
c5635985-85ae-4250-8d62-afc2ff7716d8,ACC0DB3A99A,135.71,1.482,0,0,17,electronics,0,genuine
f0d9a391-53ab-4f0a-9883-fe95c2f25dbd,ACC2AFF62BB,97.58,0.644,0,0,13,online_retail,0,genuine
d3807d67-83ca-460e-945f-4809b9eba5a3,ACC5B205BFD,57.81,1.079,0,0,9,restaurant,0,genuine
880dcac2-7b8b-4265-8d94-bdf082605a4b,ACC59EA8486,231.55,1.482,0,0,16,travel,0,genuine
7a70d0f7-3bd0-4412-b6a7-1229da037593,ACC6F7D92B8,39.08,0.987,0,0,16,travel,0,genuine
24b7c129-6a95-4aad-bdca-e7d5ce4d96fe,ACCAB52E977,147.58,1.446,0,0,13,fuel,0,genuine
d1ef871b-6e55-4328-8b29-4bff8aad5401,ACC91469B41,19.8,1.006,0,1,4,fuel,0,genuine
9ca817f4-76a7-499f-88ab-645504369487,ACC8348C5C8,24.33,0.777,0,0,1,utilities,0,genuine
3c2d03ac-525e-4748-9438-6e718500d7fd,ACC075F7E93,113.07,1.031,0,0,21,online_retail,0,genuine
64800aa1-1892-460a-929b-10c363203fa9,ACC819391A9,39.14,1.009,0,0,10,travel,0,genuine
299e10d3-059f-4464-8d3c-7f43cc88779c,ACCEF39B188,154.82,1.337,0,1,22,electronics,0,genuine
74d0f570-5a19-4058-97a8-4837d566f036,ACC317B2615,226.56,1.256,0,0,14,restaurant,0,genuine
3bdfb7dc-7e50-4481-a4c5-cdd2e0f0a323,ACCABC666C2,263.31,1.491,0,0,17,online_retail,0,genuine
af08901b-d50e-46d5-a865-e615a2f2fd12,ACC94AFF365,16.46,1.054,1,0,4,entertainment,1,foreign_location
61c29273-16ac-4c42-96a3-edf444f0d8d6,ACCE4ED68FE,454.75,2.46,0,0,14,travel,0,genuine
19cce13b-df70-457d-b931-98d6d10d1a15,ACC40162BF5,33.89,0.347,0,0,18,entertainment,0,genuine
2be9cddc-873b-424c-ac23-b2e99a1d924b,ACC18319CF0,42.53,0.711,0,0,12,travel,0,genuine
8b5ca38c-61fc-45d5-bab3-86d38309407b,ACCEE57A8CC,139.98,1.036,0,0,21,entertainment,0,genuine
eb74d9b0-0943-4142-8547-53e39c795a29,ACC48A4DD1A,27.32,0.893,0,1,8,grocery,1,new_device
fb07ac91-eb22-4544-9c63-3d76564c5ece,ACC98A8E15C,38.29,0.318,0,0,13,fuel,0,genuine
78f8d14e-0b64-43a5-8ea0-92c3a781509b,ACC02350C73,93.96,1.283,0,0,14,restaurant,0,genuine
62b8bc5c-2189-457e-8f09-d2c85f44544c,ACC4D610E4D,40.49,1.455,0,0,14,electronics,0,genuine
ce3a8f45-efdb-4f02-8a2c-b8b648ac10a7,ACC16193C5E,115.69,1.092,0,0,20,travel,0,genuine
8471d0d9-6938-4ed3-a003-effa3fbea0fd,ACC120D4C78,107.86,1.0,0,0,13,fuel,0,genuine
edbafdb3-9d4e-4976-80ae-087ed628eae8,ACC3A1439DA,175.1,1.079,0,1,3,grocery,1,new_device
19a3aac9-5403-46d1-9e69-6e605dc6660e,ACC434FD0BB,40.17,0.589,0,0,22,restaurant,0,genuine
2fc6b21b-7201-49bb-9cbe-1b35506942d6,ACC604B3540,173.58,1.096,1,0,20,entertainment,1,foreign_location
312d4a6c-c436-4421-b8a5-6960d0136f16,ACC2C3FB42A,148.36,0.882,0,0,21,electronics,0,genuine
81301aa5-112f-4923-b63b-7f41f208512e,ACCD9089858,66.81,1.51,0,0,5,restaurant,0,genuine
800a28e1-8b33-4a2a-8ae4-fb752eb4c51a,ACC30BAEE93,45.44,0.82,0,0,10,electronics,0,genuine
6f7f31a1-7ccb-433f-8f1e-f8786861025f,ACC132E6B03,108.06,1.346,0,0,1,travel,0,genuine
fb68b9e1-21f4-4d6d-b7bc-4ca8f46b479e,ACC0AADD547,113.91,0.707,0,0,19,restaurant,0,genuine
3162adf9-7152-4e01-9e7a-6c2e4cf88fa3,ACCA6791AA0,118.03,1.184,0,0,6,online_retail,0,genuine
d6025592-a28e-472c-a861-b02103d80c28,ACC38C22FBD,212.35,1.192,0,0,1,entertainment,0,genuine
c2a088a6-fd39-4b2f-bbf6-6be396fa85ff,ACC5F0A2EFB,23.52,0.82,0,0,4,grocery,0,genuine
db989746-04a4-4ac8-ae2c-299c09b0d906,ACC38828645,24.31,0.847,0,0,18,grocery,0,genuine
6ee4eeba-4377-493d-bded-c0899ef78ff9,ACC1584D2D9,188.18,1.152,0,0,8,travel,0,genuine
f97e83b4-2236-422f-9d30-10460386689e,ACCC1DD744F,28.96,0.508,0,0,5,online_retail,0,genuine
fac930b2-8372-4817-a1a7-2eef4e170b6b,ACC9CC4C0D9,95.15,1.364,0,0,0,travel,0,genuine
6bb52f61-22de-4275-b043-39030f03602d,ACCDF6D88DC,22.23,0.99,1,0,21,entertainment,0,genuine
e95b5130-4f0d-459a-b2c9-1e258771037b,ACC7D7424A6,61.35,1.037,0,0,10,travel,0,genuine
156b9aa8-88e2-447f-a9ec-b204cbfc5cef,ACCABC666C2,765.99,4.338,0,0,20,grocery,0,genuine
ab28b86d-f24a-4e88-b959-5e0afaf97f48,ACC145D3692,117.16,0.891,0,0,18,utilities,0,genuine
16e8c99b-4f81-4bb3-bbd8-adc554cb589f,ACC68FE0D56,185.06,1.259,0,0,4,travel,0,genuine
0d461cb5-6124-4f7e-96d2-b5865920976e,ACCFF0D087A,332.16,1.8,0,0,15,grocery,0,genuine
90a72f17-64c5-4419-9f71-3471509f8356,ACCEE57A8CC,158.17,1.17,0,0,22,entertainment,0,genuine
14b0e228-b050-44de-aa75-2c3e846a4a96,ACC6755B550,27.76,0.919,0,0,6,restaurant,0,genuine
c4e4245f-db85-4d9e-84f3-9bd9fd1e6faf,ACCB3D946C7,213.25,1.178,0,1,1,restaurant,0,genuine
60ce20af-e76d-498a-8bee-f6675dc14382,ACC2BCDCDD4,34.67,0.712,1,0,20,online_retail,1,foreign_location
a54cc5b5-139a-4a9f-a4bc-9de6ba149fdc,ACC42229380,162.78,1.685,0,0,9,online_retail,0,genuine
5bf422f2-055f-4fff-8382-5b656a0327a3,ACCF6D9DFAD,74.42,1.159,0,0,1,entertainment,0,genuine
adb297e2-929d-44c5-8dc7-635f0b749cd0,ACCE5F859C3,62.63,1.228,0,0,10,entertainment,0,genuine
b606ec6a-91c3-4dfa-8457-1506b7011fb2,ACC22F5FFD2,127.01,1.305,0,0,16,grocery,0,genuine
4be1f601-4432-4684-ad21-372f1e039c9c,ACCD581D6E4,68.18,0.96,0,0,2,restaurant,0,genuine
1557e96a-91f2-4c58-b960-e17838382ce0,ACC58892FA4,257.39,2.2,0,0,17,electronics,0,genuine
87971765-f7a0-4b22-950c-35de09852f07,ACC3A936184,228.75,1.524,0,0,8,electronics,0,genuine
2f768f58-7d86-494e-ac50-c00100cc3f95,ACCF0ED3147,69.95,1.683,0,0,23,utilities,0,genuine
b5f8f16c-9ad2-4d06-9707-8954af37e2fa,ACCBCFB1EE1,15.37,0.694,0,0,16,restaurant,0,genuine
7cce0ffd-b1bc-4206-a486-a3dabe33c86c,ACC146CFDB2,106.46,0.738,0,0,20,grocery,0,genuine
d57ce45a-4111-44c2-ad7b-d2bf8d3d8960,ACC317B2615,103.42,0.573,1,0,1,travel,1,foreign_location
9c235164-cc63-4ac1-b87b-ca4a2d2b5737,ACC476E30AF,77.4,1.634,0,0,1,online_retail,0,genuine
a23acd51-126a-47fb-aa12-78a2df4df8d0,ACC9D67E0D7,471.56,3.338,0,0,22,travel,0,genuine
15385b67-0f39-4fac-91ad-8f7990f51f92,ACC5A5853FB,122.11,0.63,1,0,4,online_retail,1,foreign_location
6077e006-4dd9-4172-add5-972296dfa8ae,ACC5F0A2EFB,36.19,1.262,0,0,21,utilities,0,genuine
502f960e-8854-4634-9133-65c21274f5ba,ACCDFFD27ED,74.96,0.905,0,1,6,grocery,0,genuine
a908b0c7-1fe8-4946-8b9e-b119ca372901,ACCBFA30BE8,63.29,1.032,0,0,19,travel,0,genuine
5301e2b1-9610-4d02-8558-a751cef55196,ACC63A8249C,20.66,0.76,0,1,4,electronics,0,genuine
32924a48-1fac-4272-ba8d-4c0a49a8feca,ACCE90CC233,51.38,1.233,0,0,2,fuel,0,genuine
eefb67c4-7acc-4233-bd53-40a21981da9c,ACCCC6CC85C,119.49,0.681,0,0,5,entertainment,0,genuine
c99e9fb4-0b90-48fe-a8e2-26ba6650d4eb,ACC8CA0E9D4,128.25,1.34,1,0,10,restaurant,0,genuine
7647c7f0-42ee-4538-b418-5a39522f9fbc,ACC6FF68307,81.14,0.714,0,0,15,online_retail,0,genuine
d1cc8ccc-944e-4816-ab59-2957c355d968,ACC33790CF6,145.27,0.92,0,0,9,electronics,0,genuine
c5156059-80c7-475f-9c4e-4754e8ed4d9e,ACCB7FD1801,112.27,0.961,0,1,2,entertainment,1,new_device
6dfcdd4c-e7df-432d-8b0f-0ae04cb14514,ACCE4ED68FE,115.11,0.623,1,0,2,online_retail,0,genuine
c277ca04-4bbc-48c8-9669-ccb6f454d00f,ACC55E9D122,91.16,1.121,0,0,10,fuel,0,genuine
014b5079-6339-4ba5-b804-94431d7fd656,ACC2F2FD99E,58.32,0.869,0,0,3,restaurant,0,genuine
8e6bb87e-c14f-4278-9900-7899bee93988,ACC592716F0,62.27,1.05,0,0,9,travel,0,genuine
6d0d3718-dc96-4e49-997f-c5f854be752d,ACC2AFF62BB,1709.4,11.279,0,0,21,electronics,1,huge_amount
3a0ac927-9b4f-40f8-96bf-18d25daf52e7,ACC075F7E93,59.27,0.54,0,0,12,fuel,0,genuine
59006237-4488-4374-91a8-dd581ce0d007,ACCBCFB1EE1,8.15,0.368,0,0,14,grocery,0,genuine
35e90282-31c2-466e-be0f-adaaaafb5bcf,ACC6755B550,28.74,0.951,0,0,19,entertainment,0,genuine
efa09482-e4b8-46e8-b308-07c026f8d1ee,ACCEF39B188,106.69,0.921,0,0,12,utilities,0,genuine
38bb84a5-16c4-4f8e-bf84-fa4f1bfdd3fb,ACCBE5476B7,40.43,1.043,0,0,21,restaurant,0,genuine
06acb790-06b2-4dd5-8df1-fbe8b81a12c1,ACC819391A9,46.08,1.188,0,0,5,travel,0,genuine
ec80b4f1-6b8b-43e4-83d3-91fd7187935d,ACC8F3BC4D8,56.69,0.9,0,1,1,entertainment,0,genuine
eb3f1406-0601-4ab9-b18f-b1643947decf,ACC5F0A2EFB,14.88,0.519,0,0,6,restaurant,0,genuine
7c810908-ea7d-4b65-aba5-49377bd13487,ACC82566958,100.04,0.979,0,0,23,electronics,0,genuine
8f2e518c-4f7c-4386-b71e-897236a5afd5,ACC47C1AE01,82.24,0.755,0,0,17,electronics,0,genuine
51a48e11-9ea8-495f-88ed-6eee0d96c345,ACC4FDDC2F7,135.05,0.881,0,0,19,online_retail,0,genuine
9a584508-f0a1-42a3-bfb7-5071bf33dab2,ACC81C97E10,22.48,1.108,0,0,23,entertainment,0,genuine
67aeb495-7273-4e10-a2f1-873fea961fd3,ACC44706969,78.74,0.973,0,0,1,online_retail,1,new_device
ae0b7134-3653-4592-a3a4-71b63c139269,ACCAD413A31,138.18,0.808,0,1,23,online_retail,0,genuine
27ef2633-f930-48b6-8fc4-4111e278419b,ACC145D3692,124.09,0.944,0,0,12,fuel,1,stealthy
28bc468a-c58a-4286-be30-22df5f4802a4,ACC400342D2,28.69,0.501,0,1,2,fuel,0,genuine
8912d13d-0beb-481b-a8b8-e695361d70e0,ACCE6F7E64B,214.03,1.131,0,0,7,fuel,0,genuine
b680d23b-27f9-4e70-a2c8-d64d79d949f3,ACCD13E9570,6.21,0.353,0,0,0,travel,0,genuine
fa403fc8-255e-4a39-b7d8-3310bff46774,ACC0A64ABBD,233.17,11.358,0,0,14,grocery,1,huge_amount
67ca7ff1-0807-4fe7-ae53-af692756649a,ACCB582C3E4,94.3,1.372,0,0,2,restaurant,0,genuine
e807ca9e-21ab-4b11-b7bf-95b9ccd240d9,ACC2AFF62BB,63.62,0.42,0,0,5,restaurant,0,genuine
2eb96287-3389-4ae5-96ca-da85d6b3f04e,ACC40162BF5,162.16,1.66,0,1,22,utilities,0,genuine
178c2896-efd6-4f3e-9215-6f5386fede6b,ACC36CEEE60,300.8,1.814,1,0,1,entertainment,1,foreign_location
97d6c45e-967f-41a6-ae03-28127b7baeb8,ACC55E9D122,188.5,2.317,0,0,20,restaurant,0,genuine
4833134f-6032-4388-8b3d-b5ce125f55aa,ACC08968071,131.12,0.718,0,0,1,travel,0,genuine
e958ad7f-a2e6-4964-94a2-771e088f03a1,ACC51CC8D6D,89.68,1.533,1,0,14,online_retail,0,genuine
ceda8c0b-2bb0-4d96-bba5-13d47160228e,ACC63A8249C,13.96,0.514,0,0,10,travel,1,stealthy
be179150-4c3a-4e71-9230-10e69c190b94,ACCBF96BF99,38.46,0.614,0,1,12,utilities,0,genuine
76e1a5ed-bd65-430e-8662-c9d7580501a6,ACC400342D2,40.19,0.702,0,0,0,fuel,0,genuine
0bbcebd7-7f78-4e70-b8fd-9c98e1f9cb72,ACC700C0204,138.44,1.002,0,0,0,fuel,1,stealthy
94d464d9-c586-4c04-8693-2c7a51fea489,ACC132E6B03,100.23,1.249,0,0,16,grocery,0,genuine
b2e9615d-0a7d-4331-ac71-9ea812a0d6a5,ACC16193C5E,123.3,1.164,0,0,7,online_retail,0,genuine
1d73545f-2ea5-4d89-8613-2a37a6175574,ACC707FD242,94.15,0.977,0,0,17,electronics,0,genuine
add0b354-3a27-4d1b-8c86-9935bdb2db46,ACC49711EE2,178.3,0.974,0,0,17,grocery,0,genuine
f0716435-c12c-4db3-adc7-d40abbf5b8ee,ACC59EA8486,178.96,1.145,0,0,17,online_retail,0,genuine
847446e6-7447-47a1-b552-5adf0e7138c9,ACC0AAC82C2,24.83,0.257,0,0,10,electronics,1,foreign_location
ba785477-7b50-4b93-bbd7-c3b898a4b90f,ACC81C97E10,32.31,1.592,0,0,0,travel,0,genuine
3ecfec98-b229-43e7-85e6-8c0b1bf9c2a8,ACCEB67227A,194.15,1.062,0,0,18,utilities,0,genuine
d6932051-b44c-4ced-87d9-4f2d202a2adf,ACC7661F9A1,17.51,0.303,0,0,15,travel,0,genuine
1ff2e753-b1fe-4e06-8b7c-aeff0766f991,ACC7A03D049,27.05,0.544,0,0,19,online_retail,0,genuine
80961ee2-2621-48d8-afff-a65bcbee1f19,ACCEE57AC5C,55.01,0.449,0,0,4,travel,0,genuine
80de7b0d-d50a-4e5f-a3bd-6830cfe38fed,ACCBCFB1EE1,30.59,1.381,0,0,7,travel,0,genuine
5839518c-fbb3-417e-9ff6-4961fabde94f,ACC4FDDC2F7,1071.52,6.991,0,0,9,fuel,1,huge_amount
438ecfe3-612b-4ece-a02a-02982cb232a6,ACCD70B7103,60.07,0.962,0,0,12,travel,0,genuine
78c93748-ea17-4bc4-a034-4aef2eff1048,ACC4B968249,52.17,0.526,0,1,23,online_retail,0,genuine
ec4124ad-0710-4617-9c36-a01dec6d340f,ACCBCFB1EE1,15.02,0.678,0,0,4,grocery,0,genuine
8d1ece0e-8aa7-451e-9da1-cb00dfa748fe,ACC4B968249,96.05,0.968,1,0,22,online_retail,1,foreign_location
41ad3fc3-b158-4e63-95ba-da1062025513,ACC72FC33FB,149.41,1.123,0,0,12,grocery,0,genuine
c1788f15-6f50-49a9-bac8-84344381223e,ACC132E6B03,75.89,0.945,0,0,20,travel,0,genuine
3b0eded0-0063-4b55-9f14-7b8e69200963,ACC636C58BC,104.37,0.967,0,0,8,restaurant,0,genuine
7f1555ad-c959-4f92-94ff-37f723f1037c,ACC051D694E,44.16,0.606,0,1,21,grocery,0,genuine
2cda8da0-3655-4b44-99d8-590b6d98ad2b,ACCBBEDED04,22.77,1.284,0,0,5,travel,1,stealthy
6f9b7bc1-7c10-4b9e-a266-dee634d2e13d,ACCA1AE10E7,11.88,0.392,0,0,18,online_retail,0,genuine
d73bc06d-7751-4db8-b5f6-02f70fe69de0,ACCEE4C8042,92.76,1.093,0,0,18,utilities,0,genuine
7891d2a8-8992-46d7-8dab-e306b7870222,ACC69F86FC2,234.47,1.264,0,0,3,online_retail,0,genuine
e5d6b956-bf0f-4ae6-b32e-0243df5f8cad,ACCE5159C95,155.87,1.237,0,0,21,entertainment,0,genuine
75ad63c5-3c39-4da3-b444-6985784ce442,ACCC7DF1C25,108.97,1.247,0,0,22,fuel,0,genuine
7d6f59a4-ae58-4ad7-89f0-d48d076f5fe5,ACC08968071,235.42,1.29,0,0,8,fuel,0,genuine
7b5caab6-4f7a-4865-b5a9-16f92db6437c,ACC2BCDCDD4,69.03,1.419,0,0,3,entertainment,0,genuine
5870c29e-2bca-4c36-a0b7-e889e609f67b,ACC5E35C0A6,178.91,1.277,0,0,18,restaurant,0,genuine
4bc5ad73-11d4-4ca9-a7db-2751c153fcec,ACCF8A2CF4C,93.17,0.913,0,0,16,electronics,0,genuine
3c721221-e19e-423d-9cab-94724300a3c0,ACCC2B19390,100.7,0.634,0,0,6,fuel,0,genuine
89ab26c4-0999-4445-b6f6-c1497394b62e,ACC63E38219,165.22,1.462,0,0,17,grocery,0,genuine
15244e02-f44e-4153-984a-5fa43d0ea177,ACC636C58BC,78.51,0.727,0,0,17,online_retail,0,genuine
359b3251-4d00-4405-ab81-feca36a8eb15,ACC4BCFE47D,62.73,1.45,0,0,0,electronics,0,genuine
a5dc6925-1882-4dc2-aaaa-221b45d3657a,ACC4C1060FF,164.21,0.882,0,0,15,electronics,0,genuine
20b02938-1921-435d-93ab-1f7ef05a100d,ACC9C33D69A,47.83,1.006,0,0,14,electronics,0,genuine
cea60216-0fcd-4426-8974-efb8c28d0177,ACC0F82A889,192.27,1.306,1,0,9,restaurant,1,foreign_location
c4159667-31ee-4e91-9fcf-37b7af91befe,ACCCE9C4128,231.24,1.372,0,0,3,travel,0,genuine
2d47aaca-05a7-434a-86b9-9ada96901d85,ACC2BCDCDD4,82.41,1.694,0,0,4,grocery,0,genuine
2e9f742b-3a9e-4ed0-911d-b3a40b157344,ACCE6F8D6D0,217.55,1.093,0,0,0,grocery,0,genuine
f68d1839-f5a3-4e2a-96c4-ef004f7cd4d1,ACC431B338F,58.22,0.717,0,0,11,fuel,0,genuine
b93f2f38-ec9f-47f2-a0dd-de47ea9b7a1d,ACC6993E5A7,83.81,0.84,0,0,10,grocery,0,genuine
d8566e17-1eaa-4c23-bd43-0a3c5aaa91d2,ACC6BDE26B6,39.69,1.064,0,0,11,restaurant,0,genuine
463515d5-ebdc-424c-b485-e8f29a911e19,ACC47DBDD62,129.8,1.27,0,0,21,grocery,0,genuine
2533d4f5-f701-4242-9ae4-f935c34b387b,ACC4B9B991E,92.48,0.618,0,0,19,utilities,0,genuine
8baec5bd-5bc1-48a8-a7cd-30fa817ea00c,ACC50C40EE9,137.24,1.41,1,0,17,restaurant,0,genuine
a88209ce-7174-411a-8a5a-2b6ebb63e34d,ACCD70B7103,52.55,0.842,0,0,11,electronics,0,genuine
d56b021f-83f4-45c4-9d00-40fcd3500451,ACC18319CF0,136.17,2.277,0,0,8,entertainment,0,genuine
3670f83b-6e9c-4f1f-9b23-010f970c1a64,ACCB743CAF9,703.22,4.156,0,0,6,travel,0,genuine
84299704-56bf-441f-b78e-180d725416ee,ACCBE9782ED,153.1,1.134,0,0,19,entertainment,0,genuine
8bcc5603-1f7c-40af-bb97-929cbe9c65cc,ACC592716F0,60.04,1.013,0,0,19,grocery,0,genuine
32a8cbd0-7770-48b1-aee9-5627ff1bd737,ACC1584D2D9,148.82,0.911,1,0,17,travel,0,genuine
5907a7f9-92db-4e29-9931-1d4528e773b3,ACC0859F122,143.35,1.01,0,0,22,grocery,0,genuine
7429c079-20e0-41ab-b049-a5bbf1b92869,ACCFEB51908,116.95,0.711,0,0,11,electronics,0,genuine
960f7ebc-c215-4174-a20e-eba8092995d5,ACC6781637F,57.67,0.314,0,0,10,restaurant,0,genuine
67ef320c-f244-4147-baa2-6ab45a634a35,ACC0FF13EC2,155.43,0.793,0,0,9,electronics,0,genuine
f68c079f-6dcb-4ad4-9918-bc8d4b5c8611,ACCD07853CF,144.52,1.178,0,0,2,fuel,0,genuine
0cd91341-ea7d-44c5-a7c6-e2bded894197,ACC22F5FFD2,96.65,0.993,1,0,22,fuel,0,genuine
fb89ca51-2b5c-4f6d-be8e-bcb11389cde4,ACC52E63E8E,95.94,1.364,0,0,23,restaurant,0,genuine
d11b8d23-1805-44e8-b18c-95c34db0a4e9,ACC68859C88,45.68,0.406,0,0,22,restaurant,0,genuine
61f3515a-45ab-4486-b4d0-23348113672a,ACC33790CF6,254.87,1.614,0,0,2,electronics,0,genuine
be2a2244-26e0-4041-82a9-6ab572e92012,ACCFEB51908,154.43,0.939,0,0,1,electronics,0,genuine
f77739b2-82ff-4eb8-b6a2-2323913b5c18,ACCCB6BC567,1.31,0.028,0,0,10,travel,0,genuine
29766c32-4104-4b25-b91e-eed83a2a69aa,ACC94AF39FF,59.27,0.861,0,0,19,grocery,0,genuine
a440a466-2a2b-4552-a304-51ba1ab5d9ab,ACC4328EBBB,268.51,1.418,0,0,5,grocery,0,genuine
f11e3d74-421c-4ca0-86d7-39f75e1e7e31,ACC57066E7B,28.78,1.146,0,0,13,restaurant,1,stealthy
51ee8a37-4aae-4924-b60d-445592ad1924,ACC866E61C1,43.59,0.792,0,0,22,fuel,0,genuine
e8d7e729-efd9-4386-8bb0-bd6a0f0dcdf8,ACC0AADD547,162.79,1.011,0,0,7,travel,0,genuine
107fc61a-1209-4c4d-9be7-61cda3ee0766,ACCF7367AA9,67.56,0.998,0,0,17,online_retail,0,genuine
2ef8e488-c0c4-409e-89f9-2de2389d831a,ACCF524BA52,124.48,0.763,0,0,17,grocery,0,genuine
f701f30b-7156-469f-803e-113be0d8cb3b,ACC9CC4C0D9,81.78,1.172,0,0,19,restaurant,0,genuine
0c834036-a7a0-4ff3-9529-728aff108eb7,ACCA56E2DAF,77.58,0.911,0,0,8,restaurant,0,genuine
08fdabc9-1fc5-4d3a-93e1-cd45a552cca8,ACC9C33D69A,64.74,1.362,0,0,0,restaurant,0,genuine
801b7484-2c71-4104-be08-a582d496b95e,ACC874BD617,112.16,0.828,0,0,12,entertainment,0,genuine
42e4363a-a6b7-4f03-b415-1b69e1610753,ACC049C6980,686.68,4.219,0,0,4,online_retail,0,genuine
e50c33ba-d30f-46ef-9ac4-bee8f53a216c,ACC94AFF365,9.97,0.639,0,0,10,travel,0,genuine
590386fd-be13-4f06-b64f-2399adb22582,ACC5A2E3A6E,206.13,1.101,0,0,15,fuel,0,genuine
37ad863e-4158-42ba-b664-81f2cc74c1e2,ACC0DB3A99A,63.08,0.689,0,0,1,fuel,0,genuine
fc0822e8-55f7-4e79-9de4-bae4864ce164,ACC68859C88,102.06,0.906,0,0,20,electronics,0,genuine
4148761f-87ed-4049-b4d7-60045666cf58,ACC4FDDC2F7,93.1,0.607,0,0,7,fuel,0,genuine
8187bba7-e5a5-4a83-9c59-3979ff6fc877,ACCC7379D88,60.95,0.587,0,0,3,grocery,0,genuine
210c23cd-b943-43a7-a3c8-a01e6cfd8ce5,ACC8AB20DFB,31.16,1.387,0,0,10,restaurant,0,genuine
80c87f28-0ad3-40cd-ad81-fe8641a4c009,ACC95B54780,257.24,1.41,0,0,6,travel,0,genuine
f8941666-ddb3-493a-919f-f7e65356be3f,ACC785F9AD5,600.91,3.685,0,0,15,grocery,0,genuine
d80780e8-8d66-4b01-af27-8127fadfdb34,ACC7D7424A6,88.08,1.489,0,0,14,travel,0,genuine
c69aabff-87c6-4097-abf7-5a58adafd604,ACC52E63E8E,80.33,1.142,0,0,12,grocery,0,genuine
1e4b8f39-7105-45bd-9043-feab0c3043a8,ACC95B54780,98.62,0.541,0,0,1,electronics,0,genuine
66a9da9c-7ba0-40b3-86e3-2cffece4b615,ACC8B88E484,81.95,1.068,1,0,23,utilities,1,foreign_location
4a3bdeec-a75c-4121-a362-53f2d2d4bd37,ACCEAF23921,105.52,1.324,0,0,23,fuel,0,genuine
75708c76-9ad7-451c-95ea-a868fded0c2f,ACCA1BB6B6C,109.35,0.82,0,0,18,utilities,0,genuine
96f8e471-6931-42d8-8bde-13c7067c4b28,ACC5E35C0A6,138.19,0.986,0,0,21,utilities,0,genuine
809d1e4d-7f51-4982-87ea-48fe69c0fcc7,ACC4BCFE47D,19.12,0.442,0,1,19,fuel,0,genuine
00f90f5a-b72f-4250-96cd-6bd68495ffd5,ACC1FD41087,167.35,1.086,0,0,11,restaurant,0,genuine
dc28809c-dcdf-4154-b435-7d645e07e523,ACCB582C3E4,70.62,1.028,0,0,7,fuel,0,genuine
84392b34-6340-48cb-b79c-91b0b118a04b,ACC0A64ABBD,13.25,0.645,0,0,3,grocery,0,genuine
14e35af9-4b2a-48e5-a716-775b2fcda79d,ACC0FF13EC2,2268.38,11.575,0,0,3,online_retail,1,huge_amount
a53b7acd-b88b-48ab-bd0f-0076e3555a3e,ACC91469B41,10.48,0.533,0,1,9,entertainment,0,genuine
3fa1ac28-4209-4b28-9ce2-28ea504e5a0a,ACC94AF39FF,83.93,1.22,0,0,0,restaurant,0,genuine
6212bbf7-5386-4b84-a234-cc8478f0f051,ACC7661F9A1,69.26,1.197,0,1,19,utilities,0,genuine
9c6af617-1277-4d9f-87f9-1ba660a9ab62,ACCD9089858,24.07,0.544,0,0,16,grocery,0,genuine
026f3079-ca5f-4b49-9e02-5ae4a51f17a0,ACC22163AB8,26.54,0.309,0,0,14,travel,0,genuine
25b625d6-65c3-4423-a99f-b683c7a335eb,ACCA8070C69,110.97,0.712,0,0,7,utilities,0,genuine
76f12ecd-59f0-4c1a-a4ee-70aa17f20948,ACC94AFF365,7.94,0.509,0,0,1,utilities,0,genuine
393a37a2-05e8-4cba-927c-b3b3fda53f1a,ACC91469B41,32.1,1.631,0,0,20,fuel,0,genuine
f41fc58e-fe15-4af6-a25c-cbd3934dcf97,ACC476E30AF,21.63,0.457,1,0,3,utilities,0,genuine
ee782d59-5011-428f-ac3e-4f127bd33135,ACC001030F5,1189.4,6.378,0,0,13,fuel,1,huge_amount
99b34a98-2135-489b-8ac4-ede0d68c13ee,ACCD86300CA,88.27,0.511,0,1,15,electronics,0,genuine
312f0de2-6426-406c-be46-1e90cb26f3e2,ACC360FB49F,51.44,1.362,0,0,2,grocery,0,genuine
04438404-766e-41ab-9842-3770bbed2abe,ACC5E35C0A6,60.28,0.43,0,0,15,restaurant,0,genuine
4c4a9eb0-ec7b-446a-b653-f3cf2433185a,ACC8883AEB4,61.46,1.145,0,0,22,fuel,0,genuine
3baae985-0012-40e6-b86e-7727fda3a74a,ACC3A936184,162.91,1.086,0,0,3,fuel,0,genuine
2eb1346a-6f58-4735-9ba5-a89eeeb634c4,ACC295CE380,241.3,1.227,1,0,21,travel,0,genuine
d7d2ea1e-1007-43e9-9757-4eff57a4adeb,ACC5A2E3A6E,173.65,0.928,1,0,5,travel,0,genuine
6e2c428c-8708-46e6-855f-427b0884152f,ACCC1DD744F,73.04,1.282,0,0,5,utilities,0,genuine
158fa426-68b8-4eea-abca-c32eed3b217d,ACC001030F5,405.16,2.173,0,0,8,fuel,0,genuine
f66a20df-366c-4f4b-abdc-103f62b43ef1,ACC4B968249,90.91,0.916,1,0,21,entertainment,0,genuine
65467904-56a1-4562-b731-3c57dd9e8f62,ACC5A2D2562,30.15,1.02,0,0,15,grocery,0,genuine
f41aba88-72eb-4a04-bb00-68b7fb9b0a9d,ACCA8070C69,202.67,1.3,0,0,7,grocery,0,genuine
59b34683-6af8-45eb-9d8c-ea5528fbea8d,ACC257866E9,186.0,1.147,0,0,8,grocery,0,genuine
23885c1f-193c-45d5-ad2e-cd35522e0aae,ACCB7261A19,60.05,0.334,0,0,20,restaurant,0,genuine
b8d28b2a-6702-469a-b8b2-72d0c3e92c22,ACC30D0A6A0,168.78,1.053,0,0,14,online_retail,0,genuine
119319d2-4dcb-44ee-92ea-848cf378a0cd,ACC9C33D69A,38.94,0.819,0,0,10,restaurant,0,genuine
89e9eadc-8e71-416c-8d83-fef97ae7cbe2,ACCB3D946C7,168.26,0.929,1,0,7,grocery,0,genuine
6196eb1c-4258-4d1e-872f-edce6245e606,ACCE2B777FC,167.44,0.928,1,1,18,utilities,0,genuine
be85cc80-5912-46d3-91f7-8419b8f5c989,ACC2CED7AA4,120.24,0.886,0,0,14,fuel,0,genuine
74115d76-768a-42a1-b291-8c9ecbb10181,ACCAD413A31,152.25,0.89,0,0,1,online_retail,0,genuine
34a7c496-6855-4a95-bdfb-98658ab436ab,ACCCF5314D2,244.29,1.47,0,0,7,utilities,0,genuine
c84433ea-cc13-484b-8fcd-a9aeb45aaf86,ACC4149DCC6,38.22,0.874,0,0,18,grocery,0,genuine
b330072c-00bb-43f8-8aae-bce220ae2d21,ACCE2B777FC,243.17,1.347,1,0,11,utilities,1,foreign_location
4fc79e0b-49a9-4890-bf45-e76c52ef8a2e,ACCF8C437FB,50.36,1.064,0,0,20,fuel,0,genuine
f2b83e7a-1c32-4283-9e1d-49908f0db699,ACC4C1060FF,149.5,0.803,0,0,20,fuel,0,genuine
23a5888a-9683-4a92-a8d3-5d34d25b41e5,ACCA1BB6B6C,158.53,1.188,0,0,11,utilities,0,genuine
01c921b3-89f7-4eca-a49d-2419ba6464a1,ACCB743CAF9,203.79,1.205,0,0,23,fuel,0,genuine
073ccc6a-0f12-475e-85d8-569f49920285,ACCE549AC1F,129.01,2.112,0,0,9,travel,0,genuine
bf3a8f27-be2a-4c27-a4d3-b9afe06c942d,ACCB5426310,72.61,0.998,0,0,23,online_retail,0,genuine
a8f03bc1-cd39-42e8-81d8-4d6c36055eff,ACCD77D289A,46.55,1.383,0,1,10,entertainment,0,genuine
a5cfdf74-bf5f-4a0d-86fe-3cacd3c6fd0a,ACC4C275212,1281.24,8.457,0,0,4,online_retail,1,huge_amount
92556cb9-c053-4a46-9f33-2871149cf34a,ACC30D0A6A0,153.31,0.956,0,0,6,grocery,0,genuine
69121b6c-c7f2-4b55-926e-eff8af879167,ACC120D4C78,123.48,1.145,0,1,11,restaurant,0,genuine
ffd915ff-e3f2-4816-bbb1-b0649f3b8507,ACC48A4DD1A,36.98,1.209,0,0,13,entertainment,0,genuine
f8b7590d-aa7b-4f62-9e8e-139415079c71,ACC3D0FD592,134.27,1.226,0,1,18,travel,0,genuine
05d15baf-d4e4-4dea-aac1-737b24c65255,ACC58892FA4,105.35,0.901,0,0,3,electronics,0,genuine
6b80a2b2-5c24-43b2-9f0f-5598186f25b1,ACC6993E5A7,118.05,1.183,0,0,0,electronics,0,genuine
3a19e561-ec9c-4924-ab33-d63a3d5bbf3e,ACC18319CF0,46.23,0.773,0,0,14,travel,0,genuine
0585b053-e6af-4833-83b7-6ae16babb938,ACC3BE27A0C,76.56,1.174,0,0,14,travel,0,genuine
9ac54650-61d4-43a3-be7b-2c134df2ca97,ACC82566958,135.48,1.326,0,0,16,utilities,0,genuine
4a178675-9bde-41ec-86eb-9b28b283375e,ACC75F5AFB9,35.18,0.806,0,0,8,electronics,0,genuine
3d0f75bc-1147-4b9e-ada1-e75aad3c7019,ACC0F82A889,182.39,1.239,0,0,1,fuel,0,genuine
c77dcb5b-a1aa-4a97-9874-be6297386523,ACC3A936184,185.02,1.233,0,0,16,utilities,0,genuine
b1cd9775-3aea-4a76-a03b-93dd5c7a213c,ACCC1DD744F,52.7,0.925,0,0,9,entertainment,0,genuine
218fec45-a74f-4ce1-8589-33ecc94f7faf,ACCAD8261D9,163.8,0.904,0,0,3,utilities,0,genuine
d3b0a66d-df8d-4f3b-8e6a-01566e271436,ACCAF2FECB8,84.62,1.221,0,0,18,travel,0,genuine
c67b750e-4dce-4cbb-be7b-42ab5efb7121,ACC4B43792F,332.47,6.855,0,0,11,fuel,1,huge_amount
a524e003-bb58-488e-bbea-bfce8a1dcc95,ACCE7526B0F,113.7,0.76,0,0,16,utilities,0,genuine
dfabb6cb-887c-4308-b113-159d64c7ec35,ACC819391A9,34.25,0.883,0,0,17,entertainment,0,genuine
c284ba94-041b-48ae-ba28-6cbafd044cfd,ACC7C611899,153.33,0.877,0,0,2,fuel,0,genuine
3f16b60d-00f4-4cc6-b442-4590cefea128,ACC8883AEB4,53.5,0.997,0,0,12,restaurant,0,genuine
ef49bc5d-1b2e-45a9-b746-05a7679e8ece,ACC44DDB1DF,184.19,2.326,0,0,20,electronics,0,genuine
d51e5b48-93de-466a-9a1c-cf4af6e9ee31,ACCF7367AA9,51.63,0.763,0,0,21,grocery,0,genuine
b9b454da-0e77-4064-b9cf-3cf1c42c857f,ACC866E61C1,57.39,1.043,0,0,3,entertainment,0,genuine
2ca19b7e-ac08-4bad-8dd2-775480156fcf,ACC47C1AE01,128.43,1.179,0,0,19,entertainment,0,genuine
e79227c9-d3f2-4315-a2ad-4328a791d031,ACC700C0204,69.33,0.502,0,0,5,online_retail,0,genuine
da7bb530-5643-4f8e-9f19-adc36f31ee66,ACCE90CC233,32.25,0.774,0,0,16,travel,0,genuine
6232aae3-2dda-48a2-b36d-7bd278189f9f,ACCCF10A3E8,17.34,0.761,1,0,13,fuel,0,genuine
bc2ccf68-5d7b-4186-b0c5-75b04b2d9e9a,ACC6A7B8E91,193.32,1.334,0,0,0,restaurant,0,genuine
574e3805-012e-4421-943e-b98f1a4cc2e8,ACC8B3F5DD0,135.23,1.562,0,0,0,online_retail,0,genuine
f7a0512d-af21-4fda-8f0a-e49cec81d91c,ACC707FD242,101.13,1.05,0,0,10,grocery,0,genuine
8fee2271-5b40-4863-b06c-c3805c6a7b7b,ACCCF5314D2,1042.34,6.273,0,0,8,grocery,1,huge_amount
657058f2-5c1b-4e0a-b1a3-323dd751fb92,ACCBCFB1EE1,32.33,1.46,0,0,7,electronics,1,stealthy
02d5db0f-24df-40aa-8073-883d23a2ff8a,ACC91469B41,21.88,1.112,0,0,6,fuel,0,genuine
d8739d0b-9e84-4705-a902-110b04c000db,ACC790C1C58,27.78,0.864,0,0,1,electronics,0,genuine
d3f01a8b-3276-4d6e-9ed7-e70f4f1fdc13,ACC27B72436,249.33,1.468,0,0,3,grocery,0,genuine
1d83dbe8-045f-4b82-b305-fbe35f5d6255,ACCCF5314D2,213.66,1.286,0,0,10,grocery,0,genuine
04d4746a-692a-4e2b-b56f-5fb341b57a1e,ACC56C616C1,331.92,3.277,0,0,3,restaurant,0,genuine
35df1a3f-d076-4492-a36e-7fff8cc257e3,ACC7A03D049,64.22,1.293,0,0,23,fuel,0,genuine
255ac2c6-ae05-4eae-ae6e-fb7867fc677b,ACC2227A7D6,148.9,1.094,0,0,11,utilities,0,genuine
60d26d5b-a5f7-4852-8a28-b741e1c0c138,ACC5952E61B,197.48,1.086,0,0,9,utilities,0,genuine
1f1070a0-04ca-4f95-aeda-024d33542d16,ACC0E90F901,210.31,1.201,0,0,5,travel,0,genuine
464b0ef6-7cf5-4bac-a48f-4efe4abc30d3,ACC7661F9A1,66.31,1.146,0,1,0,restaurant,1,new_device
50c70f21-ca32-4cd4-926a-105fd22a5c59,ACCAA36AA07,41.99,0.83,0,0,0,fuel,0,genuine
6658009d-1674-42b1-9802-2d50f6139acd,ACC63E38219,131.54,1.164,0,0,12,entertainment,0,genuine
42207ddb-5247-4d7a-a6e7-7c97518e4d84,ACC4B43792F,21.77,0.449,0,0,4,restaurant,0,genuine
d3537242-c34d-4a00-8ee4-f3f6f0787ec7,ACC7131637D,423.63,3.541,1,0,4,restaurant,0,genuine
eb501860-b3e5-4924-b85f-a343286e6b7b,ACC22F5FFD2,121.73,1.251,0,0,7,electronics,0,genuine
cd27835d-2909-4e7b-9e7b-55ee50bf06e9,ACC431B338F,100.21,1.234,0,0,20,travel,0,genuine
a44758dd-65ba-4116-99b2-16661ae81f85,ACCB8B8E9BE,89.99,0.941,1,0,7,electronics,1,foreign_location
b551e075-98ff-4cdd-8032-7b83dc3fbe79,ACCEECD14C8,46.05,1.066,0,0,19,restaurant,0,genuine
c5724b47-a81f-4165-8d4c-68166477ee0b,ACCA6791AA0,101.06,1.013,0,0,1,utilities,0,genuine
d7324add-3b30-4904-8b30-5035ac2700d9,ACC80414307,144.72,1.417,0,0,6,online_retail,0,genuine
f2bcb0f7-df10-49cb-8ed4-74ef5ca838e3,ACC8883AEB4,632.37,11.78,0,0,19,restaurant,1,huge_amount
2d5dfbf1-8bfa-4c96-9cec-4106f9ed3a9d,ACC49371FEA,79.83,0.713,0,0,8,restaurant,0,genuine
d04860c8-eb31-4eb3-b325-fb38128c769d,ACCC1DD744F,52.8,0.927,0,0,19,restaurant,0,genuine
b4ceabcc-3a8a-479a-b389-9c0b70d64827,ACC2BCDCDD4,61.55,1.265,0,0,3,travel,0,genuine
24b9760f-320a-4384-bb0d-1d35b668d0ee,ACC95B54780,121.62,0.667,0,0,4,utilities,0,genuine
a7f9e7fb-dc33-4e66-9ec0-d5acde829944,ACC27B72436,77.95,0.459,0,0,18,fuel,0,genuine
275557ec-904e-4ae3-bc6d-a26cdf9c9eb6,ACC7661F9A1,46.19,0.799,0,0,17,grocery,0,genuine
fee2653a-53f3-4a7d-8944-b06b2bf88f10,ACCBCFB1EE1,18.99,0.857,0,0,8,electronics,0,genuine
dfbd47ac-cb7e-44da-ab21-a3e93acf780b,ACC67FED836,32.0,0.84,0,0,20,entertainment,0,genuine
8e0ce8e1-140d-4716-b933-a2de58fe6cfb,ACC58892FA4,184.34,1.576,0,0,11,electronics,0,genuine
7ad43241-727b-4747-bc0b-965dffe801cf,ACCA1AE10E7,16.17,0.534,0,0,7,travel,0,genuine
bc69137e-e70f-4eed-8774-92f9c98613c1,ACC8F3BC4D8,60.33,0.958,0,0,4,grocery,0,genuine
afa6b317-33b4-44ef-a093-968ddd4eab31,ACC5952E61B,203.87,1.121,0,0,14,travel,1,stealthy
2663d951-7a38-41ab-91f1-782209111c7d,ACC209F2457,77.81,0.416,0,0,18,grocery,0,genuine
d6e12954-a55f-464f-8f8e-8bcdfb4017a2,ACC360FB49F,43.5,1.152,0,0,17,travel,0,genuine
be005241-f29e-4c36-9639-1df83a8aa493,ACCBE5476B7,53.86,1.389,0,0,4,utilities,0,genuine
1e07f493-b684-4406-a357-c3a1ab2c3fb3,ACC5E35C0A6,165.09,1.178,0,0,5,electronics,0,genuine
44daed06-c963-40da-80fb-17803a0cf0a4,ACC68859C88,238.81,2.12,0,0,23,online_retail,0,genuine
2fae27d0-51dc-44e2-a8b1-1fbcfd3a2387,ACC431B338F,69.14,0.851,0,0,12,fuel,0,genuine
da3ccb80-856c-42d7-9fe7-a81f6e638876,ACCF4D51612,85.43,0.638,0,0,23,restaurant,0,genuine
80f21590-eefe-43a9-8793-387058cf0730,ACC73A1A864,97.66,1.184,0,0,14,grocery,0,genuine
f12ee2bf-515b-4499-bef2-cfb6f6beb3ed,ACCA6791AA0,139.21,1.396,0,0,16,fuel,0,genuine
a67667ea-0b6c-4a33-b165-ca8ab0d358be,ACCAD8261D9,118.56,0.654,0,0,20,electronics,0,genuine
ef1e133c-023f-4f92-b47e-2c3656aa4915,ACCDFFD27ED,89.95,1.086,0,0,3,entertainment,0,genuine
1d28d7a6-d478-44c3-99b0-4694bdffb266,ACCC7DF1C25,67.59,0.773,0,0,0,fuel,0,genuine
a2fffbd4-0e80-49eb-85f1-93465b11ee9f,ACC98A8E15C,76.96,0.639,0,0,22,electronics,0,genuine
f60c4656-0492-4437-bcf0-7e0d6cc81212,ACCD86300CA,223.3,1.292,0,0,12,grocery,0,genuine
aa36ddea-8d42-48f4-b79c-75a2ae5f7e82,ACCE549AC1F,1,0.016,0,0,22,online_retail,0,genuine
e76cf56b-d610-42bc-9e7c-f309c9f1bde3,ACC30D0A6A0,192.32,1.2,0,0,19,online_retail,0,genuine
55634cf5-3a86-4a6f-b1aa-a4babf3090d0,ACC18319CF0,47.48,0.794,0,0,17,electronics,0,genuine
75be9386-7fb0-4126-a169-aafe9f536a0e,ACCE6F8D6D0,227.22,1.141,0,0,14,online_retail,0,genuine
3210992c-3d08-4a3d-b519-19991bdc2e2d,ACCF6D9DFAD,75.9,1.182,0,0,22,utilities,0,genuine
51ba1afe-4f3a-42bb-954f-23e2821b776b,ACCB8B8E9BE,47.18,0.493,0,0,9,restaurant,0,genuine
2968f219-ce1f-4224-a1d2-496bcd6de23d,ACC707FD242,98.72,1.025,0,0,19,fuel,0,genuine
e86c0e2d-597e-4942-941d-c1b654b72fbf,ACC7D7424A6,63.54,1.074,1,1,19,utilities,0,genuine
6d263360-1bda-48f3-9bd8-1d7afc515d36,ACC866E61C1,67.15,1.22,0,0,11,utilities,0,genuine
4d8a935a-395a-49bf-8854-cd6f6bd81038,ACCC6121509,31.79,1.468,0,0,7,online_retail,0,genuine
a735c0fa-4f55-433d-aa1f-8c3051f8344f,ACCAF841035,84.25,0.476,0,0,22,restaurant,0,genuine
5d2433be-6220-4b40-9a41-160f094f9076,ACC3D0FD592,42.28,0.386,0,0,7,travel,0,genuine
987e3149-ac76-4f72-ab62-f70a262c6dfe,ACCB17AC2ED,21.02,0.661,0,0,0,online_retail,0,genuine
a100727d-bfba-415a-b887-839a9f5bfe33,ACC5E8DD908,115.29,0.69,0,0,3,fuel,0,genuine
fe94adb3-e868-42b9-9b9f-fa3e78813c87,ACCAFBC20C2,66.8,1.43,0,0,3,entertainment,0,genuine
699ca2ac-e107-4d4d-970d-ae5915311483,ACC4868BBD3,356.86,1.886,0,0,18,entertainment,0,genuine
df20576b-7fba-46f9-af66-ed1d1831d4b3,ACC33790CF6,188.03,1.191,0,0,2,utilities,0,genuine
09e07160-dd9b-44ce-94a3-feb1ccedd270,ACCC7DF1C25,66.99,0.766,0,0,19,fuel,0,genuine
33533772-32f5-4fb0-89ba-e5b1d22a1b15,ACCB7FD1801,69.32,0.594,0,0,23,online_retail,0,genuine
a13c0784-1c9d-4602-b573-34c4f0ca0776,ACCBFA30BE8,20.57,0.335,0,0,2,utilities,0,genuine
3b09d107-5adb-42dd-9c14-f371b109537b,ACC8F3BC4D8,591.17,9.387,0,0,19,electronics,1,huge_amount
a2eaae05-0a99-441a-8b97-5c2e53e0a9b1,ACCAA36AA07,37.71,0.745,0,0,0,restaurant,0,genuine
08e30569-5a74-4c9a-9bf7-f8aa977ec8ec,ACC863BB6E8,52.75,1.844,0,0,10,utilities,0,genuine
538ccf63-5bee-4ab2-8b6f-673f940b4b32,ACCE7526B0F,108.6,0.726,0,0,19,grocery,0,genuine
1c61db0d-60e5-4732-ba24-afe57d4361f3,ACC792E1021,221.07,1.178,0,0,10,travel,0,genuine
7a760d02-690c-404a-95c8-9ed97b7d20e9,ACCF524BA52,168.05,1.03,0,0,16,electronics,0,genuine
50640fdd-0f7a-4b84-b7f4-8fc3af684cd2,ACCCDE6737B,106.65,0.933,0,0,16,fuel,0,genuine
3c26428f-4d97-4a86-9731-b72a84743980,ACCC1DD744F,84.96,1.491,0,0,18,electronics,0,genuine
bb34ec03-d09c-4663-a4a5-2e5944730050,ACC6E29EDDC,107.66,0.899,0,0,10,utilities,0,genuine
da5e8efa-e4cb-4779-b567-e1a6a7785006,ACC0E90F901,147.98,0.845,0,0,18,fuel,0,genuine
0bcdb980-fa22-4346-ac99-7eed90576640,ACCE2B777FC,215.25,1.192,1,0,19,grocery,0,genuine
f064e6fd-f47a-4426-a08b-56036b2fb0f4,ACCE4ED68FE,239.01,1.293,0,1,4,entertainment,0,genuine
9e468c28-d05b-4fde-b567-daa46cf8f537,ACCD81E32FD,60.74,1.163,0,0,15,utilities,0,genuine
38dd4313-259f-43b7-800d-a580afe9f514,ACC7661F9A1,85.96,1.486,0,0,9,electronics,0,genuine
2a1788eb-d572-4ffa-a554-d549ebb29561,ACCD70B7103,34.52,0.553,0,0,6,utilities,0,genuine
99c9d61a-b577-4999-ae35-ca00f30520fb,ACC080F4BCF,259.91,2.459,0,0,6,utilities,0,genuine
bb9e7512-cd01-4234-95b0-b7e5d913b2d1,ACC132E6B03,89.65,1.117,0,0,12,electronics,0,genuine
69d014cd-0d2f-4e79-965c-828444ab2f32,ACCD13E9570,29.41,1.671,0,0,0,entertainment,0,genuine
5c8bca64-021f-4050-8489-98461a699baf,ACC91469B41,19.37,0.984,0,0,17,travel,0,genuine
300e8607-a35a-4ade-8488-b50b19edd087,ACCF3D6177F,19.71,1.115,0,0,19,grocery,1,foreign_location
f9cb164e-e8c8-43c3-abe7-ad8136780372,ACC1804DFBF,78.81,0.407,0,0,15,online_retail,0,genuine
8742ca9c-5e73-44cb-8eb7-e190c3679920,ACC790525E5,156.29,1.159,0,0,9,restaurant,0,genuine
df00f16e-550d-48b2-b73e-f4e8cb9169a6,ACC57066E7B,30.67,1.221,0,0,15,online_retail,1,stealthy
87f6b5e3-b287-4067-84ea-43dfa943d5e7,ACC819391A9,66.04,1.702,0,0,1,grocery,0,genuine
48976201-f513-49f3-ab81-e8b064b68fe5,ACC6755B550,30.64,1.014,0,0,5,entertainment,0,genuine
d1efd1c3-f99d-4d50-91ad-457a9b489fb6,ACC94AFF365,1,0.064,0,0,18,travel,0,genuine
e5524275-88ea-4f22-bbe6-204c1755a0c8,ACC3B960C09,57.28,0.324,0,1,14,restaurant,0,genuine
88ff3d53-26d8-4a62-bc27-830f07ab5fd8,ACC44DDB1DF,69.61,0.879,0,0,21,travel,0,genuine
bc415ca5-439e-44f6-a042-cdbddf3234ab,ACCA1BB6B6C,30.45,0.228,0,0,15,restaurant,0,genuine
4a3f1848-b65f-4812-a110-b61017692557,ACCE4ED68FE,253.95,1.374,0,0,0,utilities,0,genuine
4b7d88a6-a27b-4f74-8938-50738eafc00c,ACCE549AC1F,80.7,1.321,0,0,7,utilities,0,genuine
2645b1e4-0881-4101-8669-16c748f2b86c,ACC5E53E80D,114.84,1.284,0,0,8,entertainment,0,genuine
e0c68e2e-1e70-4b4a-9e14-5dee3c79db37,ACC1FAB3F77,106.2,0.729,0,0,13,utilities,0,genuine
42059fef-87e4-4a4f-992d-f287ffcf918a,ACCD81E32FD,20.42,0.391,0,0,23,restaurant,0,genuine
9c1b47c4-afc0-4b93-bd88-b9cbffb203bf,ACC8348C5C8,18.66,0.596,0,0,21,travel,0,genuine
ada902c6-ad3d-4fb3-9234-0fb0d3575001,ACCB4BE454E,191.8,1.198,0,0,23,electronics,0,genuine
c893f2e2-2982-4163-8973-6fb8c3e6910b,ACCB7E41D27,102.35,1.134,1,0,6,fuel,0,genuine
2c7059ff-ddff-4081-8d65-fe933d5dee17,ACC68859C88,76.79,0.682,0,0,13,travel,0,genuine
574dc76f-94e7-4a69-8944-89a9e19f2735,ACCCDE6737B,71.9,0.629,0,0,7,fuel,0,genuine
5bc00918-7d23-4cc1-9aad-ad01f784dbfd,ACC47DBDD62,165.38,1.618,0,0,19,restaurant,0,genuine
d3a9489d-6b05-49c1-8ad4-981d2d15a2ed,ACC42229380,103.49,1.072,0,0,1,grocery,0,genuine
4b8f9764-bad1-4695-94dc-2809a16e0376,ACCC2B19390,173.41,1.092,1,0,20,utilities,1,foreign_location
240faa90-1f89-488c-bb0a-03fb8456479a,ACC4B968249,1056.02,10.644,0,0,23,online_retail,1,huge_amount
9c0a0db7-649d-4438-b928-e8fd57c99c14,ACCA12ADE0C,41.03,0.75,0,0,2,grocery,0,genuine
a0f67ef0-5315-4e9c-b288-fda46092e059,ACC3A1439DA,149.94,0.924,0,1,21,grocery,0,genuine
3d77b9f5-d0ed-42f0-931a-13120cac1800,ACCABC666C2,153.45,0.869,0,1,22,travel,1,new_device
68e758db-4175-4a6c-aedb-5b09805b3ac1,ACC080F4BCF,140.62,1.33,0,0,6,entertainment,0,genuine
0b54c2c8-1070-4703-8a39-d4a5ddcfa263,ACCBBEDED04,12.0,0.677,0,0,20,grocery,0,genuine
54bd4cd7-a768-47e6-b850-247fa8904b57,ACCE45B9394,53.67,0.644,0,0,17,grocery,0,genuine
14e7b2b5-2a4e-4a49-b0f8-87d408ed9914,ACCD86300CA,243.57,1.409,0,0,5,grocery,0,genuine
2bace2ba-c31c-43c4-8c01-d64daad2b4ba,ACC0FF13EC2,293.75,1.499,0,0,1,fuel,0,genuine
deb4e31c-055e-4299-9fe7-de22cde26c19,ACC80414307,81.09,0.794,0,0,8,online_retail,0,genuine
b4835ece-028a-4db5-bcbf-56762c2ec750,ACC2227A7D6,90.3,0.664,0,0,12,entertainment,0,genuine
65a5790d-4c85-473f-86e8-c93864682806,ACC2C3FB42A,184.55,1.097,0,0,12,electronics,0,genuine
b3cdbf46-c9d0-4e52-9555-e49d600aea4d,ACC0A64ABBD,16.33,0.795,0,0,15,fuel,0,genuine
8d03260c-00ef-4a35-958b-ac81b0675447,ACCA56E2DAF,69.61,0.817,0,0,8,restaurant,1,stealthy
a4cbeee0-75cc-4ea5-9d1c-c58ec516ee0d,ACCAF841035,267.48,1.51,0,0,11,fuel,0,genuine
fa67da72-8627-4fcc-ae7a-746f4b54e0f1,ACCA9BDD42B,37.43,0.242,0,0,17,entertainment,0,genuine
5ba03b2f-64e7-4759-b6e3-e2af95736ffa,ACC18680C85,120.47,1.018,0,0,22,fuel,0,genuine
9033dc2f-0194-4dfd-8b89-57635ff89b51,ACC724DAE51,48.81,1.446,0,0,7,utilities,0,genuine
da9bc0cd-14fd-4cb9-85f2-533108c0c704,ACC71F2BF15,84.28,0.897,0,0,0,electronics,0,genuine
daaa6765-584d-48c0-84fd-81dcb0928be2,ACCB3D946C7,266.58,1.472,1,0,13,travel,0,genuine
5dde2412-84d0-4a85-b90c-4582efe35dc8,ACCBFA30BE8,52.94,0.863,0,1,2,fuel,0,genuine
67636401-2a04-4ee0-b647-5fe73f262fd0,ACCF8A2CF4C,99.02,0.97,0,0,13,entertainment,0,genuine
e41ec56e-a944-4f3b-979b-6539c9f39d12,ACC049C6980,221.35,1.36,0,0,20,restaurant,0,genuine
cb363515-3b7c-4e4d-9028-ba7b2ba51792,ACC2BCDCDD4,41.63,0.856,0,0,7,grocery,0,genuine
5f3e7639-0da2-4a87-bee4-e279e86062df,ACC1F9C12DE,105.9,0.779,0,0,8,utilities,0,genuine
c8b4e7ac-030e-4300-b69e-217e70714e53,ACC4B9B991E,87.39,0.584,0,1,23,utilities,0,genuine
48b5f976-dac7-4dcf-9bbc-018560a94d07,ACC8CA0E9D4,65.48,0.684,0,0,1,grocery,1,stealthy
01791c55-a74c-4008-bf03-8d3132ce7514,ACC819391A9,38.75,0.999,0,0,0,entertainment,0,genuine
1d7efc0c-5295-4a03-85a4-65f5e35e904e,ACC30D0A6A0,136.76,0.853,0,0,11,online_retail,0,genuine
8dd64257-8b09-417d-b2f8-7f564980729b,ACCB17AC2ED,35.34,1.112,1,0,3,travel,1,foreign_location
f3f03a3c-8d01-43cb-a95f-433188a83587,ACC080F4BCF,160.74,1.521,1,0,5,utilities,1,foreign_location
2bbd7d82-7bf3-41d4-8483-879f0adf30fd,ACC55E9D122,80.2,0.986,0,1,11,fuel,1,new_device
31249ab8-3fe2-4793-9112-3c6c66f2b95f,ACC9C33D69A,36.48,0.767,0,0,16,utilities,0,genuine
5305087d-71e0-4c5a-80e1-2c08f7ee4b4e,ACC080F4BCF,146.21,1.383,0,0,16,entertainment,0,genuine
1561dd5b-67fb-4327-8a41-0d84a4489602,ACC724DAE51,21.37,0.633,0,0,16,entertainment,0,genuine
4bceae40-5496-4a42-adc4-6ca8828a09fa,ACC360FB49F,22.04,0.584,0,0,20,fuel,0,genuine
228e88c0-cd68-4547-add9-44e0697d79dd,ACCE755C517,45.41,0.804,0,0,23,online_retail,0,genuine
9655b7ec-8a31-43b2-a680-9a4caf4e8de0,ACC468A30E3,46.26,0.427,0,0,12,restaurant,1,foreign_location
149474f0-9c6b-42f9-bd28-57b03fa9e86a,ACC9A66A456,100.52,0.648,0,0,15,electronics,0,genuine
46dc9f79-7a8b-4268-94b7-69d20e4715c4,ACC2C3FB42A,609.3,3.621,0,0,10,grocery,1,huge_amount
9f36aac2-da2d-4e36-b70c-fc16434f08b6,ACC700C0204,118.39,0.857,0,0,11,travel,0,genuine
0f52acfc-e767-48e7-a42a-226dd179437b,ACCAFBC20C2,50.25,1.076,0,0,4,electronics,0,genuine
bca0408d-e69e-4925-bdf7-5ec2c829af57,ACC468A30E3,341.42,3.152,0,0,0,grocery,0,genuine
71305a6a-22c7-488d-b254-20cbba220eb5,ACC4149DCC6,38.82,0.888,0,0,9,fuel,0,genuine
c0b8d8ee-3bb5-4dcb-bfe7-228b7b94d12f,ACCC7CCB237,204.03,1.656,0,0,18,online_retail,0,genuine
c3eb6b2c-4c3c-4bd7-a23b-4944ee458808,ACCD581D6E4,70.17,0.988,0,0,22,grocery,0,genuine
3b46a824-e622-49bb-ab99-8c2bcc699dd2,ACCA56E2DAF,115.65,1.357,0,0,17,online_retail,0,genuine
df6cc5a0-9944-4df4-bf6e-5c696d90f5d1,ACCBF96BF99,55.2,0.881,1,0,7,online_retail,0,genuine
9f47db03-793d-4e40-be4e-c7183452677b,ACC1F549C06,76.3,0.485,0,0,15,electronics,0,genuine
0d888beb-2690-42e0-9800-7aeca6e85e20,ACC790C1C58,40.82,1.27,0,0,11,restaurant,0,genuine
819ad011-4a22-4f03-8512-05ee6788f4e8,ACC98A8E15C,165.73,1.376,0,0,22,fuel,0,genuine
e7c7cf4b-5117-4083-a640-25b4a37e9395,ACC592716F0,61.42,1.036,0,0,14,utilities,0,genuine
fc9dacc1-405c-45d4-bcfa-66886c1b316e,ACC132E6B03,288.12,3.589,0,0,11,fuel,0,genuine
80df73e2-33f7-4a40-99cf-d83a4d86fcc1,ACCA6791AA0,157.84,1.583,0,0,9,travel,0,genuine
52a8fafa-f025-4ae1-8f2d-a85f76b973e4,ACC6755B550,25.15,0.832,0,0,8,travel,0,genuine
f7c50a37-735e-4ce5-8412-3dbf2a3a86e8,ACC57F1AD9A,153.22,0.837,0,0,17,online_retail,1,stealthy
5414835f-a881-441f-9c45-05fb12c78289,ACC028C6BF2,76.08,0.693,0,0,10,fuel,0,genuine
4f3a7e9c-9f70-4fcd-8652-09d8193a7e8a,ACC146CFDB2,1344.68,9.317,0,0,6,grocery,1,huge_amount
b8e7e0a3-006e-42c8-bf10-aed15de7901d,ACC57066E7B,42.56,1.694,0,0,3,travel,0,genuine
dc62b9ff-82eb-4d89-a501-1aac9ccddbcb,ACCE5159C95,92.59,0.735,0,0,12,utilities,0,genuine
a00b4692-de35-4a3b-bbcc-af2093e99315,ACC8348C5C8,27.96,0.892,0,0,10,entertainment,0,genuine
f43914b8-28ed-4c01-a925-646531d76920,ACC4BCFE47D,38.09,0.88,0,0,11,electronics,0,genuine
74303f04-aa61-4f13-b140-b9ea9403efcf,ACC317B2615,168.84,0.936,0,0,14,online_retail,0,genuine
e3fcd3e8-cf32-42af-a1d2-17395cb74c65,ACCC2B19390,166.48,1.048,0,0,9,grocery,0,genuine
0e2b9971-63eb-42ab-80db-dafad60d43e2,ACCAD413A31,146.88,0.859,0,0,6,entertainment,0,genuine
55ac75b3-8834-41ce-aaaf-2bc4b2e88a73,ACCC7379D88,134.72,1.298,0,0,0,utilities,0,genuine
0ecec59f-dc87-47a3-b68b-855068083fd5,ACCD86300CA,132.97,0.769,0,0,10,entertainment,0,genuine
604bca1a-8490-4f77-b134-0b227d0d7692,ACC71F2BF15,89.76,0.955,0,0,1,utilities,0,genuine
a1292a7b-4298-45ce-82ea-4d7f271dbb87,ACC0AADD547,195.36,1.213,0,0,0,fuel,0,genuine
d5dec1c8-0dd9-4b1e-b9a7-8f2673856dcc,ACC8B3F5DD0,130.66,1.509,0,0,2,restaurant,0,genuine
7eb32cc1-f7f6-4849-89ca-316bde6dde8e,ACC59EA8486,113.92,0.729,0,0,2,electronics,0,genuine
76c0642c-c204-4c83-b406-f69148301773,ACC145D3692,170.78,1.299,0,0,4,electronics,0,genuine
d9d7539b-7789-4948-9dca-86e52596f2f4,ACC0FF13EC2,44.03,0.225,0,0,23,restaurant,0,genuine
3c55bd51-b596-4f51-a2fb-fabc57432309,ACC0ED0AD12,100.98,1.031,0,0,6,travel,0,genuine
e666d7b5-af5b-48b4-905a-4ac4620fdc86,ACCF524BA52,174.19,1.068,0,0,17,electronics,0,genuine
497fd6bc-fc65-4706-9653-5a5cdfb90575,ACC0E90F901,207.85,1.187,0,0,3,travel,0,genuine
980c7d90-260a-4d05-95af-c1a609834675,ACCB6304D6D,164.58,1.033,0,0,4,entertainment,0,genuine
e111b53f-b5d9-4b33-94d8-8f9344a7eb45,ACC6BDA8076,1,0.007,0,0,19,grocery,0,genuine
83ff4699-237f-4eb1-99d3-4e5f5d5db3ce,ACCE90CC233,37.75,0.906,0,0,6,fuel,0,genuine
c45155ab-1888-4460-b0c5-69b67859a43f,ACCAF841035,286.32,1.617,0,0,10,grocery,0,genuine
fe1e7fd7-d45b-4979-a418-365e1502c0e9,ACC431B338F,72.08,0.888,0,0,15,grocery,0,genuine
0f942f31-d01f-45da-b9f5-50439fffb60c,ACCD581D6E4,38.24,0.538,0,0,18,utilities,0,genuine
307debe3-2256-4b81-81e3-337b8f3e27b0,ACC7A03D049,39.06,0.786,0,0,12,grocery,0,genuine
ee58350b-316e-4891-ba31-3cdc984c6ad7,ACC57F1AD9A,161.42,0.882,0,0,14,entertainment,0,genuine
0e9b43dd-0125-489b-8e2c-af7d87635b38,ACCE2B777FC,222.95,1.235,0,0,19,online_retail,0,genuine
73e606b8-a508-474c-807f-e85b1d17d8ec,ACC37920886,31.87,0.285,0,0,15,fuel,0,genuine
5cbf0320-3b4b-47a1-a132-788aaa480faa,ACC7661F9A1,82.2,1.421,0,0,22,grocery,0,genuine
20093a00-f0aa-4404-8ba5-1269f9a9a251,ACC94AF39FF,81.2,1.18,1,0,15,restaurant,0,genuine
1009be34-3157-48cf-a97b-c7d691aa3b0f,ACCC6121509,31.94,1.475,0,0,2,utilities,0,genuine
37867389-2521-4fd3-a79c-d55259ea71c9,ACCDA024530,114.44,0.893,0,1,6,online_retail,0,genuine
39dce1cc-ce15-4828-bce8-f3450cab8bd6,ACC43CFC7DA,130.33,0.919,0,0,9,restaurant,0,genuine
d80fa149-62e4-4183-a36a-1f55ade76b1d,ACC132E6B03,64.91,0.809,0,0,10,utilities,0,genuine
8452590a-cbd3-447d-af54-7d46ef20e1f0,ACCDFFD27ED,66.85,0.807,0,0,18,fuel,0,genuine
d2b818ec-53f9-4ebc-b398-83bce4933c16,ACC30BAEE93,44.86,0.809,0,0,10,electronics,0,genuine
232d65a1-c277-481b-9010-9adceb13a157,ACC91469B41,19.24,0.978,1,0,6,online_retail,0,genuine
86e445ed-ed9c-4476-b681-f195cad2a0c6,ACC7D30696A,191.44,1.138,0,0,3,online_retail,0,genuine
df996915-795a-4444-a922-570f76a591bb,ACC6E29EDDC,108.41,0.905,0,0,5,entertainment,0,genuine
d0d391f0-75c0-4b64-ad77-c094ea691e58,ACCDFFD27ED,105.82,1.278,0,0,7,entertainment,0,genuine
3d9f58e1-0d90-4f6d-908e-b6a5a476c33f,ACCA3383ABE,233.93,1.194,0,0,5,entertainment,0,genuine
9f1170d3-b850-4379-be43-f98d2caa3ce3,ACC1FAB3F77,112.22,0.77,0,0,13,grocery,0,genuine
f66a1d14-0021-4b45-8d27-02f9357da1ab,ACCC2C6420D,216.79,1.498,0,0,7,entertainment,0,genuine
eb6c427d-1457-4562-b2db-3ee78ccc8117,ACCF8A2CF4C,137.35,1.346,0,0,17,utilities,0,genuine
6bc81b73-9591-445e-858c-a383d0239c07,ACCFF0D087A,181.74,0.985,0,0,21,restaurant,0,genuine
c43c5bca-aa6a-4651-845c-cbfdca746297,ACCC2C6420D,106.24,0.734,0,0,17,utilities,0,genuine
a51ae0ae-ddca-477d-a3e1-34d6b7d18419,ACC5F0A2EFB,29.48,1.028,0,0,23,travel,0,genuine
f496e240-375e-40fb-93ff-17d2135f9a59,ACC55E9D122,47.41,0.583,0,0,1,entertainment,0,genuine
182a1a1e-1952-4b45-8669-42d08f1e1911,ACCB17AC2ED,29.44,0.926,0,0,4,entertainment,0,genuine
84d963ce-401b-4df3-bc53-e29c392d16de,ACCB8201BFE,91.56,0.875,0,0,17,entertainment,0,genuine
3711115f-35c6-474f-ae10-1b92e8b25e7d,ACCFABA81CE,179.29,0.91,0,0,11,restaurant,0,genuine
0242468c-ca34-4fcd-b3b7-05e9f1fc83d9,ACC2C3FB42A,157.53,0.936,0,0,11,electronics,0,genuine
11ee1921-cc6d-4ac5-bf45-ed37feed1255,ACC68FE0D56,94.34,0.642,0,0,22,electronics,0,genuine
1415c9a4-14e5-4dc1-a437-bec8f8881a04,ACCEE4C8042,77.25,0.91,0,0,7,electronics,0,genuine
fba58185-214d-4f45-96a3-acd902c8dc49,ACC2AFF62BB,113.15,0.747,1,0,22,entertainment,0,genuine
2856de93-3a8b-4718-86ed-92567621c895,ACC17C90D98,295.7,1.59,0,0,11,restaurant,0,genuine
9caeef0e-24a2-49aa-b03a-1583b3ee8d15,ACC4B9B991E,631.69,4.219,0,0,15,electronics,0,genuine
0d98852b-b193-4802-9ba3-4a07b1bcf3bb,ACC0F82A889,940.83,6.392,0,0,23,fuel,1,huge_amount
9f11dbd3-ed5d-4570-85ea-1d95cbf22487,ACCC0703F18,299.67,1.596,0,1,12,travel,0,genuine
12f3b355-c6bc-4aa8-bdda-16ac4f316496,ACCA3383ABE,168.33,0.859,0,0,22,travel,0,genuine
649e7318-3ab8-4a9e-8ebe-4ca2f08d7748,ACC48A4DD1A,30.51,0.997,0,1,14,fuel,1,new_device
aec3b08b-16ca-4abe-bd84-46b7cb8acf23,ACC47DBDD62,167.82,1.642,0,0,21,travel,0,genuine
ed59b8d2-f54c-46d2-90e8-fe62e56ee667,ACCB7261A19,217.27,1.21,0,0,0,entertainment,1,stealthy
af24f90e-c78d-4e8a-bdcc-8fcaf3de543c,ACC1E39053B,99.8,1.009,0,0,8,restaurant,0,genuine
95b0aaf1-31dc-4eec-86da-b55fa99b3a42,ACCB8B8E9BE,88.31,0.924,0,0,12,fuel,0,genuine
9dbcc5a3-d276-4067-888b-757e95a191c9,ACCCB6BC567,46.37,0.976,0,0,19,travel,0,genuine
9a913ad6-827a-4dc6-9a11-4571cdbc0ccd,ACC6755B550,32.52,1.076,0,0,13,utilities,0,genuine
498bc6b1-74a4-4084-9d95-bbab549c1b9d,ACC6BDE26B6,39.4,1.056,0,0,20,fuel,0,genuine
61987d2a-af5b-4fde-807a-b83052515ff0,ACC049C6980,123.73,0.76,0,0,16,online_retail,0,genuine
66d2a9b9-3edf-4e75-bbd2-9e08b5d1fae7,ACC52E63E8E,82.42,1.172,0,0,21,electronics,0,genuine
6fdd965a-edd9-45fc-8bb3-68670006de9c,ACC40162BF5,116.63,1.194,0,0,23,fuel,0,genuine
ddf57cf3-5e78-4a7e-a41e-c05742172585,ACC0FF13EC2,285.17,1.455,0,0,12,travel,0,genuine
f9fd183d-2b54-4afa-ae52-51ab869e4aff,ACC43CFC7DA,116.87,0.824,0,0,6,travel,0,genuine
499ab7e9-ef0e-4844-b97c-245b32902d62,ACC2227A7D6,152.15,1.118,0,0,16,restaurant,0,genuine
4b89d8ea-f150-46a7-8afe-346a3757eeac,ACC9CC4C0D9,76.91,1.103,0,0,13,entertainment,0,genuine
767df5e8-bac2-4960-85f9-6254c5cf6a8b,ACC4C1060FF,258.63,1.39,0,0,5,electronics,0,genuine
e8dca5e9-3a0a-4119-b4ca-8dc6ff4d75c6,ACC0859F122,99.77,0.703,0,0,21,entertainment,0,genuine
56110646-2c9e-4dc3-bb7b-c1c34b997bec,ACC7A03D049,59.56,1.199,1,0,14,electronics,0,genuine
e5cf64cd-b8c9-4977-b81d-f40c4adb6ca6,ACCE45B9394,87.68,1.052,0,0,13,fuel,0,genuine
47d69e93-4b35-4cb7-9d7e-d89d1fa51d9b,ACC0FF13EC2,232.05,1.184,0,0,5,grocery,0,genuine
45113bfa-79ab-439f-bb61-3d93f5c451a4,ACCD70B7103,72.5,1.161,0,0,23,utilities,0,genuine
669ec923-63f4-4d64-bdae-cfa4436c33cc,ACC1FD41087,150.11,0.974,0,0,8,fuel,0,genuine
fb88263c-0d32-4593-9e9b-ec3c6de1fb87,ACC080F4BCF,131.16,1.241,0,0,18,entertainment,0,genuine
4deecfad-161f-45a1-9467-f2dadd6832b3,ACC8AB20DFB,25.95,1.155,0,0,4,utilities,0,genuine
0c3e6d73-1534-42b7-b482-1945c2805980,ACC866E61C1,47.08,0.856,0,0,8,restaurant,0,genuine
bea005b2-17ec-4814-9d55-2eb44741be91,ACCFF0D087A,139.48,0.756,0,0,17,online_retail,0,genuine
e181c190-53df-41b7-ba10-ee73b1bbebd3,ACCB743CAF9,190.15,1.124,0,0,20,utilities,0,genuine
07124fc7-bef8-4689-bf98-6560cd590b68,ACC159AEF91,205.68,1.197,0,0,18,travel,0,genuine
a1bfd178-d3dd-4086-a886-7ae9adb7f3a6,ACC0859F122,114.35,0.806,0,0,7,electronics,0,genuine
eae808d2-225f-4cd2-a33f-a74da2b5a31d,ACC49711EE2,149.75,0.818,0,0,22,grocery,0,genuine
75a6cf15-f1bf-4295-8dd9-2312505cd874,ACCA8AE6BA8,41.57,1.101,1,0,12,restaurant,0,genuine
373a9324-5b42-43b7-98ad-689506ccd5e5,ACCF7367AA9,62.43,0.922,1,0,6,entertainment,0,genuine
a1f53bef-a5d5-4c2b-896c-f422cb174b7d,ACC485CBED1,205.49,1.494,0,0,20,travel,0,genuine
3f3f0026-4905-423c-8c98-6ccb32c128cc,ACCC6121509,30.26,1.398,0,0,11,fuel,0,genuine
dbb17800-e05d-4a8c-a3ee-ddf061fd083f,ACC0A64ABBD,21.25,1.035,0,0,2,online_retail,0,genuine
c40a34f2-d04a-4c25-833b-a77f2f72511c,ACCB7E41D27,55.65,0.617,0,1,5,grocery,0,genuine
b138979c-1497-4542-a815-af870a2c1521,ACC7131637D,217.94,1.822,0,0,12,fuel,0,genuine
bfaf9528-0684-4ef6-ad7f-a6300f02c8d0,ACC215BCCB8,56.24,1.302,0,0,4,restaurant,0,genuine
e3c1748b-2fd2-49fa-b117-42d7eb7c5870,ACC89FB4304,102.26,1.028,0,0,3,travel,0,genuine
12d7cfcb-3eed-4d56-8164-99433e5ef79c,ACCC7CCB237,182.68,1.482,0,0,11,utilities,0,genuine
3d537c7e-36e4-4dfb-b860-a6f9d1fc5c93,ACC3BE27A0C,34.43,0.528,0,0,15,entertainment,0,genuine
21ad07f5-da07-44da-970b-fa2cf6fb22d3,ACC049C6980,224.13,1.377,0,0,8,fuel,0,genuine
9f8de9fc-4e07-4df1-b7a3-df595eb819a1,ACC400342D2,64.21,1.122,0,0,21,entertainment,0,genuine
aee06d0f-dabb-45ac-8cb8-991dc17352a3,ACC482E81A5,35.37,1.452,0,0,9,entertainment,0,genuine
ca0f892d-9d6b-4909-aa2e-04b52f9ad87c,ACCBFA30BE8,62.85,1.025,1,0,3,restaurant,0,genuine
a296fd5f-95f3-4263-bbc7-568e6fb42225,ACC707FD242,113.17,1.175,0,0,13,electronics,0,genuine
9b012da5-09ec-48e5-91cc-ffa9de34d21f,ACC17C90D98,212.98,1.145,0,0,10,fuel,0,genuine
b1d9145c-cd7c-45d6-ba22-1ab5ad014070,ACCC6121509,76.01,3.511,0,0,4,travel,0,genuine
772ec042-4038-474f-96b2-ed8ff6de6c7e,ACC0F82A889,141.72,0.963,0,0,5,travel,1,stealthy
9015a221-ce8e-421a-a824-3f0d5495fca6,ACC1A07891C,184.85,1.334,0,0,19,entertainment,0,genuine
bafe112a-8c34-4bb1-b0a5-2aaee3b70707,ACCC2B19390,169.24,1.065,0,0,16,fuel,0,genuine
08bf571d-1231-4e88-b407-caf1d5935abc,ACCA1AE10E7,19.35,0.639,0,0,8,online_retail,0,genuine
25761214-c5ce-43e9-b0a7-c96118c8c1fa,ACCCF10A3E8,26.46,1.161,0,0,1,utilities,0,genuine
2b8343a1-4b7c-485c-a002-de156ab123f9,ACC8CA0E9D4,48.8,0.51,0,0,17,restaurant,0,genuine
be429c12-1417-4902-a60d-f7ec5c648ded,ACC58892FA4,76.5,0.654,0,0,23,restaurant,0,genuine
db6c9757-60fa-4969-8063-f357e6c291cd,ACC2F2FD99E,334.05,4.976,0,0,1,utilities,0,genuine
65fbad43-f6ff-480b-aff4-e30d0f329acb,ACCB17AC2ED,25.94,0.816,0,0,13,online_retail,0,genuine
348d2506-cb0a-4003-8335-adc8e35ba7e4,ACCB7E41D27,66.38,0.736,0,0,17,entertainment,0,genuine
eaa4dd92-e618-437e-830a-8d0d7ef8316c,ACCB3D946C7,158.98,0.878,0,0,15,entertainment,0,genuine
e59f20ea-a303-473a-87b3-0ec68d0b71cf,ACC48A4DD1A,65.01,2.125,0,0,4,restaurant,0,genuine
f0ac376b-e1e9-4134-8490-541412d739cb,ACCE549AC1F,60.67,0.993,0,0,0,grocery,0,genuine
cbb933bc-9a45-40a4-8760-575fd2516fca,ACC58892FA4,152.68,1.305,0,0,13,electronics,0,genuine
b0efc142-16e9-4ea0-b9e0-e3fc1a1556fb,ACC7131637D,174.12,1.456,0,0,6,restaurant,0,genuine
d3063b3c-05d1-4f1e-a0e2-fd71c61b6468,ACC4B968249,120.03,1.21,0,0,11,electronics,0,genuine
e8aafa08-252f-4ccb-852d-9378c32222ef,ACC8B3F5DD0,75.68,0.874,0,0,0,utilities,0,genuine
c48ec5eb-7f2c-45f9-81a9-f4382184beb0,ACC792E1021,256.74,1.368,0,0,3,electronics,0,genuine
cecb7ca8-71a1-46e2-ba2e-27a9e8105713,ACCD99DF024,150.07,0.923,0,0,5,utilities,0,genuine
90d6fb14-54b8-4210-8889-158dfa36383e,ACC4149DCC6,206.14,4.715,0,0,7,grocery,0,genuine
5506e10d-05d3-47d9-962c-1b5a5ca7fcd8,ACCD86300CA,236.05,1.365,0,1,16,restaurant,1,new_device
b8627b17-fa1f-4f33-9652-d06eba1b5247,ACC47C1AE01,112.53,1.033,0,0,23,electronics,0,genuine
e354275b-616b-46fc-bb4b-519d8cf3b995,ACC37920886,115.92,1.037,0,1,14,grocery,0,genuine
8793c4aa-0d1e-4e59-8f40-44e433d3b75f,ACC468A30E3,106.27,0.981,0,0,12,restaurant,0,genuine
617d1528-e922-4d87-a962-f2cbe28b619f,ACC974EDF80,165.1,1.021,1,0,9,electronics,0,genuine
799611f8-7140-4948-b1a5-fbdd17b64948,ACCE45B9394,90.69,1.088,0,0,10,entertainment,0,genuine
afb4fa89-0a9c-47ff-a3fa-b01535ad2a02,ACC51CC8D6D,56.19,0.961,0,1,9,entertainment,0,genuine
4f87ba91-4d1a-43d3-8e33-64f7b76aa031,ACCCFE42BC9,75.03,0.499,0,0,3,electronics,0,genuine
d6878291-e214-4ef4-b6c2-80d77358c10c,ACCB17AC2ED,21.98,0.692,0,0,23,electronics,0,genuine
304772b4-fbd2-4c47-bd4e-af72f3a3db51,ACC91469B41,23.12,1.175,0,0,18,grocery,0,genuine
6abd4173-0025-473e-94e4-eb96450bef9e,ACC936198A9,43.59,0.566,0,0,6,electronics,0,genuine
a4b2b08a-bca1-43c3-be20-478715173cca,ACCD9089858,36.36,0.822,0,1,18,entertainment,0,genuine
96f121b4-8ac7-4cf9-92be-396fa77e1aa1,ACC4BCFE47D,53.39,1.234,0,0,7,online_retail,0,genuine
9f559ef3-b24b-43c0-a587-c7975d67ead2,ACC476E30AF,282.03,5.955,0,0,7,grocery,1,huge_amount
5864565e-4747-4729-b57e-b145235b93e7,ACC0A64ABBD,1.94,0.094,0,0,4,utilities,0,genuine
b5309e26-26f8-4121-840d-8a86a5b4f37c,ACC67FED836,57.76,1.516,0,0,23,entertainment,0,genuine
a08eeb60-9158-4968-b6e7-a475fea2792c,ACCBDD4EB53,20.93,0.955,0,0,9,entertainment,0,genuine
79bfb81a-645f-4500-8151-0e1d6bba3581,ACCFABA81CE,102.71,0.521,0,0,14,travel,0,genuine
3d00ca07-6d8f-4623-a4c7-20d12db0b0b2,ACCAB52E977,100.09,0.981,0,0,10,travel,0,genuine
de818d42-10a8-41f6-9ce6-68f5c0b90142,ACCFF0D087A,178.72,0.968,0,0,5,grocery,0,genuine
95278a07-2b74-4473-886d-c94d0b2b5689,ACC4D610E4D,38.25,1.375,0,0,22,utilities,0,genuine
c5f46324-f114-41cb-a5fd-816d97c55ce9,ACC6993E5A7,149.62,1.5,0,0,14,utilities,0,genuine
cbb27e03-87d4-4ff0-99aa-131b4fc45513,ACC48A4DD1A,35.5,1.161,1,0,18,restaurant,1,foreign_location
882be12d-c544-4d96-bf9f-e9571a077dd7,ACCC1DD744F,68.14,1.196,0,0,7,entertainment,0,genuine
af516f74-ae95-4252-9090-c2a696805fa6,ACC2BCDCDD4,44.95,0.924,0,0,11,utilities,0,genuine
e1cec0b1-97b0-4ccd-928c-573912dae382,ACCAA36AA07,51.63,1.021,0,0,21,online_retail,0,genuine
b4bbb806-ab69-4a59-bb3b-11ba8f37391c,ACC91469B41,12.73,0.647,0,0,20,entertainment,0,genuine
dcac7f94-4887-44d7-a743-b8689d0444fd,ACCE45B9394,110.97,1.331,0,0,4,electronics,0,genuine
8cc0a5e8-198b-4fd0-8e08-30cb82f784ba,ACCBDD4EB53,9.33,0.426,0,0,14,grocery,0,genuine
17dad91c-f7bd-416e-81a6-948c1f763a41,ACC71F2BF15,128.5,1.367,0,0,4,entertainment,0,genuine
b1705393-a779-4366-983a-c53978d7959d,ACC16193C5E,137.92,1.302,1,0,2,fuel,0,genuine
d2625135-6ca1-414b-a778-86fd2521ccb8,ACCF8A2CF4C,117.47,1.151,0,0,22,online_retail,0,genuine
0a454b79-33ac-4940-aa3f-807247779e47,ACC3BE27A0C,91.19,1.398,0,0,12,fuel,0,genuine
f5cf1391-47e9-4c2f-9a88-ec5e82bf128a,ACC47DBDD62,128.79,1.26,0,0,5,travel,0,genuine
a7801984-0f9e-4611-a1f3-7aaeb90ff9fe,ACCBBEDED04,15.78,0.89,0,1,18,restaurant,0,genuine
38102903-d9c9-40de-8c5c-67b1bfd3b84e,ACC40162BF5,88.34,0.904,0,0,1,grocery,0,genuine
7a1e89e9-a86c-4553-90e9-83608930398a,ACC43CFC7DA,332.14,2.342,0,0,15,fuel,0,genuine
a955dc8c-4380-43e2-a1a2-b9f6ff303e4b,ACC1FD41087,127.37,0.827,0,0,5,fuel,0,genuine
e8b42cbb-4372-438b-a64e-2332532ad203,ACC7131637D,78.5,0.656,0,0,18,grocery,0,genuine
0122ce93-d209-483e-9940-d7d9e8aaa20f,ACC080F4BCF,119.58,1.131,0,0,9,entertainment,0,genuine
4a1bb9fd-0654-4619-8370-170f669db0be,ACC8B071F50,165.79,0.999,0,0,1,entertainment,0,genuine
aa007af3-d68e-40a2-a49f-6f59ad1d15b8,ACC6E29EDDC,98.76,0.824,0,0,7,grocery,0,genuine
8e2bf34a-efbc-4944-8ee1-103e12876a42,ACCE45B9394,128.96,1.547,0,0,16,entertainment,0,genuine
f388f610-b2c7-49e9-ac7b-1695b80d7ebd,ACCDF6D88DC,22.88,1.019,0,0,6,entertainment,0,genuine
e1813c13-3607-4065-b8d7-c0718acd6acc,ACC974EDF80,124.44,0.77,0,0,19,entertainment,0,genuine
cb0234ef-7351-455a-b827-1a1d5b1d7421,ACCA56E2DAF,69.08,0.811,0,0,21,utilities,0,genuine
b10572b5-2c8f-4556-b6b4-1f6b8bb96ad5,ACC8CF8E85D,91.25,0.958,0,0,5,entertainment,0,genuine
dc94186b-46bb-429b-9297-4e71776abf10,ACCD77D289A,29.82,0.886,1,0,4,online_retail,1,foreign_location
43414934-cb78-44a4-984b-281eebd73226,ACCCB40A1BB,36.75,1.222,0,0,13,online_retail,0,genuine
ab51b59b-f6ff-49ac-9479-2e85ec577532,ACCE549AC1F,57.55,0.942,0,0,22,online_retail,0,genuine
c007b8a0-1891-44f9-878e-bf02c804bb03,ACC075F7E93,343.52,3.132,0,0,11,travel,0,genuine
ce900d88-d976-4913-b417-73e0051ce38a,ACC63E38219,60.34,0.534,1,0,1,restaurant,0,genuine
ef4ed208-b160-486e-89f2-7cd870b0c6fd,ACC257866E9,165.52,1.021,0,0,8,electronics,0,genuine
871cb183-be0b-48e3-8096-ad08dcdc08d6,ACC145D3692,175.85,1.338,0,0,21,entertainment,0,genuine
51cd0c9e-abcb-485e-a877-285c294c611b,ACC4FDDC2F7,53.45,0.349,0,0,1,travel,0,genuine
f13e1cd3-c83b-4823-b49f-f85568a8d057,ACC63A8249C,95.61,3.519,0,0,6,entertainment,0,genuine
bdd85f03-693e-4af4-b484-a8eb81bcdbbe,ACCBB625750,204.96,1.432,0,1,15,restaurant,0,genuine
48c9ba98-023f-4cbb-9124-fa74a2c57dde,ACC33790CF6,101.71,0.644,0,0,4,utilities,0,genuine
c61af527-c549-4d29-9835-d8596dca383a,ACC47C1AE01,120.43,1.105,1,0,3,restaurant,0,genuine
30aa3a4b-860e-44de-96f6-2e1d660a9bbd,ACC91469B41,14.25,0.724,0,0,2,grocery,0,genuine
64c3afb1-50b9-4e84-9106-b0aca262049c,ACC8CF8E85D,34.96,0.367,0,0,20,entertainment,0,genuine
3036cd90-c36d-44bc-b35d-48e0ab8acc92,ACCE2B777FC,249.73,1.383,0,0,0,travel,0,genuine
db61d3f8-2231-4029-9a83-8568d599aa6d,ACC63E38219,71.15,0.629,0,0,4,online_retail,0,genuine
267087fe-5ccc-40b7-b4e9-4f9fb9ff7ce7,ACC22F5FFD2,62.3,0.64,0,0,6,restaurant,0,genuine
76b5fb6d-7832-4b73-a691-221a30d66c64,ACCB8B8E9BE,138.82,1.452,0,0,5,online_retail,0,genuine
189972a9-4929-49fb-a6e1-4e85447d1fcd,ACCC742C7D6,100.64,1.415,0,0,8,entertainment,0,genuine
2adf2d27-a1e2-4423-8f7c-29cb6c9ff3ea,ACCEAF23921,81.6,1.024,1,1,4,entertainment,0,genuine
5d040a27-8d7f-48c9-9961-5513541f0d8a,ACC482E81A5,20.64,0.847,0,0,11,grocery,0,genuine
e1e53331-0d99-4efc-9200-316051f96ff3,ACCEE57AC5C,260.19,2.125,1,0,0,restaurant,0,genuine
10d64589-aa86-412c-90db-6784dd790dbe,ACCAA010F0A,41.89,1.287,0,0,9,grocery,0,genuine
97273688-b017-42f9-a7aa-ddd873c99633,ACC2C3FB42A,103.07,0.613,0,0,23,travel,0,genuine
117fb4b6-2b3d-4444-b008-919d525b75e2,ACC6FF68307,107.9,0.95,0,0,3,restaurant,0,genuine
56a7369c-7d85-40df-ae6e-16a2d83a2725,ACCAD413A31,360.49,2.107,0,0,18,online_retail,0,genuine
23b26d90-1f25-4315-8507-4b19b31a2d3a,ACC360FB49F,42.7,1.131,0,0,2,fuel,0,genuine
eb6b6f60-378b-4e72-b101-ad1e73b38f8b,ACCE6F8D6D0,269.16,1.352,0,0,10,utilities,0,genuine
a5438bd4-2df1-41c4-a940-1d720c544b00,ACCA1BB6B6C,104.9,0.786,0,0,12,travel,0,genuine
07618809-3c4a-4aeb-95ff-1302d4f36740,ACCE7567526,201.47,1.174,0,0,8,fuel,0,genuine
53c42578-7ca8-440c-a0cf-66e0af80fc03,ACC6755B550,21.93,0.726,0,0,18,entertainment,0,genuine
70689126-a196-45e2-9032-ae9c6d3c68c8,ACCB58647E8,98.21,1.121,0,0,15,travel,0,genuine
5e52c2a3-cf04-41cc-912a-5fd3c2d65c11,ACC0ED0AD12,101.61,1.037,1,0,2,travel,0,genuine
2615be9c-c1bd-4dba-a419-d681df91e8c7,ACCAF664302,34.92,0.915,0,0,0,restaurant,0,genuine
1469c370-3b0b-4984-9dcf-d2aa072a21e9,ACC4B968249,84.0,0.847,0,0,14,travel,0,genuine
7f8cb067-ff29-4f6e-bfce-a1db03bdf593,ACCEAF23921,39.49,0.496,0,1,23,utilities,0,genuine
e296902d-b9f3-4003-93f7-f56c0a4ba195,ACC8B3F5DD0,102.65,1.185,0,0,4,grocery,0,genuine
c7e84ad1-50f1-4c07-8a41-01ce387c7fa1,ACC7F584589,63.44,0.853,0,0,23,travel,0,genuine
3158a60b-c691-42b8-b031-4f6f725f181a,ACCFEB51908,194.73,1.185,0,0,9,entertainment,0,genuine
d8eee007-679a-4fb6-aa91-294335588790,ACCC1DD744F,47.57,0.835,1,0,10,fuel,1,foreign_location
dde99577-59ee-4978-8685-ec2d3b13cc97,ACCA8070C69,126.47,0.811,0,0,20,travel,0,genuine
95f91e8c-5a2d-4722-abb2-457ca11dff26,ACC1584D2D9,193.66,1.186,0,0,19,electronics,0,genuine
bf3fafa4-25d1-4f96-a550-db9bea1f91b1,ACCC2C6420D,146.94,1.015,0,0,5,travel,0,genuine
7fba96ca-1b9e-48b5-a1d2-b25f02622a22,ACC68FE0D56,140.82,0.958,0,0,3,utilities,0,genuine
96a899b0-5be3-44f3-a17f-0097191786bd,ACC0859F122,103.3,0.728,0,0,14,restaurant,0,genuine
a1814bba-090e-401d-95cb-13d6c8c1c4bd,ACC5952E61B,201.22,1.107,0,0,21,entertainment,0,genuine
a33057b0-8e9c-4447-9312-b28364c6bcfc,ACC3B960C09,203.71,1.152,0,0,0,online_retail,0,genuine
0fc6d6e6-e53d-4ee8-bbfc-95355fdfeb55,ACCAD8261D9,185.71,1.025,0,0,23,entertainment,0,genuine
1622dc78-c042-40d4-97d8-5d0ba8ff6956,ACC8AB20DFB,35.59,1.585,0,0,9,entertainment,0,genuine
d7ed0267-ea9e-4906-a2fa-9ece6f02f951,ACCB7261A19,122.49,0.682,0,0,12,grocery,0,genuine
a0ebe414-5709-489c-9a67-d343134d1fff,ACCB17AC2ED,13.57,0.427,0,0,11,entertainment,0,genuine
ea92bc85-3718-44b6-a6d2-6069c6963737,ACCB6304D6D,116.18,0.729,0,0,10,grocery,0,genuine
829357ac-854e-48ce-9573-ae2b3a2097d2,ACCD70B7103,55.56,0.89,0,0,19,grocery,0,genuine
97eeb23c-1ed5-4aeb-bdc1-32cd7017debb,ACCEAF23921,54.51,0.684,0,0,2,restaurant,0,genuine
e60b280c-7b91-48d4-bf42-be4c0a188703,ACC2227A7D6,127.73,0.939,0,0,2,grocery,0,genuine
8b0e7c56-0273-4357-b6ec-a84da9fc0e50,ACCD581D6E4,101.21,1.424,0,0,14,entertainment,0,genuine
17048ea7-37bd-4afa-b98f-9f1502aa6adf,ACCD07853CF,133.08,1.085,0,0,9,travel,0,genuine
0334f8e9-38d3-480e-8ec1-cbc12b5ffc2d,ACCF3D6177F,13.87,0.785,0,1,23,entertainment,1,new_device
31033fa2-0a20-4aef-bfbe-9427936b4f8a,ACC9A66A456,134.74,0.869,0,0,17,online_retail,0,genuine
cc1b1a3c-9616-4f79-8e41-a6ff365d29e7,ACCBDEED3A1,19.67,1.264,0,0,13,fuel,0,genuine
1649ab97-859b-40f2-889d-fa5f12d1c1a1,ACC8C663F70,137.47,0.796,0,0,22,entertainment,0,genuine
8b0edee2-20ca-4d9c-9431-a28b87f71774,ACC22F5FFD2,72.17,0.742,0,0,10,electronics,0,genuine
80360a92-f00e-4af3-8fcf-89fe4e073c72,ACCCFE42BC9,167.82,1.116,0,0,17,online_retail,0,genuine
860ff34e-298f-42be-84a7-c6cd00d99844,ACC63A8249C,31.17,1.147,0,0,11,fuel,0,genuine
481ef968-0297-4e9f-8c89-ed0c2c7a0f93,ACCBFA30BE8,72.97,1.19,0,0,17,grocery,0,genuine
8515f474-2b79-47e9-856f-23d96e8e3c76,ACCE90CC233,25.27,0.607,0,0,16,grocery,0,genuine
a42560fa-e52a-4fff-ae49-d1cf1499fe94,ACCA3383ABE,444.66,2.269,0,0,19,travel,0,genuine
94a803c0-b7cf-4a00-add7-4b1400a0e980,ACC3BE27A0C,44.95,0.689,0,1,15,electronics,1,new_device
811b1bf7-a3ab-4d01-93c3-aff4a2968f69,ACC0D26E623,25.92,0.633,0,0,11,entertainment,0,genuine
e692780f-fa0a-4e11-9577-f80048677929,ACC44706969,93.68,1.158,0,0,9,online_retail,0,genuine
f871b2ae-6052-4635-9cda-d320501471ce,ACCAF2FECB8,70.73,1.02,0,0,0,fuel,0,genuine
2c4069c7-3144-432e-8733-dfbb4b28f132,ACCCDE6737B,117.95,1.032,0,0,3,fuel,1,stealthy
75fc814c-eadf-4daa-9cc5-a1edf484da93,ACC58892FA4,80.79,0.691,0,0,5,restaurant,0,genuine
947d3fcb-cde8-4d99-9582-90ea5c44e8ff,ACCBBEDED04,14.01,0.79,0,0,20,electronics,0,genuine
e01336c9-dee3-4671-8241-21f3d946d656,ACC028C6BF2,128.14,1.167,0,0,13,entertainment,0,genuine
cb401cdf-e08f-4ea4-8af4-84893d54ec4f,ACC49371FEA,89.77,0.802,0,0,10,online_retail,0,genuine
d06bec1c-5ac8-4753-854c-29dc5af8a113,ACC02350C73,24.93,0.34,0,0,6,travel,0,genuine
da2fb11d-7c97-4e0f-9e4c-067b349a39da,ACC34FD0AB8,26.54,0.847,0,0,16,grocery,0,genuine
281dd32c-5b6c-4be1-a42a-a74d18896648,ACCC7DF1C25,170.9,1.955,0,0,15,electronics,0,genuine
0735a8d1-e233-4b54-bb90-20d7405d92de,ACC17C90D98,116.0,0.624,0,0,22,entertainment,0,genuine
0e2e7aa2-d9cb-42a8-84f6-3013a332ac94,ACCDF6D88DC,16.72,0.744,0,0,19,travel,0,genuine
ba672895-5507-4c3d-b315-46c77a0da8de,ACCA6791AA0,44.56,0.447,0,0,6,grocery,0,genuine
89a4bc52-3ab4-4af8-9a7b-8e87650d8229,ACC89FB4304,69.84,0.702,0,0,0,utilities,0,genuine
fbab0357-f683-457f-a2eb-6abc1b6d45e4,ACCE4ED68FE,91.11,0.493,0,0,23,grocery,0,genuine
021dcb83-fc81-47ce-8734-eb473b0ec797,ACC0AAC82C2,114.84,1.191,0,0,8,grocery,0,genuine
af31641d-dd56-47f1-8b04-f9b702ce60d9,ACC4BCFE47D,41.2,0.952,0,0,7,entertainment,0,genuine
60effbd3-9bf2-471c-b394-cd932e48ad39,ACCB743CAF9,217.45,1.285,0,1,10,entertainment,0,genuine
c2daaffc-51b3-4c03-9af5-1e4b2c3bb094,ACC9D67E0D7,108.24,0.766,0,0,15,fuel,0,genuine
9840b453-7a39-4609-a099-611e72bcd7cb,ACCF8A2CF4C,71.69,0.702,0,0,12,grocery,0,genuine
bb0610eb-633d-402a-80ff-f3476f967a79,ACC6E29EDDC,111.21,0.928,0,0,16,fuel,0,genuine
25dcb7bf-cc90-4212-98d3-020465e53824,ACCDFFD27ED,78.72,0.95,0,0,9,online_retail,0,genuine
587ce53f-f186-4ca3-8d38-74c1511294c9,ACC700C0204,107.32,0.777,0,0,21,fuel,0,genuine
4817cc1d-a40f-43b0-9940-40f675e9b3a6,ACC55972CEC,163.22,1.044,0,0,6,restaurant,0,genuine
b5903542-f5a6-40e0-af4e-6689bd648f8e,ACCB5426310,25.17,0.346,0,0,7,grocery,0,genuine
36fd013a-46e4-4b22-9db2-d9388bc9caf6,ACC6F7D92B8,191.03,4.826,1,0,1,electronics,0,genuine
0d1a0ce6-5e64-4716-9ad9-2005b5f12c76,ACC8B071F50,169.91,1.024,1,0,3,grocery,0,genuine
d13c6c3c-8013-4277-81d1-cb198ff0a502,ACC67FED836,43.66,1.146,0,0,21,electronics,0,genuine
9078cc34-c836-4df1-9dde-1b9111770c98,ACC8AB20DFB,21.99,0.979,0,0,2,utilities,0,genuine
20feb98c-56db-41b4-8137-75265e10374a,ACC6E29EDDC,74.42,0.621,0,0,5,grocery,0,genuine
69369984-a8a4-4f82-94b8-9673ee52e46c,ACCE4ED68FE,379.23,2.052,0,0,3,entertainment,0,genuine
703a4ec8-a847-4b46-a403-6b942fdca933,ACCA3383ABE,244.86,1.249,0,0,2,travel,0,genuine
e94859bb-609c-4bd6-98a4-b8f8362b27b1,ACC18680C85,112.04,0.946,0,0,20,entertainment,0,genuine
c0a15fb3-6ef1-4a03-a5c5-383715b3327f,ACCF8C437FB,39.49,0.834,0,1,1,online_retail,0,genuine
5871a02d-f5f5-4686-890f-c8d2c2c0361c,ACC89FB4304,89.53,0.9,0,0,8,grocery,0,genuine
586a3b94-69a3-4263-be86-1a67916d93cd,ACCEF39B188,131.17,1.133,0,0,4,entertainment,0,genuine
f7e66474-f450-4877-aa94-effb3673cca5,ACC5A2D2562,19.51,0.66,0,0,12,restaurant,0,genuine
ec26ad87-e9bc-4cff-8d73-8ceb4b9a65de,ACCE5F859C3,70.13,1.375,0,0,21,restaurant,0,genuine
e00a4893-d03b-4d5b-9dd0-49fce2a878c4,ACCA12ADE0C,56.25,1.029,0,0,20,online_retail,0,genuine
bf784e5c-17e9-4358-af23-b48494370170,ACCE2B777FC,321.11,1.779,1,0,22,travel,0,genuine
95baa6e9-691a-44e8-a998-ee3e40e6fcc0,ACC59EA8486,64.68,0.414,0,0,8,utilities,0,genuine
de799787-3130-4634-a735-cc8072856308,ACC051D694E,79.65,1.093,0,0,10,fuel,0,genuine
305fbf08-023d-431e-983f-90fc1e987e1c,ACC790525E5,136.66,1.013,0,0,6,fuel,0,genuine
cf9265e5-d74c-4e7a-9e58-a7ef3ecaba23,ACC98A8E15C,163.77,1.36,0,0,10,travel,0,genuine
0296f288-b115-4be1-8139-fd2b7bcd5318,ACCAFE32BE6,176.4,1.007,0,0,11,restaurant,0,genuine
581f7b2c-b516-44bc-9a5d-002e9953aa98,ACC59EA8486,128.8,0.824,0,0,11,travel,0,genuine
1f37fc58-c54d-4495-8bf0-3de8b44de8c4,ACCA6791AA0,143.24,1.436,0,0,10,entertainment,0,genuine
50dc2617-336b-4b06-86d6-e99d50e47b57,ACC57066E7B,5.14,0.205,0,0,3,restaurant,0,genuine
c510661e-b5f3-4487-8510-baa49d29109f,ACC43CFC7DA,156.84,1.106,0,0,9,entertainment,0,genuine
69232009-7e40-4895-8201-9d2c2a0fd953,ACCE45B9394,80.42,0.965,0,0,14,entertainment,0,genuine
2aed168d-61f0-45ad-9ba0-9e95436eea53,ACCAA010F0A,35.78,1.099,0,0,1,fuel,0,genuine
2a167159-3621-42c8-9268-ac8e7c5fdd40,ACC49711EE2,246.88,1.348,1,0,1,fuel,0,genuine
58dd015e-f52d-4564-8609-0f347049dbc5,ACC5ECECCC8,19.76,1.165,0,1,3,entertainment,0,genuine
c7287a4e-7ec0-487f-b8b9-6f5fb8ee59b2,ACCA8AE6BA8,23.79,0.63,0,0,5,restaurant,0,genuine
4be629cc-e0cf-4fe0-97d1-317b71252e3d,ACCEECD14C8,33.19,0.768,0,0,15,fuel,0,genuine
f504eb2f-2413-40fd-b4ef-9b09be89996f,ACCD77D289A,19.4,0.576,0,0,15,utilities,0,genuine
3bd2b437-7e35-4a39-93ca-787113846dbe,ACC4C275212,105.2,0.694,0,1,0,grocery,1,new_device
33145cf9-d897-494c-98d8-6a2fdf9d7c3a,ACC120D4C78,122.92,1.14,0,0,7,utilities,0,genuine
15d84aba-b2c3-47cb-94c2-0c5ce747ea83,ACC55E9D122,376.93,4.634,0,0,7,grocery,1,huge_amount
16c2fe31-5b2d-4f98-949d-20e549f7721c,ACC8F3BC4D8,55.76,0.885,0,0,20,utilities,1,stealthy
99f6d410-55fd-481e-b618-361137c7a78e,ACC3D0FD592,163.41,1.492,0,0,5,entertainment,0,genuine
0653f484-191c-4209-ac50-d528e5a4d00d,ACC22163AB8,97.38,1.133,0,0,9,restaurant,0,genuine
615ebfd7-a8b9-4301-921a-48d56ba85bd9,ACC36CEEE60,117.97,0.712,0,0,7,electronics,0,genuine
708202b5-5491-4a0e-bb2c-d807a7ab4df9,ACC7D30696A,269.04,1.6,1,0,12,travel,1,foreign_location
dfa2e6fc-169d-4b94-9c98-c151b16bf444,ACC55E9D122,71.99,0.885,0,0,20,online_retail,0,genuine
5a3ebc18-f24b-4f88-b33d-ac512baf1fcc,ACC8C663F70,206.92,1.198,0,0,23,grocery,0,genuine
9da97563-4c69-40b7-ac75-403128e2d909,ACC37920886,113.03,1.011,0,0,5,restaurant,0,genuine
52da42e8-4bbe-465c-b4c7-93cea0573813,ACC33790CF6,78.07,0.495,0,0,0,travel,0,genuine
cfd06371-8d76-42ed-a0db-83e08eb2aa45,ACC3A1439DA,239.47,1.476,0,0,0,travel,0,genuine
a8dfb497-45b5-4658-8934-f1f10fce1192,ACC4C1060FF,203.95,1.096,0,0,21,grocery,0,genuine
f9d933e2-24b0-49c6-9bf1-73e5bda9d1a0,ACC71F2BF15,59.73,0.635,1,0,18,grocery,0,genuine
3e50c00e-9dc4-4604-b7a0-aa7a1e9a768d,ACCEF39B188,137.04,1.183,0,0,21,grocery,0,genuine
8da4b390-2eca-4642-b3b7-0c9976cce835,ACCD9089858,95.11,2.15,0,0,16,utilities,0,genuine
140e0f18-1213-4e9e-a3d4-c76e6c90b73a,ACCEAF23921,74.88,0.94,1,0,14,grocery,1,foreign_location
ee72d042-43ca-4562-b737-0d7c5afd27c9,ACC52E63E8E,110.83,1.575,0,0,18,entertainment,0,genuine
fa152d50-14a1-455e-bcf4-82e50fb2141c,ACC58892FA4,151.81,1.298,0,0,13,utilities,0,genuine
5c9d11d6-9246-4f9f-9525-a276046694ce,ACCB8201BFE,75.01,0.717,0,0,0,electronics,0,genuine
c6ae5302-70da-42d7-8f0e-69b75e178824,ACC792E1021,309.75,1.65,0,0,3,electronics,0,genuine
f94dd893-a1df-4781-8554-0d9fbe6948d9,ACC295CE380,203.15,1.033,0,1,18,restaurant,0,genuine
f462dbd2-1c26-45bd-bb87-287981cb5210,ACC51CC8D6D,187.95,3.213,0,0,21,travel,0,genuine
7dfdc556-495a-4d78-bd21-e9b52c72db4a,ACC82566958,96.12,0.941,0,0,18,grocery,0,genuine
306e6135-5c28-4e17-89be-6d1177951c55,ACC5A2E3A6E,262.88,1.404,0,0,22,grocery,0,genuine
8590e723-9871-4036-9d79-7a10992d8322,ACC02350C73,81.08,1.107,1,0,3,electronics,0,genuine
2af5f10c-216f-4ffd-8e91-3bc514fa7229,ACC3CC490D1,96.84,1.402,0,0,3,restaurant,0,genuine
64162ac5-b97b-403a-8492-170aa6488178,ACC145D3692,120.84,0.919,0,0,21,entertainment,0,genuine
15591dcd-3ddb-4d32-a09b-e2fc906e27fc,ACC02350C73,81.23,1.109,0,0,22,online_retail,0,genuine
abdd6815-6a69-470e-8f45-47a6a2d3d6f4,ACCAF2FECB8,99.84,1.44,0,1,19,entertainment,0,genuine
a1115f46-4cb8-4441-b8ee-c8b1d9093209,ACC98A8E15C,101.17,0.84,0,0,3,online_retail,0,genuine
a4c30731-317f-4115-804d-b0debc0178fc,ACCFEB58DF9,134.61,1.025,0,0,11,electronics,0,genuine
b769bfa8-a72c-4b77-9c66-ee84dc525daf,ACCEB67227A,125.47,0.686,0,0,21,entertainment,0,genuine
6ed11ae4-c28f-4d15-b9cb-b6b5d132d4e5,ACC95B54780,181.38,0.994,0,0,10,fuel,0,genuine
2ce87db2-ae05-4a69-9ad5-9e98c150046a,ACC7F584589,47.77,0.642,0,0,8,grocery,0,genuine
e1e428b7-f4fd-476f-b4df-0030621245a3,ACC22163AB8,30.66,0.357,0,0,3,travel,1,foreign_location
b861322e-5c92-42dd-8633-e6512c59a416,ACC8B88E484,55.13,0.718,0,0,23,grocery,0,genuine
c46e1abc-f607-449c-bd02-d4a5c83208ec,ACC4328EBBB,150.67,0.796,0,0,2,grocery,0,genuine
ee5183b2-0af9-4423-93d9-710e55160bc0,ACCB4BE454E,136.66,0.854,0,0,10,fuel,0,genuine
1360bf64-8c66-4ceb-abc4-f6622498f94d,ACC55E9D122,52.15,0.641,0,0,6,travel,0,genuine
0515cab1-eacf-49ae-8923-221c85af78b8,ACC40162BF5,144.95,1.483,0,1,19,utilities,0,genuine
27084be0-c7b2-404e-80cb-395081aad78c,ACCE3BC14DF,93.51,0.578,0,0,5,travel,0,genuine
170844e4-9300-42ec-9cd2-550264ed5142,ACCE6F8D6D0,217.66,1.093,0,0,19,entertainment,0,genuine
3a41bb6b-300a-4444-be57-1e1396465b49,ACCE5159C95,160.68,1.275,0,0,14,electronics,0,genuine
469e5e12-30ff-4014-8838-737cced9870f,ACCAF2FECB8,56.21,0.811,0,0,4,entertainment,0,genuine
a4b95ac9-b679-451d-98c6-eff8ae6da31f,ACC481A3694,153.16,1.251,0,0,21,grocery,0,genuine
d211171c-e2a0-414c-a869-957c3c90bcf5,ACCA1AE10E7,38.92,1.285,0,0,12,fuel,0,genuine
ca60079c-ef82-4bc6-85b1-a1bddd0dee05,ACC3BE27A0C,75.01,1.15,0,0,23,electronics,0,genuine
83fdfe6d-dec7-4059-ad70-2722a30d726e,ACC317B2615,176.78,0.98,0,0,16,online_retail,0,genuine
8a46466d-f21c-48f6-b72b-61bb38706c5b,ACC52E63E8E,54.56,0.776,0,0,23,online_retail,0,genuine
a7562876-72b8-49bd-b2b7-8e5429d018d7,ACC7C611899,127.63,0.73,0,0,5,utilities,0,genuine
5b66a434-d66b-4c6c-a73e-d14b1f1c3433,ACC51CC8D6D,53.52,0.915,0,0,1,grocery,0,genuine
7b35bd29-e330-4748-83e4-8ef299c0617b,ACC51CC8D6D,91.37,1.562,0,0,14,electronics,0,genuine
0c5a4c54-64cc-4670-b5d3-c50997fcf012,ACC6BDE26B6,42.92,1.151,0,0,11,electronics,0,genuine
c57072b0-097a-498f-9243-18fbaff8fa3d,ACCA56E2DAF,113.76,1.335,0,1,9,online_retail,1,new_device
9d2fd944-533c-422e-b343-0161478ce01b,ACC4D610E4D,30.51,1.097,1,0,14,fuel,1,foreign_location
80a1eb64-0d3b-465c-ae81-d266af702a28,ACC50C40EE9,81.75,0.84,0,0,7,online_retail,0,genuine
98cd525c-3c96-44d4-9c90-f657043d30aa,ACC98A8E15C,73.47,0.61,1,0,14,utilities,0,genuine
ae343f5d-c25f-49aa-b7a1-ee25505feba3,ACC8B3F5DD0,103.46,1.195,0,0,9,online_retail,0,genuine
7542c0a0-5965-4fd2-a9df-757add8824e8,ACCEF39B188,175.88,1.519,0,0,13,travel,0,genuine
e94d5375-b1a6-4f1b-be43-aed64d182437,ACCB6304D6D,160.22,1.006,0,0,11,restaurant,0,genuine
05b68e51-f65d-40e0-b8f5-2ea5cc3ee5e1,ACC3A1439DA,140.64,0.867,0,0,4,utilities,0,genuine
35d8b6c2-6bc9-4f8e-9ff8-1dedd95f6037,ACCE45B9394,74.39,0.892,0,0,4,restaurant,0,genuine
4c08e479-2553-45cf-a9ee-aea70cae231e,ACCCF5314D2,155.25,0.934,0,0,2,fuel,0,genuine
16e65e64-acbf-47f9-a534-625c0a06eee6,ACCA1AE10E7,79.17,2.615,0,0,23,fuel,0,genuine
fe31406f-7d05-448c-8446-ebb41144fd8b,ACC834F38DE,94.09,0.898,0,0,8,utilities,0,genuine
94cf4003-8d9d-43e3-bcd2-f1e8ecf4472c,ACCEE57AC5C,105.52,0.862,0,0,18,grocery,0,genuine
f2efdcca-93f4-4cc1-a2ef-7451bfe1a15f,ACC1804DFBF,277.66,1.432,0,0,5,utilities,0,genuine
a350c9e0-b8ea-429e-aaa9-ba0f64a41b80,ACCF4D51612,152.99,1.143,0,0,15,travel,0,genuine
1c8a23bb-7e10-45ee-a778-28728db40826,ACC5F0A2EFB,35.59,1.241,0,1,0,electronics,0,genuine
cee56b9f-3ef6-4eec-9545-99e92738b7fc,ACC8B3F5DD0,45.51,0.526,0,0,10,electronics,0,genuine
c3de3157-f18d-48d7-8553-ae2eaad78ffb,ACC63A8249C,31.23,1.149,0,0,3,entertainment,0,genuine
40d06a1d-1a35-441f-bb2b-440fa30a0673,ACC028C6BF2,140.34,1.278,0,0,14,restaurant,1,foreign_location
d4e81d35-f5dd-4c5f-9980-7e65d511b6ef,ACCC7DF1C25,73.11,0.836,0,0,11,grocery,0,genuine
a141e9fc-a121-4d81-8245-1eaa9886be0a,ACC4149DCC6,32.56,0.745,0,0,23,travel,0,genuine
d8f0f044-addc-4f51-b9a7-0756d2017368,ACC52E63E8E,63.03,0.896,0,0,9,restaurant,0,genuine
819facc1-1ae0-4136-9aa7-60fa5c1d2435,ACC1F9C12DE,211.77,1.559,0,1,6,online_retail,1,new_device
2d7dbd3a-fda5-4938-aa85-c08334585e83,ACC02350C73,74.06,1.011,0,0,20,electronics,0,genuine
d1f06040-3d54-4b51-8bfc-8e44a353a55b,ACCBE5476B7,33.53,0.865,0,0,3,utilities,0,genuine
ce60bf79-f680-4ecb-a76c-3a65e9f3602b,ACC4B9B991E,484.0,3.233,0,0,3,fuel,0,genuine
399db681-dc01-4453-b8ea-bf1b5d37509d,ACC49371FEA,41.48,0.371,0,0,8,fuel,0,genuine
9724785e-1cf9-4168-9c42-bc420ddb73a0,ACC485CBED1,137.07,0.997,1,0,8,entertainment,0,genuine
7714634e-3022-466c-8e33-d3c6bb70e55d,ACC8AB20DFB,22.37,0.996,0,0,4,online_retail,0,genuine
19457c4e-8242-4b94-bfc2-3834cc041237,ACC6BDA8076,156.72,1.04,0,0,7,online_retail,0,genuine
ee6f2ee8-f5a4-4196-b258-4c5745cd5f34,ACCE6F8D6D0,162.09,0.814,0,0,2,electronics,0,genuine
379a45bb-76be-4716-b30e-b07a1529b63c,ACC40162BF5,86.87,0.889,1,0,22,grocery,1,foreign_location
f95d40e5-f8cf-4803-a0ee-0398dc91a5e7,ACC0AAC82C2,37.58,0.39,0,0,8,travel,0,genuine
46412f7d-5494-4517-a9b8-b62e3c460ed9,ACC295CE380,328.43,1.67,0,0,21,grocery,0,genuine
6cf37d5d-3bcb-4b0f-a203-875b1f4dce10,ACC1584D2D9,162.33,0.994,0,0,0,electronics,0,genuine
904398f9-ff59-465b-a7a0-967f308e4d7c,ACC5952E61B,204.6,1.125,0,0,10,fuel,0,genuine
87de3072-c2e5-4685-8292-edc73c293226,ACC98A8E15C,144.51,1.2,0,0,22,grocery,0,genuine
fce94bd4-607f-4815-a1c3-290629971257,ACC001030F5,165.8,0.889,0,0,12,entertainment,0,genuine
65d8a2d0-bfd3-48b0-b890-fbb45c2c0776,ACCBE9782ED,117.72,0.872,0,0,13,travel,0,genuine
6f3c9f64-1937-455b-bf85-fb7f6f6affdc,ACC8D51567D,83.96,0.985,0,0,17,grocery,0,genuine
2d3a3688-57f9-4a77-b05d-b8cb3923eb37,ACC55972CEC,64.7,0.414,0,0,13,online_retail,0,genuine
48050f9a-63ef-4aca-9b91-f6f780016a72,ACCC7DF1C25,109.04,1.248,0,0,14,travel,0,genuine
225fc11e-ec88-45ee-9ae1-537a59b1a5e5,ACC0E90F901,116.32,0.664,0,0,6,grocery,0,genuine
6b33cad1-99cc-4ad4-8a1a-5cbc425400f4,ACCDFFD27ED,73.54,0.888,0,0,15,utilities,0,genuine
20262bcc-819b-4015-9a17-55a1581c2e57,ACC051D694E,59.02,0.81,0,0,1,restaurant,0,genuine
d05b210b-bca0-4658-bb79-9b034d32892a,ACC34FD0AB8,31.19,0.995,0,0,17,travel,0,genuine
fce4afc2-cf66-4059-a790-a6c1af38e7e0,ACCAB52E977,117.91,1.156,0,0,0,travel,0,genuine
eae7ada1-9192-4367-8481-17d6c01c58c5,ACC37920886,140.3,1.255,0,0,6,utilities,0,genuine
154d2553-4038-40d8-907c-849b675c039a,ACC3D0FD592,139.15,1.27,0,0,13,restaurant,0,genuine
65719283-f66d-4994-ac61-9f43ee7647bf,ACCA56E2DAF,89.96,1.056,1,0,12,restaurant,1,foreign_location
3e06b309-d6de-44bc-9d80-5c7742b63e15,ACC4D610E4D,31.69,1.139,0,0,11,utilities,0,genuine
7128ab47-be94-4ce5-acac-4b19e1381c1b,ACC51CC8D6D,368.44,6.298,0,0,17,online_retail,1,huge_amount
9ac3165b-59dd-46a9-865d-953d3e8db14e,ACC75F5AFB9,41.13,0.943,0,0,9,fuel,0,genuine
fd59a010-4ea2-43ab-ac7b-b22f989e6f8e,ACC18319CF0,78.53,1.313,0,0,20,travel,0,genuine
9e96f974-9e88-4a2e-add2-7bf19351fa41,ACC56C616C1,78.09,0.771,0,0,3,electronics,0,genuine
21567a30-b38e-47e4-8c16-39dc3abce34f,ACC68FE0D56,180.5,1.228,0,0,4,grocery,0,genuine
b712abdf-ed34-448b-84a7-af5b13584388,ACCFD91D323,117.4,1.256,0,0,11,online_retail,0,genuine
27b50589-6575-4324-a5ba-cea9a4a182a5,ACCFF0D087A,253.61,1.374,0,0,7,electronics,0,genuine
650db43c-83ab-4b1d-adc2-d5fc00767efd,ACC7A03D049,43.03,0.866,0,0,4,utilities,0,genuine
1ad3c6c8-24fa-4329-a0e0-3d24933789d2,ACCD07853CF,109.17,0.89,1,0,18,grocery,0,genuine
94f75386-3527-4b2c-871e-eb31a681800f,ACC317B2615,117.75,0.653,0,0,16,entertainment,0,genuine
cf430171-c53d-4d1e-a3eb-064f4c360afa,ACCC7DF1C25,51.58,0.59,0,0,9,electronics,0,genuine
25e2cd61-cf5d-4c4b-83a9-cbed26e2d769,ACCC2B19390,457.64,2.881,0,0,9,restaurant,0,genuine
42cb0a2a-93ae-4f4e-84dc-534a4832f845,ACC75F5AFB9,48.46,1.111,0,0,16,travel,0,genuine
55b1106c-db38-40d8-88d3-37b6fde1e028,ACCB4BE454E,167.91,1.049,0,0,20,travel,0,genuine
64d7bba7-c565-453b-bd12-a66cdfe8c870,ACC4D610E4D,31.44,1.13,0,0,18,electronics,1,stealthy
7541ae27-ca98-45ac-81dd-8d8c3a10fdfe,ACCA6791AA0,124.5,1.248,0,0,10,electronics,0,genuine
80ddc7cb-cf31-4e90-9b56-86c602e1db14,ACCC7379D88,131.57,1.268,0,0,16,electronics,0,genuine
f9f9055b-fcea-4cdf-86e0-5aeebb6462c7,ACC7D7424A6,54.05,0.913,0,0,20,travel,0,genuine
988f0e1e-a09f-4492-ad55-534f3ec6522f,ACC146CFDB2,414.72,2.873,0,0,22,restaurant,0,genuine
640c6cad-cd01-43c2-b117-ef6878f00033,ACC146CFDB2,211.25,1.464,0,0,0,electronics,0,genuine
8cdaee8e-6e9a-477e-bd3a-b3415910b279,ACC55E9D122,65.71,0.808,0,0,10,online_retail,0,genuine
734ad07f-969a-4b06-b12b-39ebd19b3de4,ACCF8A2CF4C,66.09,0.647,0,0,7,electronics,0,genuine
02e9e476-1a05-42f0-9694-4bef1b2a1c58,ACC69F86FC2,171.7,0.926,0,0,0,utilities,0,genuine
f9d3b273-7a06-445b-83d5-5ef52de22650,ACCB8201BFE,327.48,3.129,1,0,7,fuel,0,genuine
48398552-ef99-4c92-8288-12f7e54a16f6,ACC71F2BF15,44.92,0.478,0,0,8,utilities,0,genuine
35b80518-91d4-47e5-985a-a382df8ddab7,ACC6993E5A7,58.56,0.587,0,0,3,online_retail,0,genuine
42fe4b2a-4a8f-4009-b51d-6aa19227948f,ACCD06EC9E8,34.68,1.052,0,0,22,grocery,0,genuine
0d80eb6f-d25e-46d3-b3e5-194f3a57b787,ACC257866E9,149.16,0.92,0,0,21,restaurant,0,genuine
7673580f-4b48-45d1-a7b1-4d9534f97633,ACC049C6980,90.5,0.556,0,0,2,online_retail,0,genuine
58189440-665d-41d3-8a16-30638871f183,ACC604B3540,41.69,0.263,0,0,14,electronics,0,genuine
0a7571ba-0dd4-4bf7-b696-e1ea9847b240,ACC209F2457,102.28,0.547,0,0,9,utilities,0,genuine
9540fbba-f9db-4b0d-a143-7c5abd60ed95,ACCAF2FECB8,18.91,0.273,1,0,9,restaurant,0,genuine
856f874e-b1a4-49bf-a843-5a0f6accf3fc,ACC42229380,88.49,0.916,1,0,10,restaurant,1,foreign_location
6a55b0e9-dd98-4383-815f-f52306e297b3,ACCC1DD744F,65.01,1.141,0,0,23,restaurant,0,genuine
10178a06-c737-434a-83b6-53fc6c21c7f2,ACC209F2457,232.74,1.244,0,0,6,entertainment,0,genuine
72c40a71-0f63-45e4-be71-21046fcbd765,ACCAD413A31,181.21,1.059,0,0,21,restaurant,0,genuine
a0dd3347-4d74-4789-a37a-e1bb2ea4a8c6,ACC55E9D122,98.97,1.217,0,0,6,entertainment,0,genuine
19bce232-7403-47ec-b389-1605439ba212,ACC18680C85,102.66,0.867,1,0,23,travel,1,foreign_location
7cd59a86-480a-4e56-864e-70d78472790a,ACC065617EF,239.66,1.251,0,1,3,online_retail,0,genuine
eb9bfe84-e25e-4d51-8541-abdfd312949b,ACC3A1439DA,168.09,1.036,0,0,11,grocery,0,genuine
5f832c4f-165f-4676-a080-aae2ab9e56eb,ACC30D0A6A0,175.46,1.094,0,0,6,fuel,0,genuine
a9db2da1-d138-4e91-8035-a855af986393,ACC4B968249,97.31,0.981,0,0,14,fuel,0,genuine
1f69fef8-fbf7-4588-983e-60660f34cfa2,ACCE6F8D6D0,270.73,1.36,0,0,0,electronics,0,genuine
610ae5a9-c1aa-446e-b959-978362bf5ed6,ACC0D26E623,34.98,0.854,0,0,22,restaurant,0,genuine
ed55cc71-5fae-4dac-a806-e1be59adea84,ACCB5426310,544.62,7.483,0,0,18,travel,1,huge_amount
6492e2cf-9f25-4187-aa8a-d2045ddf3c3e,ACC4B43792F,34.73,0.716,0,1,23,travel,0,genuine
88323fd0-91b1-4ac6-a62b-e2fc6472a22e,ACC792E1021,122.88,0.655,0,0,18,utilities,0,genuine
de2d68c0-596d-468b-ba4e-0dd037237a7b,ACCC6121509,20.69,0.956,0,0,13,travel,0,genuine
9c161c23-3cca-42d4-91be-13bd1117e181,ACCD99DF024,205.96,1.267,0,0,23,grocery,0,genuine
e5c6f7d2-ffb6-4316-90dd-6cc5224dcbfa,ACCE2B777FC,631.58,3.499,0,0,3,grocery,0,genuine
abdefede-7602-4b07-8daf-5537cb69fff1,ACC481A3694,140.63,1.148,0,0,21,fuel,0,genuine
017fb7a3-6c08-4c28-85f3-c4e0cf72d075,ACC2F2FD99E,67.78,1.01,0,0,2,online_retail,0,genuine
feebf771-0b29-429e-b824-f57c5ee1b73b,ACC57F1AD9A,129.81,0.709,0,0,3,entertainment,0,genuine
56b3e509-f0f5-46e8-84aa-b5ce00fbe9ea,ACC5E53E80D,98.21,1.098,1,0,9,grocery,0,genuine
9b311fc8-be70-426a-b4ca-2976f4f99b6e,ACC1FD41087,60.05,0.39,0,0,17,online_retail,0,genuine
15eec116-fbba-464b-9bc8-94148f15815f,ACCD77D289A,45.81,1.361,1,0,19,entertainment,0,genuine
de6fc980-a7de-4349-b570-13482bf8e224,ACC43CFC7DA,8.9,0.063,0,0,16,restaurant,0,genuine
72be94eb-c88d-4881-8b61-348878996118,ACC2C3FB42A,366.23,2.177,0,0,15,restaurant,0,genuine
bbb5deed-f869-4a37-8dd0-ef94db02f126,ACC724DAE51,33.01,0.978,0,0,21,online_retail,0,genuine
f8718fe4-cb8e-4086-826b-dd464852f500,ACCCFE42BC9,188.27,1.252,0,0,3,entertainment,0,genuine
f9acb989-f787-4226-9696-0ea59b3979ce,ACC1804DFBF,1213.61,6.26,0,0,6,travel,1,huge_amount
2e125270-b546-4a3b-883f-feb3be97f54d,ACC0E90F901,234.89,1.342,0,0,10,fuel,0,genuine
ca3176b5-fcb4-47b3-95cd-340e85b223f9,ACC145D3692,240.88,1.832,1,0,11,utilities,1,foreign_location
08ea5502-fa0f-4f4d-b4f4-362bc0c81031,ACC49371FEA,132.81,1.187,0,0,11,utilities,0,genuine
a19eb8c5-a5d4-485a-b4d6-dfde917b8c0a,ACC0E90F901,93.98,0.537,0,0,11,travel,0,genuine
e33c7713-faf1-4c74-a13e-aae4c02de096,ACC1FAB3F77,180.42,1.238,0,0,11,travel,0,genuine
079e25c2-04d7-4b73-9bf3-9375a29eecb9,ACCE2B777FC,162.27,0.899,0,0,6,restaurant,0,genuine
695f567f-93fa-4e91-8bf7-dbe8389fb7b8,ACCC1DD744F,479.53,8.417,0,0,17,online_retail,1,huge_amount
e439f456-eb1c-4988-b5d5-47fe01ddced9,ACCB743CAF9,182.05,1.076,1,0,0,online_retail,1,foreign_location
f5c92666-5845-47d8-a404-4294e850b989,ACC146CFDB2,140.59,0.974,0,0,4,restaurant,0,genuine
fcaf19c2-8835-4e9b-a4de-f3e3717ade71,ACC0FF13EC2,293.17,1.496,0,0,5,fuel,0,genuine
0e476da0-6425-4441-a282-d411fe27cade,ACCD07853CF,96.16,0.784,0,0,17,fuel,0,genuine
1376a78a-fb75-437b-97b7-72a667534aad,ACC5E8DD908,171.77,1.028,0,0,16,grocery,0,genuine
4dd3f4e7-8c46-49ca-acd6-1d49ebb0e00a,ACC18319CF0,45.38,0.759,0,0,12,grocery,0,genuine
01b4fd3e-70fe-4893-bb9b-6bc8aadd7f00,ACCA12ADE0C,67.86,1.241,0,0,0,electronics,0,genuine
1f47c346-fc13-4580-b869-a7a9302b019b,ACC6FF68307,280.57,2.47,0,0,14,travel,0,genuine
7cbea5e3-9713-4dc8-b184-d4afd120d0b4,ACC7661F9A1,50.71,0.877,0,0,12,grocery,0,genuine
a9f2408b-d3da-48f8-82fc-a7246f50af06,ACC57F1AD9A,137.97,0.754,0,0,11,fuel,0,genuine
e044cdef-0329-48f3-ba56-024e819c99d5,ACC6781637F,171.39,0.934,0,0,1,restaurant,0,genuine
ac692e09-34b7-4ca9-aa92-4c8d164b8998,ACCE4ED68FE,132.36,0.716,0,0,22,travel,0,genuine
91a62a6e-1406-48d9-bd37-798e2e62e989,ACC6FF68307,135.66,1.194,0,0,16,grocery,0,genuine
c0117552-b59c-4704-975e-6b70dbee560b,ACC6781637F,149.93,0.817,1,0,3,electronics,0,genuine
187a6d3a-1ee2-4b75-b54b-12cb12ce4d9b,ACC91469B41,36.57,1.858,0,0,10,travel,0,genuine
8807a90f-5ac6-415c-a66d-7137e53d4db4,ACC98A8E15C,122.37,1.016,0,0,5,grocery,0,genuine
5074fe9e-5cec-429a-92da-940ff11ef3d3,ACC317B2615,1702.02,9.436,0,0,1,restaurant,1,huge_amount
3522e5ea-9e7f-4b7f-afff-3842499202d0,ACC38C22FBD,135.39,0.76,0,0,21,entertainment,0,genuine
39fe803b-71be-4b95-8428-d02dd553685f,ACCEB67227A,128.57,0.703,0,0,2,entertainment,0,genuine
43b9d466-4927-424e-bec2-7bf2ac58ba99,ACCB70F3DBC,106.89,0.992,0,0,13,fuel,0,genuine
17a1a8d1-8ada-4c0c-9297-3ed62c24d466,ACCB8201BFE,52.19,0.499,0,0,7,fuel,0,genuine
242a9367-8ade-4ecf-a679-c926125d57e6,ACC9C6A7618,164.81,1.094,0,0,7,utilities,0,genuine
22917117-8253-4b7b-be6a-b1e21ca3056c,ACCBB625750,195.86,1.369,0,0,0,utilities,0,genuine
523f592a-37fb-431e-a710-e025c9805f1d,ACC22F5FFD2,77.66,0.798,0,0,1,grocery,0,genuine
92c6bbd4-25fe-4308-99d1-7445f4cdf947,ACCA1AE10E7,114.74,3.789,0,0,1,restaurant,1,huge_amount
0edfaa34-9e6b-48f0-b26f-95a45773ca68,ACC2F2FD99E,86.86,1.294,0,0,10,fuel,0,genuine
639e53a2-d588-4b82-b987-a61a04fccf3b,ACCA56E2DAF,81.17,0.953,0,0,14,travel,0,genuine
6063c654-c5bb-49d6-8e19-fdc30ce2b6fd,ACC6993E5A7,68.36,0.685,0,0,11,utilities,0,genuine
15c3cbf5-bf0e-4040-9ff6-28584562b7da,ACC94AF39FF,68.66,0.998,0,0,15,grocery,0,genuine
73b2889e-10ab-4c36-abc5-e0cfdf827f81,ACC42229380,124.09,1.285,0,1,0,fuel,0,genuine
bdb774ad-48e0-403c-83cf-30383479b14f,ACCE6F8D6D0,247.7,1.244,0,0,16,restaurant,0,genuine
c1188502-b071-4dd5-9c20-c60ce7644c32,ACC0A64ABBD,26.84,1.307,0,0,9,utilities,0,genuine
a0729ff8-0c5e-4810-b2d6-b28eb4669731,ACC2C3FB42A,135.33,0.804,0,0,22,online_retail,0,genuine
484df693-518b-42f3-80a1-978d40e1b0ae,ACC3A1439DA,179.81,1.108,0,0,19,travel,0,genuine
f09b5252-f462-4cae-ab15-c2c5be982eee,ACCC2C6420D,147.5,1.019,0,1,18,utilities,1,new_device
1a69097c-4e78-4f9e-9778-5115db819fd3,ACC08968071,238.16,1.305,0,0,6,restaurant,0,genuine
6e5f8f58-0e7b-4fd5-b40a-b7dabc9d659c,ACCBF96BF99,561.97,8.973,0,0,2,restaurant,1,huge_amount
af31bb7f-ee6f-4368-a4e0-776eec44ea28,ACC132E6B03,59.79,0.745,0,0,1,electronics,0,genuine
8ada29aa-4a9d-45cb-8a05-85f22657111f,ACC974EDF80,167.76,1.038,0,0,12,utilities,0,genuine
1996db3c-c8c2-4d13-baba-192abbeb3253,ACCCE9C4128,189.8,1.126,0,0,2,grocery,0,genuine
07a761b8-322e-4174-935f-2db4be2c99da,ACCB7261A19,213.57,1.19,0,1,22,grocery,0,genuine
33d9cac3-3909-47a4-9e6d-a73f321de37f,ACC6993E5A7,44.87,0.45,0,0,11,entertainment,0,genuine
3e4fbad5-bb02-45f0-adb4-6b74407346d5,ACCD8D566E9,223.32,1.343,0,0,5,entertainment,0,genuine
f038cc2a-136c-49ef-bed9-e022cd59bf38,ACC4B968249,105.99,1.068,0,0,9,online_retail,1,stealthy
83518d03-9604-4afa-a5f9-9cc2c7f30b15,ACC866E61C1,41.8,0.76,0,0,5,electronics,0,genuine
5295b6bb-87a6-4852-baaa-059f0f7acd0a,ACC0A64ABBD,35.65,1.736,0,0,9,electronics,0,genuine
e1bccde5-0834-4d01-a282-f73337d4f89b,ACC2227A7D6,178.37,1.311,0,1,7,online_retail,0,genuine
2754a45b-acdf-4fa2-9ec0-77f996bb6420,ACC6BDE26B6,12.34,0.331,1,0,7,electronics,1,foreign_location
55ec1ada-76e2-44c2-8336-b49ee8c8dec1,ACCD77D289A,24.99,0.742,0,0,2,grocery,0,genuine
2fb8a35d-8c15-44f3-a54b-4ce4aa6b1879,ACC834F38DE,308.55,2.944,0,1,11,restaurant,0,genuine
e7458b45-d18f-4e61-9a4f-aa24cb3f827e,ACCAFE32BE6,134.72,0.769,0,0,4,travel,0,genuine
03e328a8-ffc9-4db8-997f-fd2431f1fb10,ACCF8C437FB,185.4,3.916,0,0,21,online_retail,0,genuine
8bffeef4-65a8-425c-b03d-d44ddce20344,ACC4149DCC6,46.42,1.062,0,0,6,restaurant,0,genuine
05404b29-27a4-4616-980b-a0954554624b,ACC874BD617,129.07,0.953,0,1,2,electronics,1,new_device
0c161e34-5707-4d95-91d1-2342422e5b51,ACCC7DF1C25,86.07,0.985,0,0,19,grocery,0,genuine
015836ab-d133-409f-82e6-669b547e89ad,ACC6BDE26B6,46.63,1.25,0,0,2,online_retail,0,genuine
e227561c-fd80-4af1-a32d-94cd3d44e2d9,ACC482E81A5,21.08,0.865,0,0,21,grocery,0,genuine
16c7e78b-8c4e-4944-a472-98278195bc5c,ACCC2C6420D,203.43,1.405,0,0,19,entertainment,0,genuine
6f27e365-46b6-4438-98a1-86af5fff4ed5,ACC33790CF6,171.36,1.085,0,0,11,entertainment,0,genuine
17f3a42a-8ea5-4589-8a61-c0ef272e2fc1,ACCCF5314D2,214.45,1.291,0,0,14,grocery,0,genuine
8bd542c8-06b5-4a66-afe0-02651fda42a6,ACCFF0D087A,106.77,0.579,0,0,11,utilities,0,genuine
00183861-3135-448f-a194-e345a3f442b8,ACC636C58BC,126.62,1.173,0,0,19,electronics,0,genuine
de5a5989-a089-4a3a-ba73-984f1e7923a2,ACC863BB6E8,18.27,0.639,0,0,0,entertainment,0,genuine
f2a4e712-e3e5-4605-b152-583ef454786d,ACCB7FD1801,138.83,1.189,0,0,23,utilities,0,genuine
23800abf-fde3-4ace-8e3f-16b8ab9381f7,ACCD86300CA,250.76,1.45,0,0,21,fuel,0,genuine
e2ab654b-fbae-4e2e-bcc4-7c6ad224d29f,ACC482E81A5,36.13,1.483,0,0,10,travel,0,genuine
6a891f7b-7e04-41ac-a796-df69106f67f5,ACC4BCFE47D,471.13,10.891,0,0,17,travel,1,huge_amount
4d4ed0da-4ab3-4799-b5e0-3284a383b90c,ACC5F0A2EFB,39.24,1.369,0,0,22,restaurant,0,genuine
6b013085-77cc-4333-b6e2-d27e2cf221de,ACC7661F9A1,86.43,1.494,0,0,11,utilities,0,genuine
7be2d252-3460-40a5-a7a2-e28591fb3921,ACC8A097CC1,171.24,1.676,0,0,17,entertainment,0,genuine
a39b86bc-d791-49a2-8230-5a9371fa1b11,ACCFF0D087A,219.7,1.19,0,0,20,fuel,0,genuine
91cc351c-4f7d-4d9a-a139-7ce6806d9260,ACC17C90D98,225.37,1.212,0,0,20,electronics,0,genuine
1bd7e537-0cb3-459f-ab09-3684d35ebce0,ACC7D7424A6,44.91,0.759,0,0,18,grocery,0,genuine
3cbb3bb1-bd80-4c42-a27d-5dded7f6319b,ACCFF0D087A,227.92,1.235,0,0,21,grocery,0,genuine
246d45f5-6427-4356-85bd-b181b637a225,ACC001030F5,165.73,0.889,0,0,7,utilities,0,genuine
2b9fe978-df8b-4cff-b9f9-c9c79a4a5568,ACC476E30AF,29.84,0.63,0,0,19,travel,0,genuine
113e9339-6cfc-447e-ac88-cb84094b9e7b,ACC8CA0E9D4,111.92,1.169,0,0,21,electronics,0,genuine
e9b21c2a-cd60-4026-901a-8f496ba5ef91,ACC9D67E0D7,14.85,0.105,0,0,17,entertainment,0,genuine
7e12c63c-b8d2-4211-bb45-fc2110480a46,ACC5A2D2562,21.23,0.718,1,0,17,grocery,0,genuine
2f97fb05-aab3-4492-9ce5-50a31c7d5605,ACC5952E61B,212.34,1.168,0,1,13,utilities,0,genuine
7cb3d309-dc99-49fc-a4a3-ec3613191efd,ACC0AAC82C2,156.09,1.618,0,1,4,travel,0,genuine
fe830516-81b0-4390-9641-7e0be05bcd8a,ACC5F0A2EFB,23.37,0.815,0,0,13,entertainment,0,genuine
7bed6fc3-49a3-42d1-bc6d-aad655beff17,ACC71F2BF15,97.24,1.035,0,0,9,fuel,0,genuine
8c473c36-7bd1-4e97-a178-fa966e7e5d38,ACCF6D9DFAD,67.6,1.053,0,0,7,restaurant,0,genuine
0611fb11-a468-464b-a384-2ce12b4058e5,ACC0AADD547,145.52,0.904,0,1,17,travel,0,genuine
25355dcf-cfa3-413d-8494-df7a565a323d,ACCE7567526,113.2,0.66,0,0,17,grocery,0,genuine
029e5d29-063e-45f0-8053-46fff8445348,ACC4B968249,135.52,1.366,0,0,2,restaurant,0,genuine
5653acbb-beab-42b3-82d0-4e3b7da6ce44,ACCAA010F0A,36.73,1.128,0,0,1,online_retail,0,genuine
ed67dd3b-e130-4c19-a597-065e7b577370,ACCF8C437FB,39.72,0.839,1,0,8,entertainment,0,genuine
be408f12-cbb8-4163-a469-a9c128a348bf,ACC63E38219,109.04,0.965,0,0,21,entertainment,0,genuine
2218aa31-9dc6-473d-87ba-a79f929c5edd,ACCFEB51908,99.73,0.607,0,0,22,online_retail,0,genuine
d707f431-f5cd-4365-9337-5ad6ab735894,ACCD581D6E4,81.88,1.152,0,0,9,entertainment,0,genuine
dff16876-9afe-49f2-a28a-734e54f8d014,ACCE5159C95,158.76,1.26,0,0,21,restaurant,0,genuine
46fa929a-c12f-4d05-a959-a145e0beabfa,ACC0F82A889,444.69,3.021,0,1,2,online_retail,0,genuine
4167d26c-717b-4e64-9451-5bd626168f0b,ACCD06EC9E8,38.25,1.16,0,0,3,fuel,0,genuine
d89144db-c440-47ae-944f-77bc1a0bd25a,ACCAD413A31,153.8,0.899,0,0,18,grocery,0,genuine
70f5f1fc-9902-4fd5-b681-1abdb9e821ac,ACC0DB3A99A,101.96,1.113,0,0,16,fuel,0,genuine
81215129-4130-4ec9-bea6-3d50d20ec63a,ACC5E53E80D,134.45,1.503,0,0,21,electronics,0,genuine
c79dd3ca-f258-4d40-9aa9-7a62dfcebe83,ACCEB67227A,322.79,1.765,1,0,9,electronics,0,genuine
4742e8bb-32af-478f-811d-7078bcd75c48,ACCBCFB1EE1,19.33,0.873,0,0,21,utilities,0,genuine
0579156f-374b-4dfd-810d-891e13018060,ACCFD91D323,78.8,0.843,0,0,6,entertainment,0,genuine
23004564-9981-4dfc-83c6-39e265f0bc8c,ACCBDD4EB53,35.66,1.628,0,0,15,grocery,0,genuine
90501d84-f9e8-4b99-8451-fa89a7213394,ACC51CC8D6D,25.32,0.433,0,0,23,travel,0,genuine
cd3562ae-83ef-4822-947a-1220a1c225d8,ACC4B968249,124.9,1.259,0,0,9,grocery,1,foreign_location
9489495b-8bf5-4e14-b13a-5273e197e026,ACCBF96BF99,646.74,10.326,0,0,3,fuel,1,huge_amount
2321927d-0dca-4d1e-9558-ed255f9476b3,ACC0FF13EC2,250.31,1.277,0,0,21,entertainment,0,genuine
12a77bf3-0ae2-4b86-aa97-9250863eafe5,ACCB8B8E9BE,36.68,0.384,0,0,4,restaurant,0,genuine
401b3799-f69b-470c-9613-010726b1c984,ACC215BCCB8,30.58,0.708,0,0,19,fuel,0,genuine
91b109db-4d6f-45f2-9c98-f04054499a17,ACC295CE380,241.53,1.228,0,0,4,entertainment,0,genuine
64c6ac35-efd7-4807-8b83-fdd588ab5651,ACC94AFF365,62.75,4.02,0,0,19,electronics,0,genuine
49c56184-f2fe-4832-ba1e-e0f4dc8d032c,ACCBBEDED04,17.65,0.995,0,0,4,electronics,0,genuine
747292e5-616b-4418-af1e-bd4f74fc2432,ACC3B960C09,111.77,0.632,0,0,7,online_retail,0,genuine
49199093-d08f-45fc-8f22-ddef31e8688c,ACCE5159C95,202.33,1.605,0,0,3,electronics,0,genuine
840b8f3c-4dc0-413b-8576-208572263822,ACC22163AB8,123.83,1.441,0,0,23,travel,0,genuine
b3797da6-a653-43b8-8260-3278361b8d4f,ACC17C90D98,197.2,1.06,0,0,6,electronics,0,genuine
3b5e0f92-4424-4f7f-933e-b8f1364b95f4,ACCB582C3E4,78.06,1.136,0,0,13,electronics,0,genuine
9eaf11ae-ec32-46d0-8573-70ed238ca707,ACCF0ED3147,22.89,0.551,1,0,21,electronics,0,genuine
949fc907-72ec-4d2e-b6f1-8f4efb58423d,ACC18680C85,584.06,4.933,0,0,16,grocery,1,huge_amount
986ab9ed-0ac4-4875-a601-73fc49469d5e,ACC18680C85,87.27,0.737,0,0,11,fuel,0,genuine
2ba2dde4-2142-4738-8e32-b008c791b0ce,ACC4C275212,138.36,0.913,0,0,13,grocery,0,genuine
ef105bbc-81c1-492e-97fd-94ca3aaa7806,ACC4149DCC6,57.81,1.322,0,0,9,electronics,0,genuine
580cf739-2741-4d15-acf4-f85c29a07bbd,ACC47C1AE01,75.73,0.695,0,0,0,utilities,0,genuine
90ff0546-a2d1-497e-8e3d-0ee0831419c7,ACCB17AC2ED,38.55,1.213,0,0,5,utilities,0,genuine
d575a1e8-f7a0-4a02-864a-904ae7bf935b,ACC317B2615,231.21,1.282,0,0,0,grocery,0,genuine
ae7d33ad-3f28-4f91-a676-5e956b697774,ACCF0ED3147,39.57,0.952,0,0,6,entertainment,0,genuine
be187926-572a-4dd6-a99a-9a8fbcebef4d,ACC6BDE26B6,30.38,0.814,1,0,8,restaurant,0,genuine
6166118c-1550-4941-bba4-514d2dc78b54,ACC6BDA8076,206.45,1.37,1,0,18,fuel,0,genuine
f65fe715-0fd0-4fc9-8069-b29cc3f22ec4,ACC8CA0E9D4,118.94,1.243,0,0,12,fuel,0,genuine
b506fd2a-bbe1-4737-8351-b1f5eda2cd12,ACC4B43792F,182.98,3.773,0,0,17,grocery,0,genuine
498d8d89-c079-45cb-826a-0d7709b39d6c,ACC065617EF,226.93,1.185,0,0,22,fuel,0,genuine
6d8ee750-e5d7-40af-89be-07a822a54c0c,ACC434FD0BB,110.46,1.62,0,0,17,fuel,0,genuine
7eb633d9-da2e-4a65-861d-98f59b19c0a9,ACC5E35C0A6,241.37,1.723,0,0,4,electronics,1,stealthy
f9f59df3-47e8-4676-a630-e9e2effa8941,ACC51CC8D6D,54.17,0.926,1,0,3,travel,0,genuine
43ad5faf-9326-4228-a773-1c963de143a9,ACCFD91D323,582.97,6.237,0,0,20,travel,1,huge_amount
1942d3d0-2a7e-4b05-a6d5-f7295a190236,ACC16193C5E,96.85,0.914,0,0,8,entertainment,0,genuine
695abda9-8b82-4777-8ca3-4b543515c1a6,ACC2F2FD99E,56.23,0.838,0,0,23,grocery,0,genuine
e6ee7c67-f82b-44aa-9dcb-f36ea256ecfe,ACCCFE42BC9,450.0,2.993,0,0,13,fuel,0,genuine
fd9af992-ce05-4ccb-8bcd-aef51b41be92,ACCEE57AC5C,179.9,1.47,0,0,11,restaurant,0,genuine
a486c7f0-ed47-48b4-aec5-f158eb92242f,ACCE7526B0F,1436.69,9.599,0,0,22,grocery,1,huge_amount
3f43faaf-9198-464f-842b-2e99e328adb7,ACCA9BDD42B,97.73,0.632,0,0,4,travel,0,genuine
c43f5faa-f19c-42f1-8542-7138ff2f95ff,ACCAF2FECB8,48.42,0.698,0,0,17,entertainment,0,genuine
3480afa8-4a31-4101-a23b-6b5aea5c0941,ACC67FED836,58.91,1.546,0,0,11,online_retail,0,genuine
6672d86f-449b-4971-97d9-87590df7a6e8,ACC360FB49F,57.49,1.522,0,0,4,entertainment,0,genuine
5c10d4e3-837f-4ca4-b556-daaf8292aa91,ACC8AC68D4A,202.33,1.073,0,1,10,restaurant,0,genuine
ff31a999-b32e-4c12-839f-43ca9cc3fc68,ACC44706969,101.67,1.257,0,0,3,utilities,0,genuine
b7b8a4b8-54a5-4327-8778-01dfa3644b1a,ACC2BCDCDD4,67.86,1.395,0,0,13,restaurant,0,genuine
6ea72474-cfcd-47ec-bad5-c18869700456,ACC47DBDD62,106.24,1.039,0,0,9,grocery,0,genuine
61f7dfdc-11a7-4487-a066-5a5797d1b2e3,ACC792E1021,215.09,1.146,0,0,18,restaurant,0,genuine
1b0d70d2-aec4-4ddb-9a7f-680564373d5c,ACC400342D2,72.58,1.268,0,0,19,travel,0,genuine
1b4d94df-381d-4d0a-a396-d42efb7d0752,ACCBCFB1EE1,17.0,0.767,0,0,11,utilities,0,genuine
89a8122d-613e-4a69-b9a6-92d7d0ab6c13,ACC63E38219,138.83,1.228,0,0,17,entertainment,0,genuine
5dd58f2e-0e6a-4555-af0b-644b33d4a37b,ACC71F2BF15,94.77,1.008,0,0,22,online_retail,0,genuine
de1ef298-1ab6-4f1c-a33a-7d87726feb49,ACC15045FED,2000.03,10.076,0,0,14,grocery,1,huge_amount
14157825-859c-4090-998d-f85a3d946136,ACCCDE6737B,78.81,0.689,0,0,0,restaurant,0,genuine
b768206c-7239-4f86-aec6-18374dbe7838,ACCA56E2DAF,119.95,1.408,1,0,10,electronics,0,genuine
6f2f08ce-5f04-4406-8908-195c7668c4f4,ACCD81E32FD,49.44,0.947,0,0,8,grocery,0,genuine
f093d957-120c-4b06-a20e-ac55971800ab,ACC6755B550,32.35,1.07,0,0,9,fuel,0,genuine
e316737a-e673-4d00-a014-752ea1163cc4,ACC936198A9,97.1,1.261,0,1,10,utilities,0,genuine
26890a7b-f34c-4300-99fd-d0c2e1352dc7,ACCCB6BC567,58.82,1.238,0,0,12,travel,0,genuine
c38291b4-9b57-4403-8cc3-23e4df1b2efe,ACC075F7E93,69.49,0.634,0,0,5,restaurant,0,genuine
323ba2cc-d7b7-457f-b3da-edf6735289ca,ACC080F4BCF,65.2,0.617,0,0,19,online_retail,0,genuine
aff2b3b0-118c-40d6-bad2-0fd44f642755,ACCB58647E8,74.55,0.851,0,0,13,fuel,0,genuine
14b0a46a-790c-44ed-8ff9-3a374d381497,ACC792E1021,136.23,0.726,0,0,12,utilities,1,stealthy
e586dd9c-a414-4c50-b41f-c87e6e3f63d2,ACCFABA81CE,192.09,0.975,0,0,18,travel,0,genuine
a17e9265-a021-45ec-9619-71b2bc74063a,ACC6A7B8E91,151.55,1.046,0,0,7,utilities,1,stealthy
eaa680b9-eaa8-4980-bbec-5987a7c91391,ACC59EA8486,253.65,1.623,0,0,1,online_retail,0,genuine
44070408-282f-4464-8f8e-3d99a980abf7,ACCBDEED3A1,20.88,1.342,0,1,8,electronics,0,genuine
1e0f5094-294f-4ee3-8811-87976d321e96,ACC8CA0E9D4,89.56,0.936,0,0,9,travel,0,genuine
07e8c913-0242-4998-a022-366b955b8c03,ACCBDEED3A1,19.73,1.268,0,0,20,travel,0,genuine
481080e3-8fed-4291-92c7-a71f2f01cdf0,ACC95B54780,165.25,0.906,0,1,16,online_retail,0,genuine
7b1e24bb-ed4b-4add-8224-d16e56f0b29f,ACC5E53E80D,95.79,1.071,0,0,16,grocery,0,genuine
67658f40-3152-4376-8c63-201106141cfc,ACC40162BF5,91.29,0.934,0,0,1,restaurant,0,genuine
b881d057-c2c5-4f32-847e-386775b2b624,ACC790525E5,155.63,1.154,0,0,0,grocery,0,genuine
aa59c15b-0a5f-4b41-bf3c-f71bbc91787c,ACCE5159C95,122.64,0.973,1,0,15,grocery,0,genuine
5610c0de-63bf-467a-8873-380a40db6bd3,ACC38828645,28.23,0.984,0,0,6,restaurant,0,genuine
5d788f48-92d3-4c3f-9e64-550e4e3c324b,ACCB70F3DBC,64.85,0.602,0,0,15,restaurant,0,genuine
11cd804b-c580-44ed-a3c9-7db627f3cd05,ACCF8C437FB,58.62,1.238,0,0,15,restaurant,0,genuine
505be946-4017-491b-8554-ed2e51b80eac,ACC38C22FBD,152.91,0.858,0,0,21,utilities,0,genuine
3ad927cb-5936-43df-a038-a3290bf642ab,ACC67FED836,68.41,1.795,0,0,2,electronics,0,genuine
e4b66399-0dfc-4b3a-ad69-f0c8eaf4b214,ACCB3D946C7,264.77,1.462,0,0,22,grocery,0,genuine
7d064026-3085-42e2-9de6-f0daa16ceec1,ACC874BD617,101.29,0.748,0,0,16,travel,0,genuine
29e77b14-fd55-4f6d-9c69-d09999973564,ACC42229380,207.2,2.145,0,0,17,restaurant,0,genuine
262b4e2c-3cc1-4c19-bf26-b7bd2c63dfc1,ACCD77D289A,23.51,0.698,1,0,10,grocery,0,genuine
b540cc0e-f6e5-4d63-91c2-e43de2e63b9d,ACCF6D9DFAD,35.72,0.556,0,0,13,travel,0,genuine
6e503fa7-e0aa-4df1-9a2d-2b7e399fd6da,ACCB6304D6D,184.05,1.155,1,0,22,electronics,0,genuine
e8fc548e-0f9b-4ae5-816f-f6e9c5bf128a,ACCF3D6177F,14.78,0.836,0,0,2,restaurant,0,genuine
c992f42d-3cb2-4a44-b292-65b48f66f5cb,ACC73A1A864,24.87,0.301,0,0,3,grocery,0,genuine
3e9a38a3-9dc6-4336-bdc7-75f1c3e20287,ACCA3383ABE,236.18,1.205,0,0,14,restaurant,0,genuine
4ddbcc7e-5a45-4b23-8b89-1ee94def6dca,ACCA1BB6B6C,149.44,1.12,0,0,11,electronics,0,genuine
16d3f3fb-cea9-46d4-a856-9bf44138245b,ACC67FED836,50.56,1.327,0,0,8,travel,0,genuine
4423ce1a-e5a4-4f3a-9594-39d486b790df,ACC028C6BF2,68.57,0.624,0,0,19,restaurant,0,genuine
70404678-4f22-4b61-b6da-3ae697e88e21,ACC8A097CC1,116.19,1.137,0,0,15,grocery,0,genuine
c1f8d9f1-0058-4ba9-ac93-a0ca0049f6fd,ACCB4BE454E,180.05,1.125,1,0,16,travel,0,genuine
c392a8b5-92d7-4a8c-86f2-4bcc9b36fc20,ACC8AC68D4A,153.09,0.812,0,0,0,electronics,0,genuine
d3f1b28f-7a64-444c-8aa8-ba7390eed699,ACC1FAB3F77,75.08,0.515,1,0,8,utilities,0,genuine
bd92a525-6819-456e-8269-7e5aaaafe129,ACC8D51567D,62.27,0.731,0,0,16,electronics,0,genuine
d49be3a2-19f4-4211-8c72-31bd08309b9b,ACC73A1A864,73.16,0.887,0,0,2,fuel,0,genuine
eb3f747d-a2b2-455e-8f61-c4ae570832e8,ACCEECD14C8,62.6,1.449,0,0,9,restaurant,0,genuine
cca04ac8-bb63-493d-9fdb-fe37fc113a84,ACC4149DCC6,52.8,1.208,0,0,14,fuel,0,genuine
301faf18-e3ab-4e7a-a2f5-f6302c719f6a,ACCAA36AA07,69.1,1.366,0,0,7,electronics,0,genuine
7aa0b0f9-00fa-4b38-8b9c-9846ace867d7,ACCB5426310,82.11,1.128,0,0,5,entertainment,0,genuine
a27fa031-0cde-474c-9605-f5e9a822e0c1,ACCEE57AC5C,75.75,0.619,0,0,15,utilities,0,genuine
c6cf4b6c-1320-4f61-a798-3e523d7b806f,ACC257866E9,8.18,0.05,0,0,23,restaurant,1,stealthy
5ff50a9f-d091-43d6-88c4-c43f71f61607,ACC2C848FF5,137.77,1.19,0,0,22,fuel,0,genuine
81302ed8-ec62-459c-868b-b7632542c38d,ACC6BDE26B6,49.37,1.324,0,0,9,travel,0,genuine
adfbc405-af54-44e1-bda0-b087079236fb,ACC7D30696A,105.89,0.63,0,0,16,entertainment,0,genuine
6a0ff82a-7a6e-4ec2-a431-2515536ef1de,ACC72FC33FB,101.81,0.765,0,0,1,restaurant,0,genuine
a50f260c-7dba-429f-ade3-13e491e1060e,ACC0E90F901,162.33,0.927,0,1,15,fuel,0,genuine
b0debb8a-5780-400f-94ae-ec54746e4b31,ACC6755B550,42.34,1.401,1,0,4,electronics,0,genuine
94ed2871-c536-43b4-af6a-b70f9b89f11d,ACC028C6BF2,54.42,0.496,0,0,21,utilities,0,genuine
c0e97fd7-c9db-4b31-819f-870f36b9d8fa,ACC0D26E623,51.07,1.247,0,1,13,online_retail,1,new_device
993509d1-8dc1-411a-9a9a-23cad205f230,ACC8B3F5DD0,93.11,1.075,0,0,11,fuel,0,genuine
7aa7834b-6822-4b7f-adec-26bbb3555014,ACC0E90F901,305.55,1.745,0,0,23,entertainment,0,genuine
5ce3c596-1b7d-487c-88f8-be80b4e3163d,ACCEE4C8042,97.49,1.149,0,0,13,entertainment,0,genuine
1d260677-0573-4703-a10f-fbe32bafe4ce,ACC936198A9,81.29,1.055,0,0,3,online_retail,0,genuine
7d4583ed-b33f-463d-8216-1e1c284f39b7,ACCB17AC2ED,38.03,1.197,0,0,7,utilities,0,genuine
77ed05e3-c958-4712-af4a-eddf067b8ab1,ACCA12ADE0C,74.36,1.36,0,0,8,entertainment,0,genuine
86990229-a85c-46a3-bd9f-c4a17a4a466a,ACC8CA0E9D4,84.69,0.885,1,0,3,restaurant,0,genuine
dc1ee640-8693-430d-9747-b7b0fda33839,ACC4B9B991E,125.3,0.837,1,0,2,fuel,0,genuine
dcc14bc7-898e-47aa-992e-41bcd8851620,ACC819391A9,39.98,1.03,0,0,15,travel,0,genuine
2daba067-34a3-4c03-a31e-e9e7656471ee,ACC065617EF,157.08,0.82,0,0,17,online_retail,0,genuine
b0530323-013a-4ad0-ac4c-98ac309b7471,ACCE5F859C3,14.74,0.289,0,0,21,grocery,0,genuine
d73d2b0e-6efe-4621-9497-2df2a1e73129,ACC4B43792F,221.92,4.576,0,0,20,restaurant,0,genuine
212de602-574c-49ca-b6eb-32b28dde1ce5,ACC1804DFBF,198.35,1.023,0,0,18,online_retail,0,genuine
29c32bd6-b4b2-47e0-88ec-e0391eff1182,ACCE5F859C3,51.24,1.005,1,0,8,travel,0,genuine
80b4ced2-1135-4652-ad51-a790117cb1ec,ACC8A097CC1,54.65,0.535,0,0,9,entertainment,0,genuine
be8c7809-6335-4e05-a998-1ca15408af1c,ACC0D26E623,34.54,0.844,0,0,20,electronics,0,genuine
bb56d098-0b82-44c5-9059-fb7909942732,ACC8CF8E85D,141.73,1.488,0,0,22,online_retail,0,genuine
75a99442-dada-404d-a471-f14a85c83a89,ACCB7261A19,1501.98,8.366,0,0,18,utilities,1,huge_amount
9d58f2f1-7144-4d6f-9d82-b136fb70d41b,ACCC742C7D6,50.56,0.711,0,0,13,travel,0,genuine
4bb56445-a7b3-4c79-a3bc-62e0e7b857e7,ACCC2B19390,164.19,1.033,0,0,2,restaurant,0,genuine
0a484ed4-da1b-42b7-a809-015384627f78,ACCBCFB1EE1,14.67,0.662,0,0,2,restaurant,0,genuine
9911165d-c472-4895-861a-c5e5e60c9e3d,ACC52E63E8E,323.75,4.602,0,0,9,entertainment,1,huge_amount
972c56f3-46f1-4bea-ad41-77127ed6d3b6,ACC8B3F5DD0,16.12,0.186,0,0,18,utilities,0,genuine
a91c4885-9927-4caa-a56b-22320a84eaa1,ACC4B968249,115.58,1.165,0,0,13,online_retail,0,genuine
b85fb7fc-64e9-49b7-b9eb-ef5981c0166b,ACC18319CF0,50.49,0.844,0,1,20,grocery,0,genuine
bbfd65bd-3f96-4504-adc8-8e9d49e26194,ACCD07853CF,107.1,0.873,0,0,22,grocery,0,genuine
cc2018a8-6dd1-4755-a9fa-c9626ea355d0,ACC77B9597C,86.87,0.54,0,0,11,fuel,0,genuine
24e22b84-793e-439a-883d-525c9230a11b,ACC5E35C0A6,158.37,1.13,0,0,6,grocery,0,genuine
0ee68509-f353-4fff-9d42-3421208e440e,ACC5A2E3A6E,146.36,0.782,0,0,17,travel,0,genuine
cfb9be95-df0b-4e2f-8231-9527a57e8213,ACCA3383ABE,329.52,1.681,0,0,4,restaurant,0,genuine
d09bcfd8-7126-4952-b227-a398ced050d8,ACC89FB4304,78.04,0.785,0,0,9,fuel,0,genuine
8e66e12d-2790-4875-9393-9e6a00b0cca5,ACC434FD0BB,71.2,1.044,0,0,10,electronics,0,genuine
85a3161d-552d-4ff0-af9b-6325b8c3e639,ACCAB52E977,39.7,0.389,0,0,2,utilities,0,genuine
20c14d64-0345-4b1d-868a-afab3d127321,ACC56C616C1,90.45,0.893,0,0,10,online_retail,0,genuine
ef4273ea-4845-46b8-9376-b38eee40692a,ACC2227A7D6,137.96,1.014,0,0,21,electronics,0,genuine
bb3b907d-1824-498e-8a26-135e784af337,ACC9C6A7618,113.02,0.75,0,0,22,grocery,0,genuine
68a5c74f-2cee-477b-95ee-8ef62df96638,ACCCF10A3E8,28.81,1.264,0,0,12,grocery,0,genuine
26d8f4c6-5259-4b8c-88cb-446fa5850fdd,ACC1804DFBF,56.91,0.294,0,0,1,restaurant,0,genuine
3dd6e41c-5db9-403c-966e-0bf759abe4fe,ACCB3D946C7,169.85,0.938,1,0,10,travel,0,genuine
434bd809-5006-43e1-9589-ea6cc64c39c1,ACC67FED836,48.95,1.284,0,0,20,utilities,0,genuine
4f87ea90-d403-498e-a48c-ac61e95c7a5a,ACCB58647E8,130.72,1.492,0,1,5,entertainment,0,genuine
df8220f4-79fa-4de9-ad93-169cee9df7bb,ACC145D3692,117.13,0.891,0,0,5,travel,0,genuine
42399bfb-2ad8-4859-86cb-2d2fd2196030,ACCAA36AA07,37.54,0.742,0,1,13,fuel,0,genuine
4223bf50-ef15-40a3-9670-01c891de5ae7,ACC55972CEC,112.29,0.718,0,0,14,restaurant,0,genuine
ed873eae-5f08-43b5-9203-5a5ef70407b8,ACCC7CCB237,121.42,0.985,0,0,11,online_retail,0,genuine
b265dd7a-45bf-45bf-92a5-914cfa2db0ea,ACC47C1AE01,94.84,0.87,0,0,7,travel,0,genuine
7b35a8f4-2fc7-4402-9ec6-9c7a6724ca2c,ACC7D30696A,156.76,0.932,0,0,4,fuel,0,genuine
bbd81203-7c50-45cf-807f-20d14bf6d2f1,ACCCB6BC567,59.67,1.256,0,0,7,utilities,0,genuine
dd6194ba-9c7c-4931-948f-788780a6b0ca,ACCCF5314D2,99.56,0.599,0,0,9,electronics,0,genuine
08092b01-9c49-4b91-8918-3fe30c31787d,ACC2F2FD99E,94.3,1.405,0,0,8,utilities,0,genuine
8533fd21-edd0-4314-9097-55966715d580,ACC8C663F70,144.57,0.837,0,0,4,grocery,0,genuine
920f80f8-24db-4f52-9a00-60d33ffb76bf,ACC5A5853FB,187.74,0.969,0,0,17,utilities,0,genuine
93f7497c-cb90-44c1-9a9d-2c0c21da450f,ACCEE4C8042,68.41,0.806,0,1,8,entertainment,0,genuine
f4600b89-99d1-49e7-b6b2-c14649990f8c,ACC68FE0D56,129.07,0.878,0,0,0,utilities,0,genuine
35e6b504-3ebb-466d-bd27-06aafb43bbf7,ACC592716F0,70.83,1.195,0,0,13,online_retail,0,genuine
cbd23c18-ac99-4f0f-abcd-7d49d1e3a2bb,ACC9CC4C0D9,121.43,1.741,0,0,21,restaurant,0,genuine
caa555b7-655d-4874-9df7-7e9d74173635,ACC5E8DD908,123.05,0.737,0,0,21,fuel,0,genuine
7adb7c4d-8372-48c7-935d-9eaa85474211,ACCD9089858,45.63,1.031,0,0,7,utilities,0,genuine
aae6f507-91d8-4041-bc6a-2cddb5473fe2,ACC834F38DE,112.57,1.074,0,0,1,online_retail,0,genuine
a5b2d973-2241-439c-94b5-ebb05d43b5cf,ACC42229380,92.69,0.96,0,0,2,restaurant,0,genuine
4f275984-5800-4a59-81e2-fd5944358f69,ACC40162BF5,96.26,0.985,0,0,15,electronics,0,genuine
c80d7f81-49a2-4e70-8b3f-a6fa59eb6299,ACC7F584589,89.97,1.209,0,0,7,entertainment,0,genuine
3b48798d-e75b-4706-8b7f-f6a262aa9fd1,ACC82566958,107.32,1.051,0,0,18,electronics,0,genuine
05faba97-c7f6-41e4-a199-f9f2ffe5ac68,ACC257866E9,138.88,0.856,0,0,11,entertainment,0,genuine
0fc9ade4-0edb-4b51-8021-d8cbd5c072de,ACC6FF68307,137.3,1.209,0,1,21,electronics,0,genuine
b4de3642-059a-4f7b-a5cb-a6fe86b4de1a,ACC2AFF62BB,212.28,1.401,0,0,17,utilities,0,genuine
1c836360-5629-45bc-867d-046f6034da26,ACC52E63E8E,90.3,1.284,0,0,1,utilities,0,genuine
199638be-2bb5-4605-adb4-95a98cfe676f,ACC22F5FFD2,109.02,1.12,0,0,10,utilities,0,genuine
be2aabfe-0936-423b-805e-add660cb823f,ACC55972CEC,135.8,0.869,0,0,7,restaurant,0,genuine
63c7c1a9-3eae-44ff-908d-32d6a4aa8221,ACC5ECECCC8,19.12,1.127,0,0,0,fuel,0,genuine
8f6f4f71-1a25-4dad-a159-b81b3ae8532b,ACC1A07891C,229.33,1.655,0,0,10,restaurant,0,genuine
330fe22c-bd5c-4fe9-8671-bc1b1a579db6,ACC9CC4C0D9,58.12,0.833,0,0,16,entertainment,0,genuine
f3b48c70-1201-401e-8d4c-3f24a3d46aee,ACC636C58BC,127.33,1.179,0,0,3,entertainment,0,genuine
0efe2683-fbce-4561-9d08-e60a22100b24,ACC434FD0BB,70.64,1.036,0,0,1,electronics,0,genuine
66ba23f5-c7b0-4330-8dee-150037b638f6,ACC8CA0E9D4,79.42,0.83,0,0,14,entertainment,0,genuine
02524c91-2e13-41b3-96f2-d7a6a5b176bd,ACC7D7424A6,49.99,0.845,0,0,14,restaurant,0,genuine
c5932f29-bb31-4e36-b527-312d2548fc40,ACC44706969,63.17,0.781,0,0,23,grocery,0,genuine
3b5e60cc-05b7-4a9b-962d-5903b7011e66,ACC3A936184,139.17,0.927,0,0,7,fuel,0,genuine
ee7addfd-c053-4a73-8cf9-c824b71f01c6,ACC18319CF0,60.81,1.017,0,0,18,fuel,0,genuine
711726dd-b3f2-4785-b8eb-4645837541b1,ACCE6F8D6D0,180.49,0.907,0,0,9,grocery,0,genuine
0add381a-e660-4327-a1d3-9fa71a2d8911,ACC08968071,102.99,0.564,0,0,12,fuel,0,genuine
492feaf5-e206-4d59-b9e5-6d3dbcd9085c,ACCC6121509,27.09,1.251,0,0,22,restaurant,0,genuine
219f18cd-269b-4233-8e2d-c8db9d5d3903,ACCA1AE10E7,34.3,1.133,0,0,13,fuel,0,genuine
4df532e9-cc3d-43a4-99ee-d2438f036000,ACC43CFC7DA,1050.24,7.406,0,0,5,grocery,1,huge_amount
89f4c56e-3e60-4bde-ac85-b03cb52da8a1,ACC785F9AD5,111.8,0.686,0,0,1,electronics,0,genuine
a8c6f526-9b6c-42f3-9ef8-ceb8dfc23ee6,ACC0ED0AD12,96.64,0.987,0,0,1,utilities,0,genuine
61e298b2-02e2-4ec4-af7b-b5e2ca3f7cce,ACC6BDA8076,211.65,1.405,0,0,6,grocery,0,genuine
54d31b3b-b375-4ee4-a15d-1fa025ceacf2,ACC5ECECCC8,4.9,0.289,0,0,0,entertainment,0,genuine
7e2dcbff-7023-47f2-9059-106d3bcc6ed6,ACC6755B550,24.43,0.808,0,0,14,restaurant,0,genuine
96e0a53f-4260-4d12-aae4-5235df7c5a36,ACC15045FED,247.89,1.249,0,0,23,online_retail,0,genuine
9a94ba08-1273-427f-bb65-e1d6b2ce0743,ACCA12ADE0C,24.09,0.441,0,0,12,entertainment,0,genuine
8a9e2b35-0524-4400-b3e3-f4856e40e03a,ACCAB52E977,111.35,1.091,0,0,8,electronics,0,genuine
4f1bb729-1478-49c2-8f90-c4997525b15c,ACC82566958,117.77,1.153,0,0,23,restaurant,0,genuine
0fc2c963-6406-4499-94a7-86620a896abe,ACCA1AE10E7,275.99,9.115,0,0,13,electronics,1,huge_amount
128ef565-f7b6-418b-88d4-cbea2803a706,ACCA8070C69,174.03,1.117,0,0,1,entertainment,0,genuine
642ffbdd-49e7-4b17-b252-1cba179d1506,ACCFABA81CE,256.52,1.302,0,0,1,restaurant,0,genuine
de456011-49e8-49f5-b468-a907705819a7,ACC481A3694,108.56,0.887,0,0,12,grocery,0,genuine
f3c812f5-8c50-4033-b451-df3150c01aee,ACCE549AC1F,65.21,1.068,0,0,15,fuel,0,genuine
58907b3b-dc43-4e45-9ee2-933654b575c4,ACCD9089858,52.52,1.187,0,1,9,restaurant,0,genuine
57dfa4c9-8a00-4e15-acb7-56ff22f74c75,ACC4FDDC2F7,238.45,1.556,0,0,3,entertainment,0,genuine
9a70ebf7-83ce-4734-a1f2-bc5e90344c74,ACC0FF13EC2,309.47,1.579,0,0,14,entertainment,0,genuine
3f92aab6-0f15-496d-a8ec-8aa41923e8af,ACC0D26E623,14.73,0.36,0,0,4,electronics,0,genuine
878cb476-6581-4e67-a2fc-24770a121179,ACCD81E32FD,62.11,1.189,0,0,20,entertainment,0,genuine
ea5261e0-6fe2-4e26-9eaa-989add8326f3,ACC73A1A864,101.77,1.233,0,0,0,travel,0,genuine
a014016d-8f15-4ceb-9d0c-56d8f0f0696b,ACC051D694E,69.25,0.95,0,0,2,fuel,0,genuine
b8eddc7d-092e-4fff-a69f-edbaeeec68cd,ACC63A8249C,17.14,0.631,0,0,23,travel,0,genuine
ccb383d7-855f-415d-9e49-b4ed76cc499f,ACC68FE0D56,164.36,1.118,0,0,19,electronics,0,genuine
83736201-e14f-44a8-a33c-6a81f7da9152,ACC4868BBD3,203.56,1.076,0,0,23,electronics,0,genuine
6e3299fa-174b-416f-9923-c0597a0881df,ACC98A8E15C,171.48,1.424,0,1,3,electronics,0,genuine
d8711f1d-1bbc-49bf-b7bb-c3c2f73336b9,ACC7D30696A,203.58,1.211,0,0,17,entertainment,0,genuine
8df39c1e-d225-430c-99ca-538b3202fd4a,ACC7A03D049,78.04,1.571,0,0,2,grocery,0,genuine
527b5bad-5290-407e-b03e-103f25cf7347,ACC57066E7B,26.23,1.044,0,0,14,online_retail,0,genuine
6be5a194-6e94-46cc-b8c5-854e5ae319ca,ACC38C22FBD,107.1,0.601,0,0,2,restaurant,0,genuine
d256a7ba-23fd-404a-b474-c9f68b40c335,ACC30D0A6A0,185.37,1.156,0,0,11,grocery,0,genuine
935de116-eb33-487d-94ad-41a28fe17cdb,ACC95B54780,201.58,1.105,0,0,12,electronics,0,genuine
7911c76c-1aed-4544-ad75-adaf32ee259f,ACC4B9B991E,138.79,0.927,0,0,3,utilities,0,genuine
905e2ca6-c074-4dba-a15b-fe2b2b94ee66,ACC40162BF5,101.79,1.042,0,0,2,grocery,0,genuine
afc170b3-4197-4f40-b635-e143495747f2,ACCB17AC2ED,48.29,1.52,0,0,16,electronics,0,genuine
545f4f24-ba82-4020-b662-26928c8f02e8,ACC2F2FD99E,84.42,1.258,0,0,11,restaurant,0,genuine
5f609cd1-ab3d-4381-ba8a-608a08883629,ACCE90CC233,56.4,1.354,0,0,2,travel,0,genuine
7deebce6-0c95-43fb-b61a-bfb76ad6e9e9,ACC71F2BF15,39.69,0.422,0,0,0,grocery,0,genuine
fd067c5b-e36d-4101-b0fc-7f9f490c687b,ACC6781637F,236.48,1.289,0,0,15,restaurant,0,genuine
6ffb5229-f558-408e-afa6-fa44f7bd9f40,ACC47DBDD62,105.72,1.034,0,0,16,grocery,0,genuine
555ceff5-9e54-4e88-9133-569652933c0d,ACCC742C7D6,73.24,1.03,0,0,21,utilities,0,genuine
f9508aa2-16e2-4f6b-8133-18cc3fac95d2,ACC0A64ABBD,19.88,0.968,0,0,8,fuel,1,stealthy
a33073b3-a10f-46d0-9e4b-0dd07da3c7a1,ACCBBEDED04,23.23,1.31,0,0,1,restaurant,0,genuine
651ee37d-d5da-4a0e-92c8-6102720fc338,ACC0DB3A99A,93.22,1.018,0,0,14,fuel,0,genuine
92d37f9c-35a4-4a28-b1a2-1f1601840b71,ACC50C40EE9,55.19,0.567,0,0,9,electronics,0,genuine
67082f2f-383a-4875-ad0e-ad2428560ab6,ACC819391A9,27.66,0.713,0,0,12,travel,0,genuine
aae00c90-f730-4bf1-bf18-d168845a43e2,ACC636C58BC,123.56,1.144,0,0,20,utilities,0,genuine
792f293f-a9db-4ac7-adb6-bd3662192ba2,ACCB5426310,80.18,1.102,0,0,4,online_retail,0,genuine
82200b6c-5786-42de-b215-900eb5c3f2bd,ACCA12ADE0C,41.0,0.75,0,0,0,online_retail,0,genuine
8b1bb8df-ec39-49b8-bfe4-f151fa9ca373,ACCCDE6737B,107.16,0.937,0,1,1,utilities,0,genuine
e162a340-678d-4661-923b-8de5bd48b888,ACCAD8261D9,187.29,1.034,0,0,12,fuel,1,stealthy
f681ba14-e8a8-482d-85e6-eca45c9b6ee2,ACC44DDB1DF,66.96,0.845,0,0,0,online_retail,0,genuine
97f3a5fb-3a3c-40b3-81e4-e86f582e19fe,ACCEECD14C8,1,0.023,0,0,10,utilities,0,genuine
899ff20a-cab5-4a87-8dbf-9cfcd663459a,ACC55E9D122,77.32,0.951,0,0,17,utilities,0,genuine
de619d00-03b1-4bbd-bc2b-a987c91e535d,ACC075F7E93,508.66,4.638,1,0,2,grocery,0,genuine
253b2b1a-34b0-4b65-8d91-8d0d1247e28a,ACC8D51567D,46.33,0.544,0,0,11,electronics,0,genuine
a5f7f4df-fa7f-43e9-bd68-1bc5cce4f845,ACCE90CC233,54.02,1.297,0,1,7,fuel,0,genuine
3e3da78d-1702-4001-b532-ffed5ac73121,ACCB6304D6D,180.8,1.135,0,0,14,online_retail,0,genuine
3274ee19-7e0b-4b5a-94dd-0344e389f10f,ACCB4BE454E,110.73,0.692,0,0,5,entertainment,0,genuine
bd01b847-1a85-40d4-b8de-cd783a9b6a49,ACCAD8261D9,723.79,3.996,0,0,0,restaurant,0,genuine
f1d09afc-1458-49d7-a262-27db66e1bb54,ACC146CFDB2,145.23,1.006,0,0,18,utilities,0,genuine
5cc88e82-265c-4a83-a7b6-1cee707b6428,ACCD81E32FD,56.89,1.089,0,0,3,electronics,0,genuine
dfb679d5-ddb9-4b12-9104-876273a8b9de,ACC30BAEE93,34.78,0.628,0,0,2,online_retail,0,genuine
c6d6e5ed-6493-494f-ab79-b62ad56692ee,ACCDA024530,111.2,0.867,0,0,9,utilities,0,genuine
b5b5180d-090d-4738-a7c6-1ff3ab9e5254,ACCA3383ABE,219.33,1.119,0,0,11,restaurant,0,genuine
8ea320b3-f000-4a81-b913-ab9aea18398f,ACCE6F7E64B,272.58,1.44,0,0,0,online_retail,0,genuine
4ad57086-e789-491d-9c64-ca40488c11d5,ACCAFBC20C2,45.4,0.972,0,0,16,restaurant,0,genuine
2bc3b3e1-828c-4bc9-9b90-1b712bc10fae,ACCD86300CA,216.75,1.254,0,1,12,online_retail,0,genuine
54cb7c99-e9e1-4975-9066-fdc668c47901,ACC5E8DD908,172.52,1.033,0,0,18,travel,0,genuine
d15b1fc7-4fbc-4eb4-8ca0-1c80b1ce1532,ACCB7E41D27,86.46,0.958,0,0,21,entertainment,0,genuine
4ac58c8a-8b60-4bc1-a684-49857b5ec66e,ACC08968071,224.63,1.231,0,0,10,grocery,0,genuine
98c11905-4793-4509-bf0c-c8febcb970ae,ACC1A07891C,44.65,0.322,0,0,20,fuel,0,genuine
189b125c-1136-4e9f-b86f-3b7e1ad9add7,ACC431B338F,104.75,1.29,0,0,17,grocery,0,genuine
192138ac-2812-4592-974f-3536b5d7ee51,ACC63E38219,83.2,0.736,0,0,21,grocery,1,stealthy
a43a31be-3329-4623-8315-eaff5bb14149,ACCA3383ABE,222.75,1.137,0,0,9,travel,0,genuine
be6003e4-0b26-44fc-bb45-a19a89ebc0df,ACCE3BC14DF,266.89,1.65,0,0,14,utilities,0,genuine
ef03dedb-b1a3-48b6-bf85-15f3633f7cc1,ACC215BCCB8,50.85,1.177,0,0,10,utilities,0,genuine
b86f0614-dcf5-4e65-b7da-d5efac6a3ecc,ACC1F549C06,314.9,2.002,1,0,20,online_retail,0,genuine
0acc73fe-034a-4df6-8e05-eec0ee17f5b1,ACCE6F7E64B,143.89,0.76,0,0,1,travel,0,genuine
b064a780-cd93-4d6e-9a75-ee37f23b1eaf,ACCEF39B188,1004.97,8.678,0,0,18,grocery,1,huge_amount
95677f1b-5b1f-4a7e-b4a4-713eda12fb8c,ACC159AEF91,162.77,0.947,0,0,16,fuel,0,genuine
35272286-339f-46b9-af77-9d6114f9f5d2,ACC94AF39FF,54.22,0.788,0,0,4,restaurant,0,genuine
c01e4ed2-97fc-46f5-bf68-0ce9aae55091,ACCB17AC2ED,27.12,0.853,0,0,13,restaurant,0,genuine
5e9cc91d-58a8-4075-85ed-575dc2ead23e,ACC1E39053B,47.3,0.478,0,0,9,fuel,0,genuine
4ddebb3c-5af4-40aa-bb25-bb83ae345cf4,ACCCF10A3E8,22.69,0.996,0,0,22,restaurant,0,genuine
2eb339d6-45ee-437a-8a99-b3af6e884dc5,ACC8A097CC1,299.76,2.934,0,0,8,travel,0,genuine
b501ffa2-158a-4280-a88d-06296dfe74e7,ACCC7CCB237,71.0,0.576,0,0,7,electronics,0,genuine
918b76ed-e0dd-468e-8c07-9df2d8f7cb3b,ACC3BE27A0C,51.82,0.795,0,1,22,electronics,1,new_device
2dce45dc-b228-4b71-94d4-ae75d60df3f9,ACC50C40EE9,442.11,4.543,0,0,22,travel,0,genuine
600d0828-0c2a-4bd0-a29b-829ee91b0005,ACC4C1060FF,152.37,0.819,0,0,4,electronics,0,genuine
607d0098-dbd3-4bfd-8f85-c48e36df9956,ACC44706969,10.22,0.126,0,0,21,grocery,0,genuine
04c66b77-c596-4fa0-a031-010cc2ab39a8,ACCAD8261D9,146.13,0.807,0,0,11,utilities,0,genuine
4d704303-ed92-4f04-97d5-12711b8f05b3,ACCBE5476B7,38.08,0.982,1,0,16,travel,0,genuine
4a6fa7f3-3283-4a21-a81d-eafe7f16dd25,ACC4149DCC6,132.26,3.025,0,0,0,online_retail,0,genuine
362225b9-1b51-458c-ba6a-4d10083d3138,ACC001030F5,148.28,0.795,1,0,17,travel,1,foreign_location
00eab64f-55bd-475e-b4a8-cadb478cf206,ACC785F9AD5,21.94,0.135,0,0,5,travel,0,genuine
abb55a31-6a0a-42d5-9e0c-30ef2e1b3d67,ACC9D67E0D7,163.54,1.158,0,0,7,grocery,0,genuine
b7ed5289-376b-48e1-ad26-231f7bd42be8,ACC215BCCB8,47.64,1.103,0,0,22,travel,0,genuine
d855148c-6cd3-4f74-91cf-b1cd7d21013c,ACCAA36AA07,54.31,1.074,0,0,20,online_retail,0,genuine
15162d1a-be78-4328-b49a-b7566b1d0679,ACCE5F859C3,69.25,1.358,0,0,19,electronics,0,genuine
0ec1aa85-82c0-49e1-9e55-fbb6a447ebbe,ACC4328EBBB,137.64,0.727,0,0,1,travel,0,genuine
5141c5ee-2d7c-4977-a589-159a38490f3c,ACC2BCDCDD4,53.45,1.098,0,0,12,travel,0,genuine
6d4c69d5-7be0-4d13-b8b2-c3062218d7ea,ACCDFFD27ED,105.41,1.273,0,0,1,entertainment,0,genuine
b576acfb-e649-4a85-890c-6930c0575d68,ACCD9089858,59.79,1.351,0,1,13,utilities,0,genuine
e3013254-be15-44a0-bf48-afba1fe74bf0,ACCB6304D6D,122.1,0.766,0,0,13,utilities,0,genuine
36beed11-f76a-432f-ad62-3b384a720e84,ACC4868BBD3,221.78,1.172,0,0,7,fuel,0,genuine
5f8e8b36-e681-4469-93ad-93438d7e873d,ACC71F2BF15,445.41,4.739,0,0,4,entertainment,0,genuine
fa87d3c0-7154-4717-8ed5-e2c04c1e4028,ACCA1AE10E7,34.24,1.131,0,0,2,fuel,0,genuine
a39f89c3-e4d2-4c88-a6e6-7fe4006209a9,ACC0D26E623,37.71,0.921,0,0,14,electronics,0,genuine
be52159f-47ae-4efb-8283-452156bab0c2,ACCEE57AC5C,138.6,1.132,0,1,2,electronics,1,new_device
3feafaa6-1046-40d7-a621-9fa954dd3df3,ACC5E8DD908,133.34,0.798,1,1,10,fuel,0,genuine
67473841-fab3-4fe0-afaa-c59474b58b1b,ACC55E9D122,74.07,0.911,0,0,18,travel,0,genuine
3eeb9d55-3630-407b-8ddf-350b899181f5,ACC9CC4C0D9,68.24,0.978,0,0,10,fuel,0,genuine
9b13f455-a71f-4c7a-99cf-784237901361,ACCB6304D6D,98.55,0.619,0,0,19,fuel,0,genuine
8812dc6d-52cd-47b7-9790-840d2f34764b,ACC7F584589,78.43,1.054,1,1,18,utilities,0,genuine
05e11c09-267a-496b-9396-c85c8a849e0e,ACC481A3694,37.69,0.308,0,0,0,entertainment,0,genuine
b202cbb1-3f9e-495a-953d-d1314cea9e4a,ACC44DDB1DF,19.94,0.252,1,0,6,electronics,0,genuine
e349d4f2-4502-4859-8f8d-c47cd556961a,ACC468A30E3,100.04,0.923,0,0,1,grocery,0,genuine
66281541-bb16-469a-a04e-4bd39b7e3b1e,ACCF524BA52,198.66,1.218,0,0,15,restaurant,0,genuine
31674f45-b8f3-4482-89cb-86b302351234,ACC91469B41,50.33,2.557,1,0,4,fuel,0,genuine
62214a99-08b3-4025-97ca-5f0ae67059bf,ACC6BDA8076,154.16,1.023,0,1,17,grocery,0,genuine
091f913c-cef8-48ec-a21d-a356886430cd,ACCBE9782ED,59.5,0.441,0,0,20,entertainment,0,genuine
b9ec4ac1-37bb-4b49-a78f-c6b5531dd38e,ACC8B88E484,73.2,0.954,0,0,13,utilities,0,genuine
57a08873-22bc-4024-b17b-28c953de66be,ACC2E4F73FD,49.14,0.914,1,0,14,travel,1,foreign_location
dccd7daa-470f-4fc3-b47d-7d78361ef4e6,ACCE7526B0F,168.12,1.123,0,1,12,travel,0,genuine
136aaf77-94ad-43c1-900f-72c77986da16,ACCD99DF024,174.62,1.074,0,0,17,utilities,0,genuine
cff113a6-c09e-4899-8ef4-947b3949bf43,ACCAD8261D9,148.88,0.822,0,0,21,entertainment,0,genuine
6ea8a5e4-a7bd-4cbd-baac-11988b3c93f1,ACCA8AE6BA8,34.07,0.902,0,0,20,grocery,0,genuine
8ca4631f-299b-471d-aabc-7d6628bba8c3,ACC6755B550,25.28,0.837,0,0,21,entertainment,0,genuine
8cb4e6c1-2541-495a-b7dc-3fffba58b168,ACC57F1AD9A,52.31,0.286,0,0,19,restaurant,0,genuine
7044eff8-2a1b-46a6-b74e-9ff311362187,ACC8A097CC1,151.55,1.483,0,0,15,restaurant,1,foreign_location
71e126ca-1263-423d-9f22-62ebf3ff3616,ACC482E81A5,25.71,1.055,0,0,10,fuel,0,genuine
e115c49b-e768-4621-980a-a48ccf9958d1,ACC44476C30,128.0,0.927,0,0,13,fuel,0,genuine
38a77a42-09a8-4840-8f06-daac8296b09c,ACC3B960C09,143.68,0.812,0,0,4,grocery,0,genuine
2fb48a89-f1be-454d-a7da-eceef3f016dc,ACC40162BF5,105.36,1.078,0,0,9,electronics,0,genuine
b5610cdf-1a2e-4f2e-b516-24605163cafa,ACC4C1060FF,163.29,0.877,0,0,1,online_retail,0,genuine
027464eb-16cd-47b3-aa26-37301285ff7b,ACC0DB3A99A,49.49,0.54,0,0,11,utilities,0,genuine
dd8f9ab0-c5c2-40c6-a194-05d3eb8dcfd1,ACCB70F3DBC,144.41,1.34,0,0,10,utilities,0,genuine
2c3d2076-350d-47b6-9202-0faf4ad3d580,ACC4C275212,632.43,4.174,1,0,19,fuel,0,genuine
d139e817-99c9-4ef1-835e-33944adbceea,ACC18319CF0,99.68,1.667,0,0,17,entertainment,0,genuine
9e706c7c-06e1-4443-a33a-887c9fde04dc,ACC5ECECCC8,12.09,0.713,0,0,6,online_retail,0,genuine
2fca64e5-ce2d-4606-a4eb-821c5d4e4174,ACC049C6980,143.63,0.883,0,0,12,entertainment,0,genuine
ab9e3b4d-ad63-4c35-b92c-b286e9079364,ACC18319CF0,75.75,1.267,0,0,13,entertainment,0,genuine
85260649-fb3a-4f85-b933-437d1de3bdb0,ACC8CA0E9D4,362.75,3.79,0,0,0,utilities,1,huge_amount
df13931e-1ffe-4f3e-af2f-b95fcf805848,ACC4BCFE47D,148.08,3.423,0,0,3,fuel,0,genuine
3c7f4429-2ba5-4112-b56e-53fcf2aedb48,ACC360FB49F,130.23,3.448,0,0,18,entertainment,0,genuine
5b3f0993-a210-4a5d-af5b-eb2c1e80776e,ACCE4ED68FE,188.69,1.021,0,0,2,grocery,0,genuine
dfee94a2-665f-49d2-902d-8570c83119a6,ACC47DBDD62,115.32,1.128,0,0,1,entertainment,0,genuine
42af7026-9664-45bc-b930-82020b6669b7,ACCC0703F18,231.75,1.235,0,0,13,entertainment,0,genuine
ba372a97-61f2-41ef-a845-9e9c043e0c7b,ACC40162BF5,41.08,0.42,0,0,18,electronics,0,genuine
566a2209-67e8-4c20-8a58-88cfe7f76684,ACC47C1AE01,85.85,0.788,0,0,11,online_retail,0,genuine
d48615f9-eb06-4773-a5ab-3fcf23574c7e,ACCD07853CF,107.45,0.876,0,0,21,electronics,0,genuine
7c209e8f-17fe-44fb-a648-85a0ddff7835,ACC4FDDC2F7,218.74,1.427,0,0,13,utilities,0,genuine
2c5875d9-13c7-452f-b235-2242c88a5e6d,ACCB7E41D27,82.85,0.918,0,0,13,online_retail,0,genuine
59c59a3f-1bd7-43a7-8a0c-b003448f84eb,ACC18319CF0,46.11,0.771,0,0,19,fuel,0,genuine
fc600107-a5ea-4386-b8cc-9a7d10f1bfd6,ACCAD8261D9,358.48,1.979,0,0,5,restaurant,0,genuine
033cc6e9-9ffb-42be-a803-e2f14b1682f9,ACC6E29EDDC,54.79,0.457,0,0,2,travel,0,genuine
e2528721-479d-4f3f-b2e0-23649308a1b8,ACC485CBED1,99.61,0.724,0,0,17,restaurant,0,genuine
ea63615e-e59c-442e-bf3e-692108b9c4cb,ACC6755B550,20.22,0.669,0,0,20,entertainment,0,genuine
94e361bf-3dbe-418e-9981-20e4da278432,ACC56C616C1,38.56,0.381,0,0,8,entertainment,0,genuine
e7dfd757-146c-4747-87b7-87a96ec329d2,ACC724DAE51,26.1,0.773,0,0,1,restaurant,0,genuine
02e059ba-ccb5-442c-93e9-eea828169e4a,ACC7661F9A1,50.53,0.874,0,0,0,online_retail,0,genuine
176b9d97-ce2f-4c13-aaac-019a0482521c,ACC5A2E3A6E,308.32,1.647,0,0,18,fuel,0,genuine
e9e025f9-28f4-42da-9343-8fe5bdf2e3ad,ACCBE9782ED,128.86,0.955,0,0,23,grocery,0,genuine
7de87e17-9776-4271-a29a-a10efbe62bf8,ACCF3D6177F,18.03,1.02,0,0,11,utilities,0,genuine
a078a503-caa2-4d8b-949c-4c273baf564c,ACC8D51567D,105.53,1.238,0,0,22,fuel,0,genuine
cf17cd04-3190-43b6-b969-048e4b7139b0,ACC82566958,307.44,3.01,0,0,0,entertainment,0,genuine
14ef9bd8-1a03-4bb7-a91d-d89416b47bc4,ACC6BDA8076,515.01,3.418,0,0,17,utilities,0,genuine
f45b9bef-a680-40e7-819c-e8b6961a7da6,ACCEE4C8042,115.7,1.363,0,0,19,restaurant,0,genuine
f72345dd-c492-43d4-9512-8ff877587e6d,ACCFEB51908,158.81,0.966,0,0,0,online_retail,0,genuine
0f64c655-1553-4a82-862d-169f48b7c582,ACCB7261A19,262.16,1.46,0,0,12,electronics,0,genuine
8b8ac9e8-ea4c-432c-9bd9-5551fbda1ab5,ACCEF39B188,96.72,0.835,0,0,20,online_retail,0,genuine
4b7b2818-d7b1-4572-baa4-6d0343793913,ACCEE57AC5C,130.86,1.069,0,0,7,electronics,0,genuine
8626ca47-e799-497c-8137-fa7d408eabcf,ACC18680C85,130.72,1.104,0,0,22,electronics,0,genuine
b4bc29d3-cb20-4975-b62c-bfef56d4fe35,ACC9C33D69A,42.03,0.884,0,0,5,grocery,0,genuine
6f96abc3-3585-4c3b-8385-b9de694cdcd0,ACC2BCDCDD4,69.59,1.43,0,0,13,grocery,0,genuine
36a2d5df-5720-46f1-9a45-487899d001d9,ACC8CA0E9D4,134.5,1.405,0,1,8,fuel,0,genuine
7192c921-b950-4e98-a3d3-bc0e1a0455c7,ACC6781637F,240.53,1.311,0,0,0,fuel,0,genuine
522a2a0c-a696-47b6-ad00-6a5a26c274be,ACCB17AC2ED,40.68,1.28,0,0,5,entertainment,0,genuine
72115696-f269-4983-b7bb-b207be977e6a,ACC075F7E93,86.67,0.79,0,0,14,electronics,0,genuine
ab1d82c3-299d-4018-9e83-62a795a0b017,ACC44706969,62.4,0.771,0,1,15,restaurant,0,genuine
4c39c215-d3be-4f57-aafb-b1b0f3b0d3df,ACCC7CCB237,147.52,1.197,0,0,22,online_retail,0,genuine
91752da7-42a2-4ee0-89f4-90b21a6c8fcf,ACC3D0FD592,95.18,0.869,0,0,13,electronics,0,genuine
555ec8c6-3261-406a-9d38-4201f203d3f1,ACC5952E61B,100.7,0.554,0,0,13,online_retail,0,genuine
5ab60c97-1422-4176-b508-5e4cac9cac03,ACC4B968249,139.55,1.407,0,0,14,utilities,0,genuine
e49f31b8-6bbc-451f-a7e9-042b99b539e3,ACCF8A2CF4C,93.88,0.92,0,0,21,grocery,0,genuine
a11995e2-1790-4f6e-a306-8bbf1cfa3be7,ACC63E38219,157.6,1.394,0,1,6,grocery,0,genuine
00ebb512-601b-4740-bb18-b6c75b6e9a36,ACC68859C88,168.0,1.491,0,0,21,travel,0,genuine
4f0b9933-9b50-493a-a889-5963dbb76704,ACCA8AE6BA8,15.63,0.414,0,1,1,electronics,0,genuine
47434b66-746a-4fff-b772-3227babffed2,ACCC2B19390,531.16,3.343,0,0,3,entertainment,0,genuine
c6b336dd-7c2b-47c8-b6e6-cb5b7eb92821,ACCD77D289A,22.93,0.681,0,0,22,grocery,0,genuine
71bb2903-9659-4716-b966-eac1071084f2,ACC481A3694,127.28,1.039,0,0,16,fuel,0,genuine
eacbb9de-caf4-4b63-b3f2-383c276cf919,ACCCB6BC567,45.47,0.957,0,0,13,online_retail,0,genuine
f455a4b8-8a88-420a-baeb-282ba52840d6,ACC5A2E3A6E,130.69,0.698,0,0,6,electronics,0,genuine
f42c49ee-ae0a-4b88-bdfc-885f8b696d3c,ACC58892FA4,69.9,0.598,0,0,5,electronics,0,genuine
d061685d-d5cb-4a15-9028-b50832757308,ACC0FF13EC2,257.03,1.312,0,0,15,restaurant,0,genuine
ef0648e8-cf4c-4a43-ab22-5a7247993a88,ACC8883AEB4,84.07,1.566,0,0,2,grocery,0,genuine
15a94cb1-3b8e-4ed9-bb43-45297f1f0043,ACC0AADD547,985.8,6.123,0,0,13,entertainment,1,huge_amount
f89b40f0-a180-49d2-83ff-ff9648a22016,ACC56C616C1,70.43,0.695,0,0,16,online_retail,0,genuine
c211068c-f294-4b8b-ad0a-856d3931e102,ACC44706969,79.38,0.981,0,0,14,restaurant,0,genuine
0cec3303-f23b-4e55-96c3-d0467716eb82,ACC55E9D122,97.58,1.2,0,0,21,utilities,0,genuine
9cb33b36-f576-4a84-bd42-c1a4f02e93ab,ACC22F5FFD2,308.83,3.174,0,1,8,utilities,0,genuine
09d447e8-0426-411f-909a-7b7c9c74efd3,ACC63A8249C,28.16,1.036,0,0,16,utilities,0,genuine
6e483bd7-b87f-43b2-a00b-63a2e008a21c,ACC63A8249C,17.68,0.651,0,1,1,electronics,0,genuine
cf1737d3-37ec-4ac9-a979-f65fa8377ff2,ACC6BDA8076,266.61,1.769,0,0,9,fuel,0,genuine
50236d8d-d358-43c7-833f-fe403cca7493,ACCD581D6E4,63.93,0.9,0,0,8,restaurant,0,genuine
83808021-3096-46a2-9a52-28e5e1ac77d8,ACC8D51567D,87.03,1.021,0,0,2,grocery,0,genuine
01e4197e-cb5a-4bf4-98da-6fc9c2fcc422,ACC5A2E3A6E,95.61,0.511,0,0,3,travel,0,genuine
ee3d37e5-695d-4777-8667-1a9e2e17297e,ACC18319CF0,119.31,1.995,0,0,2,electronics,0,genuine
9a74c693-fe1a-4a52-ac0a-7affb611ccaf,ACC5E8DD908,181.11,1.084,0,0,8,grocery,0,genuine
a17b3952-8ee4-4858-b482-c75ddb2124b4,ACCF0ED3147,47.09,1.133,0,0,21,utilities,0,genuine
4cedc1cf-ae63-415e-aacc-d9a8fa74a2a6,ACCC7DF1C25,90.68,1.038,0,0,6,online_retail,0,genuine
982eacd9-8ba6-4c9b-b724-be099a2d5179,ACCAA010F0A,42.47,1.304,0,0,10,entertainment,0,genuine
919dc7f9-2c9f-4c70-972c-2f6741d8c5a1,ACC834F38DE,98.63,0.941,0,0,15,utilities,0,genuine
1a738397-c88d-4e17-891e-959c8b89f40f,ACCBDEED3A1,17.58,1.13,1,0,1,electronics,0,genuine
7f491168-659f-4a41-b307-71b620bbcbd8,ACCD13E9570,17.44,0.991,0,0,21,grocery,0,genuine
5ead505d-00ea-4880-ad30-29e83c4240ff,ACC52E63E8E,62.67,0.891,0,0,17,restaurant,0,genuine
2261ae53-133b-4a0d-9119-542741d92047,ACCEB67227A,188.39,1.03,1,0,0,online_retail,1,foreign_location
2fe03df1-cec1-45da-b8a0-37f191b96c4e,ACCAF2FECB8,66.1,0.953,0,0,23,grocery,0,genuine
304abbac-141c-4c3a-9d48-fc0e9a5aed4a,ACCD9089858,35.87,0.811,0,0,1,grocery,0,genuine
4a645254-5832-4e63-bf80-082134f9b284,ACCF8C437FB,10.67,0.225,0,0,15,grocery,0,genuine
46f3890a-31f6-4525-a317-8392c4bc4a6f,ACC0DB3A99A,107.89,1.178,0,0,9,travel,0,genuine
725499f6-bd95-4f21-bc01-6cd289703fcc,ACC7131637D,86.01,0.719,0,0,15,travel,0,genuine
dab5afc1-89c5-4544-b490-47d6a14d5589,ACCFEB51908,81.03,0.493,0,0,0,restaurant,0,genuine
2abb82fe-2f36-4c94-a7cf-4beb340c8b6f,ACC5E53E80D,110.73,1.238,0,0,8,online_retail,0,genuine
5971ea69-ff5c-4769-8613-8d101ef7158f,ACC785F9AD5,212.07,1.301,0,0,9,entertainment,0,genuine
5ace7709-e05d-4662-995a-0300c1beff56,ACCA8070C69,165.13,1.06,0,0,9,travel,0,genuine
dce954f4-54cf-42ed-8e85-5bbe0e6d84cd,ACC790C1C58,40.09,1.247,0,0,14,online_retail,0,genuine
399dcb2a-1f50-432b-96b3-c18898c55963,ACC0ED0AD12,139.51,1.424,0,0,14,entertainment,0,genuine
2c64cdb3-efd9-4ea7-9e4a-7420dff3505b,ACCEE57A8CC,138.06,1.021,0,0,15,utilities,0,genuine
df1885e6-e86e-4d0b-8099-ca687d703dc7,ACC065617EF,217.8,1.137,0,0,6,restaurant,0,genuine
160d5728-77e5-4ae1-b1b4-987f9eb27412,ACC7661F9A1,87.65,1.515,0,0,3,travel,0,genuine
55bdffbb-6c90-4930-b567-3e0fb62c3f04,ACCA12ADE0C,63.82,1.167,0,0,6,online_retail,1,stealthy
c198ef15-bca6-4d60-95d2-2b598f271e84,ACC1FAB3F77,201.64,1.383,0,0,3,entertainment,0,genuine
f52b39ea-1c03-4ef4-8da9-2421149e4700,ACC30BAEE93,56.98,1.028,0,0,2,electronics,0,genuine
6e2a939f-aa6a-412c-8268-d330aa9108a0,ACC37920886,91.17,0.816,0,0,2,grocery,0,genuine
c531d05e-f2a4-45d2-85db-902515cb446a,ACCC742C7D6,86.96,1.223,0,0,16,grocery,0,genuine
2cd836fe-e4a4-4a8b-8432-0ef4c23b3815,ACCEE57A8CC,69.22,0.512,0,0,14,electronics,0,genuine
7d2e4db6-b1c4-4259-9db1-6bd452a723ed,ACC4C1060FF,149.36,0.803,0,0,3,online_retail,0,genuine
3b7c70e3-2b81-4fd6-836d-e0d854e867e4,ACCA1AE10E7,39.94,1.319,0,0,13,fuel,0,genuine
05ee55d8-4298-4526-bf6e-ba70f8475d4b,ACC6E29EDDC,119.95,1.001,0,0,10,restaurant,0,genuine
65706a07-af24-4c91-ab58-c2f877a9802a,ACCB3D946C7,292.96,1.618,0,0,9,restaurant,0,genuine
43fc479e-b933-46c9-9e5b-c72b12947fd7,ACC080F4BCF,117.61,1.113,0,0,14,restaurant,0,genuine
8e8a381b-5dbc-4743-977e-1e47741f91cf,ACC02350C73,71.32,0.974,0,0,9,online_retail,0,genuine
a850ce03-b6af-4c82-8cfb-8f0201982092,ACC55972CEC,216.29,1.383,0,0,12,electronics,0,genuine
6035d40c-eedc-45cb-b1cb-191fc90d1014,ACC57F1AD9A,130.01,0.71,1,0,22,utilities,0,genuine
e1a40e7e-948c-420b-88a2-189a39a04bb0,ACC57066E7B,34.54,1.375,0,0,4,restaurant,0,genuine
5eb83be8-bb2d-409d-85eb-71ddbd374fdc,ACC6993E5A7,125.81,1.261,0,0,3,entertainment,0,genuine
9eef81ea-d3a1-45a4-a677-1573cbb61b3f,ACC400342D2,64.09,1.119,1,0,7,travel,1,foreign_location
7fd945de-1b4f-4646-afb3-870a2f8cf937,ACC30D0A6A0,117.33,0.732,1,0,6,electronics,1,foreign_location
14663151-7063-4162-9c00-1675889ab0ef,ACCEAF23921,23.34,0.293,0,0,17,electronics,0,genuine
c05ff55b-8877-4ceb-91e4-4b5b2a37146b,ACCCB6BC567,52.62,1.108,0,0,13,restaurant,0,genuine
07827dee-375c-4da3-8378-95c854e63a58,ACCD06EC9E8,114.32,3.466,0,0,13,grocery,0,genuine
972824d2-5cc2-44e3-aec0-603db73963d9,ACCAF664302,42.81,1.121,0,0,3,entertainment,0,genuine
a1cb4cf5-b56f-41cb-a251-207decde859e,ACCAF841035,155.51,0.878,0,0,15,fuel,0,genuine
9b5db96d-82f0-42d8-bd2a-9d2a3b059587,ACC1E39053B,82.94,0.838,0,0,8,travel,0,genuine
cbfce04a-3600-439b-be23-9e56ee45612a,ACCDF6D88DC,14.12,0.629,0,0,4,online_retail,1,foreign_location
462f5b32-1201-4b15-8fd9-2acb44002a51,ACC0FF13EC2,253.46,1.293,0,1,0,entertainment,0,genuine
74c34d06-696e-4410-8d8a-ae9a889f81ba,ACC27B72436,168.91,0.994,1,0,18,restaurant,1,foreign_location
961b6ff7-e530-4239-ac06-49cbcb9a7084,ACC7D30696A,199.06,1.184,0,0,16,grocery,0,genuine
fbf327c8-767e-42b4-91b8-3ebb0f3f27d0,ACC7D7424A6,70.97,1.199,0,0,14,travel,0,genuine
88e043d6-32d9-4bfc-8891-9dc6a97fec24,ACC3BE27A0C,57.78,0.886,0,0,5,entertainment,0,genuine
c7f11759-8495-4d73-a94c-2476bfd141cc,ACCCC6CC85C,199.71,1.138,0,0,17,online_retail,0,genuine
e401c46a-f48f-40d9-939f-2ac3b1b2abc2,ACCDF6D88DC,21.85,0.973,0,0,20,restaurant,0,genuine
778a1082-dbd2-4d0b-a1bb-92db5263dbad,ACC94AFF365,24.6,1.576,0,0,3,electronics,0,genuine
d214f2dd-2ea5-4a24-ab3e-af7e2b4a968b,ACC15045FED,159.5,0.804,0,0,14,entertainment,0,genuine
a8b31067-b6e2-48c3-88d1-a5aa4561d97a,ACC75F5AFB9,63.61,1.458,0,1,6,online_retail,1,new_device
4965c983-c63a-4c2e-8631-4f539b02e619,ACC91469B41,29.28,1.488,0,0,21,utilities,1,stealthy
57a6eb9a-ebfb-433e-ad39-82ae13ad7b50,ACCAFE32BE6,293.81,1.677,0,0,19,travel,0,genuine
4c43130c-8afa-449b-a0da-c4da1288397a,ACCE2B777FC,206.71,1.145,1,1,14,electronics,0,genuine
ada16d6d-f5b3-46a7-9799-b5a92b1ee5e2,ACC790525E5,132.55,0.983,1,0,18,utilities,0,genuine
367db2fc-391d-4a01-a1e7-ad6f53c53515,ACCF0ED3147,36.67,0.882,0,0,2,electronics,0,genuine
ddcc74f0-9802-4796-b1aa-25963ba63b1a,ACC6F7D92B8,24.96,0.631,0,0,22,entertainment,0,genuine
7ec7c7b9-c67a-4d0f-9703-890a7746d6cb,ACC55972CEC,141.54,0.905,0,0,12,fuel,0,genuine
2259fcc9-c4db-4087-96dc-3ea928f3f576,ACC50C40EE9,122.35,1.257,0,0,8,online_retail,0,genuine
6795fb68-2a1c-4f63-82aa-e6abf3da20af,ACC5E53E80D,28.09,0.314,1,0,17,electronics,0,genuine
1c815865-07a8-4d74-8d63-c2d173c66e7b,ACC2C3FB42A,139.55,0.829,0,0,20,utilities,0,genuine
4b686d4e-871a-4ad1-a0b5-dc362bcadeb1,ACC8348C5C8,47.28,1.509,0,0,17,utilities,0,genuine
133690f5-7973-425b-9be0-e3c0dd75a946,ACC431B338F,127.73,1.573,0,0,15,travel,0,genuine
a9211a8e-a530-439b-8cbf-f1b62595a67d,ACC707FD242,77.91,0.809,0,0,18,online_retail,0,genuine
4d2406bc-5b87-4a09-93ce-840850b0bcb9,ACC57066E7B,35.05,1.395,0,0,21,electronics,0,genuine
17d2e1de-36ec-4c30-a7e6-c5c931e201ce,ACCBB625750,163.17,1.14,0,0,17,restaurant,0,genuine
d1f1e0e7-27c6-4fb7-8569-d803bfa5eee5,ACC34FD0AB8,30.34,0.968,0,0,16,travel,0,genuine
3e5403bb-9359-4fe4-aedc-51f4a0503a8a,ACC2E4F73FD,58.86,1.095,1,0,14,electronics,0,genuine
e1269980-e20a-454b-a9ad-2d2e412ebd8e,ACC485CBED1,165.64,1.205,1,0,22,grocery,0,genuine
cd26abd9-ce3c-43ae-8df6-cbd3f99ebcd9,ACC0F82A889,96.72,0.657,0,0,22,restaurant,0,genuine
5f0a6105-b1ba-4df7-be5f-5f0d0e7f5a77,ACC4B9B991E,139.7,0.933,0,0,17,grocery,0,genuine
63233f9a-1d92-4ada-bba7-2d4948ba7dac,ACC974EDF80,180.48,1.116,0,0,10,travel,0,genuine
563186f0-ed44-440a-b94a-0f909c06b9a8,ACC0FF13EC2,154.05,0.786,0,0,2,fuel,0,genuine
1908adc0-af64-48ea-9b9c-c8ec5e7b12e7,ACCC0703F18,259.25,1.381,0,1,19,online_retail,1,new_device
8f971231-eb37-4b31-96e7-2f1861139fbc,ACC7C611899,181.53,1.038,0,0,16,fuel,0,genuine
84470f14-df71-41f1-934a-2fe02776b771,ACCBFA30BE8,77.19,1.259,0,0,18,fuel,0,genuine
a8ac5e8e-bbd2-4a1a-9287-f29ea7c86a9c,ACCBBEDED04,13.1,0.739,0,0,9,restaurant,0,genuine
27ef2984-e73c-4302-ba1d-1fbff2b1d469,ACCBE9782ED,115.0,0.852,0,0,4,restaurant,0,genuine
09207bc2-e1ca-4d51-9b1f-aaefb4cb7909,ACCAD8261D9,200.7,1.108,0,0,2,restaurant,0,genuine
a4e6f2b7-9641-4f29-8a55-872eec758c5d,ACC43CFC7DA,201.53,1.421,0,0,18,fuel,0,genuine
9e994618-c6b1-4fde-9411-f7948b6e3574,ACC3D0FD592,88.55,0.808,0,0,17,grocery,0,genuine
d5ce9710-8eec-41f7-8155-31be75414d2d,ACC55972CEC,188.15,1.203,0,0,22,restaurant,1,new_device
ca84b5eb-6f32-4b72-8135-df1712a863ea,ACCCE9C4128,126.49,0.75,0,0,11,electronics,0,genuine
6645b997-dfe5-4b23-9c55-e15c49449bb2,ACC91469B41,28.52,1.449,0,0,9,entertainment,0,genuine
aa382dc0-0ced-4924-b0ee-0f14d4e783b8,ACCE2B777FC,143.01,0.792,0,0,4,utilities,0,genuine
97e9b7d3-d7f1-453f-9375-3cdabc4abbaa,ACCFD91D323,60.68,0.649,0,0,11,electronics,0,genuine
2e8450c4-0350-4733-ae55-6ee2d693ff95,ACC8C663F70,177.77,1.029,0,0,10,travel,0,genuine
04f35165-0d96-4385-b63c-806567773d32,ACCD86300CA,189.32,1.095,0,0,21,restaurant,0,genuine
feb3d54a-26cd-4676-938d-fa5834c5a10b,ACC724DAE51,30.22,0.895,0,0,2,travel,0,genuine
ea9d5d94-1305-490c-bee7-18d025e0f9e1,ACCCFE42BC9,151.45,1.007,1,0,12,online_retail,0,genuine
be3dd295-5f0c-4506-8a1b-6c96e0c1d06d,ACCD06EC9E8,24.52,0.743,0,0,17,grocery,0,genuine
b3200e4f-c9bd-473c-8943-b34488d9d86b,ACCC1DD744F,48.81,0.857,0,0,1,restaurant,0,genuine
185c276f-1d2c-4182-bed1-2707e8e319d8,ACCF524BA52,94.98,0.582,0,0,11,grocery,0,genuine
2a1b5b24-9d30-4dd5-b37a-036ce0b384f9,ACCC0703F18,661.27,3.523,0,0,16,grocery,0,genuine
6db74d36-4cd7-45d6-bb5d-087a1132de74,ACCE3BC14DF,162.36,1.004,0,0,9,travel,0,genuine
4db4c854-5169-411c-8825-73ba8cdfda7a,ACC0FF13EC2,229.05,1.169,0,0,15,entertainment,0,genuine
12bfe200-a022-4263-af46-94f9b45ce7c1,ACC792E1021,72.49,0.386,0,0,15,utilities,0,genuine
f1eb880f-9d63-4072-a6c1-0da31096054e,ACCB743CAF9,135.41,0.8,0,0,20,electronics,0,genuine
3dd05817-84a7-4200-adb7-4efc1bfcc550,ACCCC6CC85C,171.07,0.975,0,0,11,electronics,0,genuine
fe63ce4b-b6d8-422c-b7db-64449754e6e7,ACC18680C85,75.99,0.642,0,0,9,travel,0,genuine
2b6ecba7-53c9-416e-a59d-93068c844864,ACC1804DFBF,163.24,0.842,0,0,3,grocery,0,genuine
4676b348-52bd-431e-96bc-c79ecdc92b18,ACC63A8249C,23.1,0.85,0,0,23,restaurant,0,genuine
b7cca8d9-1db3-41ae-9d09-197050d7b658,ACCFF0D087A,199.54,1.081,0,0,21,online_retail,0,genuine
c6fda259-78e5-4cfd-97fc-d83a17f5cb40,ACCD07853CF,59.1,0.482,1,0,20,entertainment,0,genuine
4827fc91-b678-4a59-be09-86de945da5e5,ACC58892FA4,118.19,1.01,0,0,3,restaurant,0,genuine
f72b732a-1be7-4919-8edb-04ce07107caa,ACC434FD0BB,74.75,1.096,0,0,3,utilities,0,genuine
94d2c3a7-207c-4407-817d-0a8eeaa8937b,ACCAFE32BE6,177.14,1.011,0,0,20,grocery,0,genuine
5f1a6d83-cc10-41e3-b060-706934069578,ACC59EA8486,124.12,0.794,0,0,12,fuel,0,genuine
7c82fa89-627a-4e02-b7f9-c6d001875e78,ACC8B071F50,177.92,1.073,0,0,17,grocery,0,genuine
38c75286-989c-403e-b625-155ca8b45be1,ACCFD91D323,76.91,0.823,0,0,18,online_retail,0,genuine
c7a68083-6980-4724-a637-572427e1b6e7,ACCA6791AA0,124.32,1.247,0,0,4,restaurant,0,genuine
03e067e4-8c62-4827-be9b-2d858a6bb93f,ACC72FC33FB,390.08,2.931,0,0,8,utilities,0,genuine
c621c0c9-c157-4c09-8e96-c2bc60fc97a7,ACCD9089858,57.14,1.292,0,1,12,travel,1,new_device
f554d18e-f53b-492d-98c4-137dc94ecd13,ACC485CBED1,75.14,0.546,1,0,0,restaurant,0,genuine
2c95bb2b-eed5-4ba4-8815-5cd422f709ac,ACC482E81A5,24.95,1.024,0,0,4,fuel,0,genuine
e3f9f134-d917-4676-a431-1fa0dd83ecd1,ACCBF96BF99,58.86,0.94,0,0,1,grocery,0,genuine
2eb59f43-e375-4555-acf6-6aa3ba76199f,ACCE6F7E64B,241.69,1.277,0,0,7,grocery,0,genuine
3aab19a0-bbb0-4e0b-bfd5-71f50535d217,ACC2E4F73FD,71.49,1.33,0,0,18,restaurant,0,genuine
83ef31b2-d84d-49ab-8324-f052d8d5c881,ACC57F1AD9A,212.16,1.159,0,0,11,travel,0,genuine
0b04e5d9-8f8a-46c6-81d1-290fa3c6480f,ACCFF0D087A,171.25,0.928,0,0,14,utilities,0,genuine
ef14aa07-7468-4ced-a564-a9549e69d23f,ACCF6D9DFAD,88.46,1.378,0,0,18,restaurant,0,genuine
c90e9824-dbec-499e-8dfb-16cb3f986cfb,ACCB8201BFE,42.57,0.407,0,0,19,grocery,0,genuine
6076130d-25d9-4369-ad4e-8830438e8173,ACC0859F122,172.41,1.215,1,0,21,grocery,0,genuine
5d68480e-a816-4bbf-835f-2a1f67b1dd2f,ACC2227A7D6,135.71,0.997,1,0,11,grocery,0,genuine
1b9642c6-5910-495d-9b24-d24d2a5831b4,ACC2AFF62BB,485.81,3.206,0,0,19,grocery,0,genuine
65b3a223-6c5f-454c-ae52-02c7df431635,ACC2227A7D6,118.87,0.874,0,0,13,grocery,0,genuine
6c09de8f-c2f2-4507-9f9e-9fcc046255e3,ACCF4D51612,58.76,0.439,0,0,15,entertainment,0,genuine
5a0c7a8c-8a74-4031-a083-9160b45e4769,ACCCC6CC85C,179.85,1.025,0,0,1,grocery,0,genuine
1c439552-c49a-47d2-9845-c5b368bd44b9,ACC049C6980,129.82,0.798,0,0,22,entertainment,0,genuine
1aa4ccb3-2e4c-4107-94c8-038838dcf9c8,ACC77B9597C,198.76,1.236,0,0,11,online_retail,0,genuine
66ec2351-6067-4af9-aad3-a000eeb20fac,ACC866E61C1,47.64,0.866,0,0,16,fuel,0,genuine
6549831e-714d-440d-bba0-89319d857085,ACCD86300CA,77.63,0.449,0,0,17,electronics,0,genuine
809a4dff-6cac-43be-b913-28170d4954b3,ACCCE9C4128,109.89,0.652,0,1,11,fuel,0,genuine
429c80a9-aa64-4529-8ffe-a15ac40f38b2,ACC4328EBBB,245.33,1.296,0,0,7,electronics,0,genuine
4339b650-9098-4b3a-b71d-2d351553bc89,ACC89FB4304,64.01,0.644,0,0,1,travel,0,genuine
ec51b332-b16a-4cc6-aaa1-9f49fab134d4,ACC790C1C58,40.52,1.26,0,0,22,fuel,0,genuine
874a7a76-8eeb-409d-9a87-4c5e3c3f46e6,ACC6BDE26B6,9.45,0.253,0,0,17,fuel,0,genuine
433a4c1e-acdb-4647-bdff-de29d503c4c3,ACC295CE380,157.09,0.799,0,0,9,online_retail,0,genuine
21971de5-e77f-452a-8a69-5bf3cfab37f6,ACC1E39053B,117.16,1.184,0,0,11,restaurant,0,genuine
9c391ac8-784c-4e34-a58d-3423b2bbfb76,ACC080F4BCF,30.5,0.289,0,1,14,fuel,0,genuine
c724233d-d95c-4c89-872b-cc5719cec52a,ACC4B43792F,39.64,0.817,0,0,6,fuel,0,genuine
173ee34c-bdc1-4cc0-9550-8353eb734464,ACC120D4C78,130.99,1.214,1,0,12,utilities,0,genuine
d0ee1bff-e63d-4aa1-baf8-e8cf64c60aad,ACC317B2615,48.82,0.271,0,1,16,grocery,1,new_device
dc970824-b3ba-4bfa-b57b-d63b2fa432c3,ACC468A30E3,173.76,1.604,0,0,12,grocery,0,genuine
32f1f007-276b-4632-8e8f-4686a0554c74,ACC8B3F5DD0,80.86,0.934,0,0,2,grocery,0,genuine
f8203eee-8bfd-4a21-9c09-f0f9198cf8df,ACCBF96BF99,67.0,1.07,0,0,15,entertainment,0,genuine
fd7836a9-41f2-44c7-b934-d69a70974017,ACCB4BE454E,178.88,1.117,0,0,17,utilities,0,genuine
6951dc7c-6e5e-4bc5-a515-c72e52706b70,ACC02350C73,61.67,0.842,0,0,15,travel,0,genuine
b640d5c2-c9d9-416f-a4c4-184391de1899,ACCF4D51612,162.69,1.216,0,1,13,entertainment,1,new_device
c955f8ff-9048-4ec7-9421-df9be091b661,ACCEECD14C8,13.46,0.312,0,0,17,utilities,0,genuine
4922e96d-ec32-484f-81cb-8779f4d4a732,ACC44DDB1DF,51.88,0.655,0,0,0,online_retail,0,genuine
b70b0f4d-5516-4a21-9d4d-e70cd9e86e5d,ACCB8201BFE,27.03,0.258,0,0,6,electronics,0,genuine
de8b1bad-6638-4a66-a050-529bd7800295,ACCC742C7D6,68.32,0.961,1,0,13,electronics,0,genuine
94e3ac6a-e7a5-4009-a712-532a6d6572f5,ACC049C6980,177.02,1.088,0,0,5,fuel,0,genuine
3c5174f9-9295-4dd5-965b-5274c288a3ec,ACC8CA0E9D4,127.44,1.332,1,0,19,grocery,0,genuine
309d8dc8-7c10-40ae-b4de-4d77b5fe4ff5,ACC68859C88,85.5,0.759,0,0,4,fuel,0,genuine
96d4d891-8f0a-4731-a0c2-ab3aa4cb9c3f,ACCFEB58DF9,197.08,1.5,0,0,8,online_retail,0,genuine
174eee63-d0b5-4537-bbbe-9ad285249a41,ACC3BE27A0C,75.56,1.159,0,0,19,travel,0,genuine
eb267258-fff6-4d0c-9b42-97b381bd549e,ACCD77D289A,33.07,0.982,0,0,17,grocery,0,genuine
680359e4-118d-416e-aabf-9bebace235ab,ACC874BD617,111.18,0.821,0,0,11,electronics,0,genuine
469e63af-c251-48e7-8861-66d61625ab89,ACC68FE0D56,120.46,0.82,0,0,3,online_retail,0,genuine
5ba6ce90-654f-431c-8931-637fa6d91fe6,ACCAF841035,145.26,0.82,0,0,1,entertainment,0,genuine
de2aa6a9-cb6c-4373-b843-ed8a9e775ead,ACC819391A9,47.26,1.218,0,0,5,electronics,1,new_device
05d9f4db-02b8-460a-ac91-ce796eb2a93c,ACC434FD0BB,53.34,0.782,0,1,10,restaurant,0,genuine
263e7466-7642-41e7-9fb1-750bb78fe46a,ACC159AEF91,118.15,0.688,0,0,21,grocery,0,genuine
1661551e-9f1e-48a1-89da-754b4902fad8,ACC8B071F50,267.48,1.612,0,0,19,utilities,0,genuine
44be83a9-625e-4ea5-bd5b-3c778e594ec7,ACCFF0D087A,112.18,0.608,0,0,17,fuel,0,genuine
90564339-fac1-4ae1-b7c6-22df2b47e5b2,ACC44476C30,65.36,0.474,0,0,21,electronics,0,genuine
3d5ac619-1871-42aa-859b-b4cf5d0c4dc6,ACCE755C517,71.28,1.261,0,0,15,travel,0,genuine
23197682-3527-4f2f-a128-4107f3da2c36,ACC2467C52B,63.64,1.338,0,0,18,restaurant,0,genuine
aca586f8-146d-459e-bbad-d282a28d7663,ACC55972CEC,209.0,1.337,0,0,18,electronics,0,genuine
7db9eb19-6b00-4508-8a6b-5d436ae7bbc0,ACCBBEDED04,17.39,0.981,0,0,8,fuel,0,genuine
87458790-157e-4f7a-aca8-7b1fdfc30983,ACCBFA30BE8,64.16,1.046,0,0,1,restaurant,0,genuine
42c2dae3-006b-41da-a4d7-7d8d25b1ed2e,ACCC7379D88,143.79,1.385,0,0,8,restaurant,0,genuine
488e8c9b-34fe-4dc4-b08c-df1bee1d1b98,ACCBCFB1EE1,29.98,1.353,0,0,17,online_retail,0,genuine
f01476a7-06df-49e6-8913-875ca98cbbc7,ACCE3BC14DF,205.54,1.27,0,0,20,fuel,0,genuine
7fef1e25-59e3-4cba-8fd8-5224abc5af24,ACCCDE6737B,121.37,1.062,0,0,1,entertainment,0,genuine
aa79876a-728f-48f5-84e5-b8ab156566c1,ACC43CFC7DA,121.3,0.855,0,0,8,entertainment,0,genuine
0739576a-758b-47b9-a936-f2f4920d2480,ACCDFFD27ED,49.63,0.599,0,0,14,entertainment,0,genuine
b836a902-32c9-4312-8e52-3e232ef351c0,ACC1FAB3F77,186.15,1.277,0,0,20,electronics,0,genuine
30d79152-e34c-4774-86e5-6311cc97f8c4,ACC4B9B991E,131.78,0.88,1,0,9,online_retail,1,foreign_location
912ec46b-766f-4475-9df6-9f522a40b569,ACC94AFF365,12.67,0.812,0,0,23,travel,0,genuine
2d31e112-c93c-4789-a98a-761eac767d49,ACC3BE27A0C,56.71,0.87,0,0,18,entertainment,0,genuine
dda483cc-8133-4f82-8072-7e105caecc7c,ACC9C6A7618,67.48,0.448,0,0,16,online_retail,0,genuine
d6366fdd-3982-4c8c-beb2-7603b237abee,ACCEF39B188,192.43,1.662,0,0,23,entertainment,0,genuine
65a62f4d-49c7-40cb-9e82-f6ecce1ec676,ACCE45B9394,143.93,1.727,0,0,22,utilities,0,genuine
f92dd753-2572-4ba7-8ac1-189002ff331d,ACC98A8E15C,111.0,0.922,0,0,0,travel,0,genuine
4f6d8e29-4ecf-4315-8bc5-9ea618fc080d,ACC792E1021,215.99,1.151,0,0,23,electronics,0,genuine
dfe1cb39-a1a3-4b8d-a147-938d40c74f69,ACC36CEEE60,649.99,3.92,0,0,15,utilities,1,huge_amount
811de028-7b10-42b2-81d6-e31aa445d079,ACC8AC68D4A,131.65,0.698,0,1,6,grocery,0,genuine
92e8ff9f-6454-45ab-94f4-eb0f52a425f5,ACC3D0FD592,155.72,1.422,0,0,3,fuel,0,genuine
d3b29af3-becb-420b-830a-0b34974f3dbc,ACC724DAE51,22.03,0.653,0,0,12,online_retail,0,genuine
76fbf8ff-7862-4449-b190-7cfee9923e40,ACCB7261A19,278.42,1.551,0,0,2,entertainment,0,genuine
6f7c06fa-271d-476e-b907-8c780808c2af,ACCBB625750,1081.54,7.558,0,0,10,online_retail,1,huge_amount
b376d477-da59-43b0-9d9d-9bfee8df790a,ACC51CC8D6D,62.18,1.063,0,0,14,utilities,0,genuine
1a5aad1d-a66f-4855-8926-330858be3d89,ACC5E35C0A6,144.75,1.033,0,1,15,electronics,0,genuine
c007146a-168d-4e25-9539-051c0e1a09a3,ACCBDD4EB53,12.25,0.559,0,0,20,grocery,0,genuine
0b132cde-46ee-4bbe-a50a-fe38b5b3e0ee,ACCAA36AA07,70.7,1.398,0,0,1,travel,0,genuine
8cfa4058-5685-4592-8322-0a1af233a3fa,ACC936198A9,37.66,0.489,0,0,14,grocery,0,genuine
7926b30c-e0bc-40c4-8bab-5d29bda6124d,ACCF4D51612,173.85,1.299,0,0,1,online_retail,0,genuine
c80d7dbc-59d8-4620-9e7a-3b34e204223e,ACCBE5476B7,45.67,1.178,0,0,11,travel,0,genuine
b6fee714-a94a-43c5-863b-0d13c04bc8ae,ACC146CFDB2,514.23,3.563,0,0,18,travel,0,genuine
93e87e3e-882e-45e7-ab08-25eac3a9533a,ACCAFBC20C2,61.58,1.319,0,0,3,grocery,0,genuine
88a2bd2b-6376-4d15-88a8-632a029167c3,ACCAA36AA07,87.23,1.724,0,0,2,restaurant,0,genuine
1a88b75f-5dfe-473e-87d8-2661f0e35dd4,ACC5B205BFD,45.96,0.858,0,0,3,grocery,0,genuine
64e1fe03-b081-4fdd-84cd-c518c85b1c8e,ACCBB625750,221.83,1.55,0,1,12,electronics,0,genuine
e8ea6d9b-e79f-4749-8ef7-cf4d7a4ac0c9,ACCB7E41D27,148.17,1.642,0,0,13,utilities,0,genuine
9779b05f-43e7-4086-a8cf-dd180e226190,ACC7F584589,61.63,0.828,0,0,5,grocery,0,genuine
cfd05f91-f022-424f-9893-9d02540b741a,ACC1A07891C,7.63,0.055,0,0,18,electronics,0,genuine
ca04c4e6-85ef-448f-a096-0535ac6ebc91,ACC049C6980,128.63,0.79,0,0,1,restaurant,0,genuine
2152eecb-c6e0-470a-9d22-f1602dc945a0,ACCA12ADE0C,396.14,7.245,0,0,3,entertainment,1,huge_amount
6339361b-6278-4880-8e50-f8919a193bdc,ACC9A66A456,126.11,0.814,0,0,13,utilities,0,genuine
de739537-9e40-4995-8b62-4465a59df5ce,ACC56C616C1,92.75,0.916,0,0,20,utilities,0,genuine
d23c2108-637b-4c1b-973c-0ad2993dea08,ACCB7261A19,239.34,1.333,1,0,18,electronics,0,genuine
d9afc985-ea01-4005-93ba-ca446846371c,ACCE90CC233,63.28,1.519,0,0,23,grocery,0,genuine
464e3d8b-3a65-4637-bb7b-a7c55ffc0eee,ACC0F82A889,206.63,1.404,0,0,12,fuel,0,genuine
c43b7b44-2313-4dee-8667-fce275e7d5aa,ACC6755B550,12.53,0.415,0,0,6,fuel,0,genuine
9d15e456-193b-493a-82f2-53287d5fd142,ACC707FD242,145.45,1.51,0,0,13,entertainment,0,genuine
cabd7502-1d1c-4419-badb-bd8840a6e5e1,ACCCB6BC567,56.15,1.182,0,0,10,restaurant,0,genuine
11e081d9-f9f8-4b7e-8541-9ec1265fdd98,ACCB582C3E4,60.31,0.878,0,0,16,electronics,0,genuine
1814b7e0-4416-43dd-bc17-fbda379ca615,ACCBE5476B7,32.0,0.825,0,0,13,travel,0,genuine
5da9ea7e-b2ad-46db-b094-9513a01cfc19,ACC785F9AD5,239.7,1.47,1,0,20,online_retail,0,genuine
3b6e393b-3cce-4916-a88f-ed92e1df3d8c,ACCE6F7E64B,229.87,1.214,0,0,12,entertainment,0,genuine
3cdac544-7ab4-4d0e-bc4b-e774ba88225d,ACCF3D6177F,23.13,1.309,0,0,18,entertainment,0,genuine
6b660ceb-2fe2-4d0c-8596-f33b8076ff9a,ACCC6121509,17.4,0.804,0,0,5,fuel,0,genuine
ed7a7310-3771-446b-841b-2637a394c242,ACCB7261A19,203.98,1.136,0,0,13,fuel,0,genuine
f03edf36-1857-4e30-8297-0da562cb9dd4,ACC834F38DE,69.86,0.667,0,0,6,online_retail,0,genuine
9191a3cf-f12f-4263-9cb3-c5608b83ceed,ACCB8201BFE,161.95,1.548,0,0,23,utilities,0,genuine
04f4b6ff-71f8-416f-8b56-bc0a6cf6895c,ACC707FD242,71.16,0.739,0,1,10,restaurant,1,new_device
749ba9f6-2212-4300-b12e-8e62045290da,ACC6E29EDDC,379.71,3.169,0,0,6,grocery,0,genuine
354fe9d7-79b5-43e0-8a98-7b05ba531a48,ACCCB6BC567,44.66,0.94,0,0,11,grocery,0,genuine
886bbd90-3ffb-4c4e-97e1-b0e4e9cf12be,ACC91469B41,11.27,0.573,0,0,14,travel,0,genuine
f0bb104b-a7e9-495e-9b75-63ffb5c9d3be,ACCE90CC233,28.13,0.675,1,0,13,online_retail,0,genuine
e3abad36-af51-417f-a446-68c0c48d44c4,ACCABC666C2,86.47,0.49,0,0,9,utilities,0,genuine
e5114b7a-d2da-4286-ba34-c42d3d30b931,ACC44DDB1DF,55.91,0.706,0,1,16,grocery,1,new_device
74a2c940-b8ae-4d8b-a608-45c39244386a,ACC209F2457,256.82,1.373,0,0,8,travel,0,genuine
aa8e605c-76c7-4a0b-80bd-19ff7305194b,ACC5A2D2562,12.56,0.425,0,0,1,online_retail,0,genuine
c3d2351f-4b24-4c1e-8272-1880c6ecc9b9,ACCA8070C69,118.52,0.76,0,0,2,utilities,0,genuine
575ae8d6-479c-4872-91ea-c67ab015661c,ACC4149DCC6,36.0,0.823,0,0,9,fuel,0,genuine
d51197cf-acbc-40a2-af28-ae37a2897d68,ACC4C1060FF,276.88,1.488,0,0,11,fuel,0,genuine
e1f756d4-1dad-4047-b241-954f1f73a3b2,ACC0D26E623,42.51,1.038,0,0,22,restaurant,0,genuine
14e87bc1-d1c1-44a5-98cf-9875aed6d9cd,ACCBCFB1EE1,18.89,0.853,1,0,20,fuel,0,genuine
da4ab7d4-6209-4125-8c8b-df4a3d65c1fd,ACC30BAEE93,35.69,0.644,0,0,20,entertainment,0,genuine
f59e0fd4-1773-46f4-957d-a5666332b6e6,ACCA8AE6BA8,49.1,1.3,0,0,5,utilities,0,genuine
c735716b-c018-43e6-ba98-564993e38a82,ACCA8AE6BA8,53.23,1.41,1,0,19,entertainment,1,foreign_location
6342cf80-fd7d-4c5a-8342-fe67ee04358b,ACCD99DF024,170.03,1.046,0,0,13,restaurant,0,genuine
49da182b-e47c-4202-b7b5-e5266eff8989,ACCB7FD1801,126.26,1.081,0,0,20,online_retail,0,genuine
dae2207f-18ef-42b1-9e71-2a0bc113f8d4,ACC7661F9A1,36.11,0.624,0,0,13,travel,0,genuine
d2bc194d-1df5-4fae-bbfc-0260ea973a2d,ACC6BDE26B6,40.96,1.098,0,0,5,utilities,0,genuine
6b6b8107-de1b-40de-b235-06c33ab18d4e,ACCB7E41D27,56.98,0.631,0,0,9,utilities,0,genuine
bf01796e-a6a6-4868-a493-b9e27107ef61,ACCEAF23921,98.18,1.232,0,0,14,utilities,0,genuine
c51c1317-aa4a-4f10-aed1-e0616a873402,ACCD8D566E9,574.42,3.454,0,0,22,restaurant,0,genuine
a0f9fbdf-d043-4c02-9bc8-9de875d9ac2a,ACCB8B8E9BE,116.13,1.215,0,0,15,restaurant,0,genuine
9a9168de-f426-442e-a369-2afd39d4fdd5,ACCAF664302,51.22,1.342,0,0,21,utilities,0,genuine
5697aa97-11dd-42c5-8e7b-e291105ae1fd,ACC4149DCC6,39.23,0.897,0,0,2,fuel,0,genuine
87ffcee3-79bb-4554-9180-c44e58a1debe,ACC6781637F,221.51,1.207,0,0,9,electronics,0,genuine
6957f715-7444-4bc9-b059-3c6794a7fdf3,ACCAFBC20C2,43.97,0.942,0,0,17,utilities,0,genuine
532f2f03-428c-4cc5-b9a9-734a562a9e78,ACC17C90D98,229.12,1.232,1,1,11,electronics,0,genuine
aff600e2-df67-4cd6-aaef-27d7d7183f82,ACC63A8249C,27.44,1.01,0,0,18,fuel,0,genuine
6a9f145b-986d-4a4d-90f9-8930c17d4be2,ACC431B338F,61.19,0.754,0,0,21,grocery,0,genuine
2c89e979-9699-4208-a948-fb20adb7b645,ACC4C275212,151.07,0.997,0,0,2,fuel,0,genuine
1317f582-edb1-4438-8cf6-7d44253605a3,ACC5E8DD908,166.42,0.996,0,0,20,restaurant,0,genuine
9b715c0e-8c2f-4d10-856e-9a643fa2ed98,ACCC7CCB237,184.74,1.499,0,0,18,utilities,0,genuine
b0e97835-01c6-41fd-82f8-2c5106367ba0,ACCF8C437FB,33.07,0.699,0,0,0,online_retail,0,genuine
03fb3123-b88d-4170-8b76-179ae475a80b,ACC69F86FC2,200.41,1.08,0,0,23,electronics,0,genuine
0152dee7-d819-42d8-a7e2-8ffb2d647e74,ACC790525E5,176.27,1.307,0,0,8,online_retail,0,genuine
eebec85b-960b-4707-a455-0b1d672803c2,ACC67FED836,56.78,1.49,0,0,3,online_retail,0,genuine
1ce96126-f4af-46ce-a58a-43cc5e64983e,ACCFABA81CE,112.97,0.573,1,0,2,travel,0,genuine
69f17e38-4598-4e5b-a559-7392f9650a49,ACCB5426310,71.78,0.986,1,0,18,electronics,0,genuine
b8b06450-f0af-4a0c-95e2-d054a301a957,ACCD81E32FD,56.16,1.075,0,0,18,restaurant,0,genuine
28d4d9db-5fa2-4390-bba6-57a7e516fb64,ACCC0703F18,86.75,0.462,0,0,4,electronics,0,genuine
bb55246e-6ca4-458c-b1e5-0af3b909f53b,ACC0D26E623,33.53,0.819,0,0,16,travel,0,genuine
8e772be2-346a-4d42-95bd-2d05d37dc682,ACC8883AEB4,39.25,0.731,0,0,18,electronics,0,genuine
2532ce8b-7c02-4571-a4e9-cb1af2e35aad,ACC604B3540,167.11,1.055,0,0,23,electronics,1,stealthy
a853440d-b4f3-4fef-8a51-720f4befec62,ACCEAF23921,94.82,1.19,0,0,0,online_retail,0,genuine
5d9f8252-68f1-44cc-84e0-33ff550533ae,ACCAFE32BE6,250.34,1.429,0,0,2,restaurant,0,genuine
bccd6d46-1768-4dba-bfb5-4040af1f27b0,ACCA1BB6B6C,99.34,0.745,0,0,16,travel,0,genuine
9f482c95-b2cc-401b-a9b3-a5be73812376,ACCF524BA52,203.95,1.25,0,0,17,utilities,0,genuine
a2a4d71f-0016-4350-86ad-4941f50508f5,ACC73A1A864,112.14,1.359,0,0,1,grocery,0,genuine
74d2bfdc-b300-47fe-8a6f-deb66cd5634a,ACC44DDB1DF,126.29,1.595,0,0,14,electronics,0,genuine
d50d05c4-1ed8-4903-b35f-48b30ee40875,ACCFEB51908,216.22,1.315,1,0,22,grocery,1,foreign_location
eb9c0525-bb8c-4ae8-bf38-65c47ab40f0d,ACCB8B8E9BE,105.19,1.1,0,0,23,utilities,0,genuine
830e76b6-671c-4040-bab2-b43b705cd60a,ACC8B071F50,89.89,0.542,0,0,3,restaurant,0,genuine
93b97257-0991-4aa6-9e98-356c8da9cb8c,ACCBDEED3A1,10.92,0.702,0,0,9,utilities,0,genuine
c68e6baf-41f0-4fad-a492-d5786c4c7cca,ACCC7DF1C25,105.64,1.209,0,0,21,entertainment,0,genuine
c2be2fc1-301f-4c4e-8a2b-ce27bc94df6b,ACC485CBED1,165.78,1.206,0,1,14,restaurant,0,genuine
2cb4c9b7-e365-43f5-afe6-cf79e76cb498,ACC3CC490D1,79.31,1.148,1,0,18,grocery,0,genuine
44f430b5-81f4-4858-8900-70530e867c35,ACC028C6BF2,109.26,0.995,0,0,23,fuel,0,genuine
c1705260-37fc-4360-ba3a-6a82e4634743,ACCB8B8E9BE,90.33,0.945,1,0,11,fuel,0,genuine
fe813cf3-dc7f-44ab-b205-7bc10f5deae8,ACC2F2FD99E,40.42,0.602,0,0,17,grocery,0,genuine
f7733df4-b856-4651-b226-ddc7c16745fe,ACC91469B41,19.35,0.983,0,0,4,grocery,0,genuine
9a37a3fe-d2ec-41d5-a208-a7472de78da4,ACC3CC490D1,89.71,1.299,0,0,17,utilities,0,genuine
5d46e667-f85b-4e59-a70e-d6f83aa10831,ACC02350C73,23.9,0.326,0,0,5,fuel,0,genuine
b79ef168-897d-405e-9958-40c55a7d04ff,ACC434FD0BB,19.7,0.289,0,0,3,utilities,0,genuine
c71a8ef6-2b31-431c-b10c-3b6099cc5742,ACC48A4DD1A,33.3,1.089,0,0,13,restaurant,0,genuine
22928677-af1a-40f9-a046-88fe0a4b0611,ACC18319CF0,44.58,0.746,0,1,18,utilities,0,genuine
7228d6ec-8103-4251-b76a-e32aa5a965d4,ACC52E63E8E,49.66,0.706,0,0,19,electronics,0,genuine
7688eafd-b87e-4e75-8375-cd21f276e916,ACCFF0D087A,383.55,2.078,0,0,7,grocery,0,genuine
e9fea069-f9c3-4b49-b8c2-ab2372905824,ACC08968071,174.17,0.954,0,0,19,electronics,0,genuine
b5e95fb6-33c6-4731-ae8b-f24fb115deb7,ACC434FD0BB,74.01,1.086,0,0,8,utilities,0,genuine
e3578e39-9ba7-4c8c-8077-90ac633ee031,ACCE755C517,60.36,1.068,0,0,18,utilities,1,foreign_location
5f1273ed-b2fa-4d04-9106-90dc09c586c5,ACC72FC33FB,93.0,0.699,0,0,23,entertainment,0,genuine
13ffdacc-e7e7-4beb-b5f0-b0cc6de8fc1f,ACC47DBDD62,167.21,1.636,0,0,11,restaurant,0,genuine
5e49aa4d-99e4-48a4-abe2-f4d29ae2a37a,ACC8CF8E85D,103.77,1.09,0,1,5,entertainment,0,genuine
0285e7b2-3151-4db7-b2a8-a3315b834ca5,ACC3A1439DA,272.68,1.681,0,0,2,fuel,0,genuine
70c9c085-b080-4cee-b33d-2f360b54638b,ACCB6304D6D,199.68,1.253,0,0,14,travel,0,genuine
1435271d-dc4c-477f-b11c-38485540d159,ACC0D26E623,33.67,0.822,0,0,16,travel,0,genuine
ccfe8625-1da9-4568-b056-c1de11007faa,ACC52E63E8E,49.71,0.707,0,0,5,online_retail,0,genuine
63b0998d-6bca-4f40-af4e-3ac5ba23e52c,ACCFD91D323,85.26,0.912,0,0,16,travel,0,genuine
3b651c17-7672-4384-8a7b-6cab65a5efb5,ACCAF841035,137.18,0.775,0,0,13,utilities,0,genuine
74132f2f-99ba-44e3-9950-f1bbcc37f296,ACC936198A9,373.81,4.853,0,0,4,travel,0,genuine
088500c1-ee2c-437a-8c43-2c21c3736bb4,ACCC742C7D6,99.95,1.406,0,0,7,electronics,0,genuine
fcced4c4-3b14-47e4-9d0a-fcdbdd86a383,ACC209F2457,199.12,1.064,0,0,5,fuel,1,foreign_location
6db3c505-05ac-46c6-bcb9-3861db9c8cff,ACC52E63E8E,75.66,1.075,0,0,13,grocery,0,genuine
ac20d224-cf51-4f17-8ee4-c14a794c3c5f,ACC44476C30,59.06,0.428,0,0,23,online_retail,0,genuine
3643b33c-a258-492b-8894-22bbfb30dea1,ACCDA024530,162.52,1.268,0,0,22,utilities,0,genuine
c3d24b6b-985a-4892-ac73-d10a43185681,ACC7A03D049,27.99,0.563,0,0,10,grocery,0,genuine
1ab5f365-51ea-4ef6-a5e1-a47b9cba35be,ACCEB67227A,281.91,1.542,0,0,6,fuel,0,genuine
e02c3fdd-e0d1-4ef7-bd63-f026b691f16f,ACCE755C517,73.17,1.295,0,0,22,utilities,0,genuine
1d463432-de4a-47ad-b9a9-6286185e0ad3,ACC36CEEE60,1583.43,9.55,0,0,14,travel,1,huge_amount
801b5af2-b9df-4088-81c1-dec8b4d28eeb,ACC50C40EE9,99.23,1.02,0,0,15,travel,0,genuine
a45f19da-6f3b-47cd-a7fc-3a2306c2ddfd,ACCF4D51612,176.09,1.316,0,0,16,restaurant,0,genuine
dbd52115-6bcb-468a-b40a-5e16eb6b5ed5,ACC476E30AF,50.46,1.065,0,0,7,utilities,1,stealthy
91cbde92-6ff4-4c36-9fc2-f48b1308eb3b,ACC431B338F,100.04,1.232,0,0,3,electronics,0,genuine
0b08e2bd-86a6-4490-b788-04f066ee512f,ACC94AF39FF,96.58,1.403,0,0,2,restaurant,0,genuine
3fd8d943-a3af-4b8a-86e9-cd42deb7bf21,ACC8F3BC4D8,50.38,0.8,0,0,4,travel,0,genuine
86160255-410b-4426-8b84-3bbb439e1a50,ACC2CED7AA4,152.25,1.122,0,1,0,travel,0,genuine
2aa86003-4824-4782-8448-1dbb35884ae8,ACC4D610E4D,29.05,1.044,0,0,7,utilities,0,genuine
2f7cfcc5-4fc5-46da-a3ef-fb7a10b213f3,ACC49711EE2,122.81,0.671,0,0,7,online_retail,0,genuine
46a6d70b-9bc4-46c0-b6e3-c6c13d3045d6,ACC30BAEE93,61.03,1.101,0,0,14,travel,0,genuine
a0eef9ff-b177-4147-b683-17cde75f5cf1,ACC4C1060FF,244.57,1.314,0,0,17,utilities,0,genuine
3b7422d7-237a-4062-980c-9631a8d7272b,ACC3BE27A0C,117.9,1.808,0,0,10,entertainment,0,genuine
f29e4d8b-f938-4f73-bb24-a1e31a75cd81,ACC790C1C58,22.34,0.695,0,0,0,fuel,0,genuine
5b76fe71-4a0a-4fde-a369-091fb2da709b,ACC8D51567D,118.05,1.385,0,0,1,utilities,0,genuine
1d9a8ee0-fc94-48a6-8652-aa8800ffda4a,ACC63A8249C,325.33,11.974,0,0,6,restaurant,1,huge_amount
21974211-3414-48cf-84d7-228fcc2fd8e6,ACC50C40EE9,84.72,0.871,0,0,4,entertainment,0,genuine
d4de841a-9ac4-4ff3-a960-024447145a2c,ACC77B9597C,319.81,1.988,0,0,20,restaurant,0,genuine
65427441-7760-4bd4-b258-f0a1f92852f3,ACC6F7D92B8,35.48,0.896,0,0,14,restaurant,0,genuine
8a40de40-60bf-4a43-bb86-cfac0735d468,ACCD07853CF,87.26,0.711,0,0,23,utilities,0,genuine
0fd33fcf-8b34-4a59-95e1-da20c109355a,ACCAFBC20C2,72.05,1.543,0,0,21,restaurant,0,genuine
69c03a84-14e3-4e92-ab18-648fa923d9c6,ACC468A30E3,71.56,0.661,0,0,7,online_retail,0,genuine
a723b98e-078a-4d81-97dd-9ad046ac2315,ACC431B338F,89.97,1.108,0,0,20,restaurant,0,genuine
417c4ac3-877a-4b7d-bb32-e234f215e12f,ACC22163AB8,91.93,1.069,0,1,14,entertainment,0,genuine
dd3826bf-eeb8-4a34-a517-902deb9bd7d7,ACC051D694E,74.98,1.029,0,0,9,electronics,0,genuine
9b378641-0161-48a7-bd4f-5d45b3ed8d78,ACC44DDB1DF,103.73,1.31,0,0,18,online_retail,0,genuine
8b10bdc1-e13d-464f-bbd6-bed59121efca,ACC5E53E80D,111.46,1.246,0,0,20,electronics,0,genuine
965c7f27-1475-4320-b0bb-14870a509095,ACC8CA0E9D4,89.11,0.931,0,0,18,fuel,0,genuine
7a960e6e-a84b-4b2a-9daa-aa6ef29b484a,ACC834F38DE,117.23,1.119,0,1,22,restaurant,0,genuine
b1515782-a327-4bf4-b77a-31fa93225833,ACCCB6BC567,30.57,0.643,0,1,12,online_retail,1,new_device
f2e0d883-d155-4b60-a990-d090b5a31aa8,ACC4D610E4D,38.59,1.387,0,0,10,utilities,0,genuine
da270b85-9a13-49ec-9d37-da1afd53ad79,ACC30D0A6A0,268.9,1.677,0,0,17,restaurant,0,genuine
4efb3fc5-4e78-482c-abc1-d7a88a88c962,ACC790525E5,157.34,1.167,0,0,10,restaurant,0,genuine
a29cb68d-2e3c-4cf4-8e0b-0b8ba6bc88ca,ACC67FED836,26.08,0.684,0,0,20,fuel,0,genuine
9a779ec4-f402-4978-92eb-bfdff0f0d3d4,ACC18319CF0,41.93,0.701,0,0,11,electronics,0,genuine
86990cb4-1c44-4dc3-9a4a-c9bb3a79e32e,ACC132E6B03,50.09,0.624,0,0,16,electronics,0,genuine
34293e24-11a4-438b-a848-38c28da6ca43,ACC3CC490D1,148.04,2.143,0,0,5,grocery,0,genuine
9f73ecce-e3f5-4297-9b44-66cce69fe647,ACCCDE6737B,109.72,0.96,0,0,19,online_retail,0,genuine
0e7c633b-97b3-4ff9-89a6-b5fbc44d5dcd,ACC4D610E4D,38.0,1.366,0,0,12,restaurant,0,genuine
333df903-1f63-4184-8bcc-7b75a534d12b,ACC44476C30,139.67,1.012,0,0,3,grocery,0,genuine
f518fc64-9fa5-44c1-8b71-ce96880591db,ACCF6D9DFAD,29.26,0.456,0,0,1,grocery,0,genuine
2a2b9e5c-6788-4e2d-a267-b5401d8702eb,ACC080F4BCF,176.42,1.669,0,0,19,utilities,0,genuine
5173b94e-fc23-44d4-9809-72db824b3bd3,ACCA73977CA,475.71,2.583,0,0,18,electronics,0,genuine
33b28a2c-700c-43e2-a0c3-81d5b8495e59,ACC6F7D92B8,30.33,0.766,0,0,0,online_retail,0,genuine
1a2866e3-c6a6-4eba-966e-1a4d6e1f8b35,ACC4BCFE47D,34.57,0.799,0,0,3,entertainment,0,genuine
8b8b7504-ba9a-4a76-9646-bd02b81c5765,ACC22F5FFD2,120.01,1.233,0,0,0,grocery,0,genuine
d00d5f4f-a990-4f86-8277-bc893fbb80e2,ACCB582C3E4,84.13,1.224,0,0,17,electronics,0,genuine
4bfb9a73-78ec-4d08-b89a-e44f5ec02f05,ACCC0703F18,131.26,0.699,0,1,10,grocery,0,genuine
1da27386-2ba6-47de-ab72-794b63913b52,ACC159AEF91,49.25,0.287,0,0,15,entertainment,0,genuine
b57f084b-b8f7-44d6-be5e-946b12a8ce80,ACC5ECECCC8,9.36,0.552,0,0,21,entertainment,0,genuine
1b0bde29-7f48-47cf-8675-681c4ba51444,ACCE3367E61,148.58,0.909,0,0,4,entertainment,0,genuine
a5c1f419-d565-44b1-baae-d0ee9b9ff837,ACCC742C7D6,45.09,0.634,0,0,18,electronics,0,genuine
bc6982a0-8147-4b2b-a10d-f87bebf96e8d,ACC51CC8D6D,48.17,0.823,0,0,9,entertainment,0,genuine
0ad97e23-1f8e-428b-883d-3ed9f37fbdd2,ACCB7FD1801,105.35,0.902,0,0,22,fuel,0,genuine
b199b514-8029-4c48-a272-0b83e427d459,ACCF8A2CF4C,134.96,1.322,0,0,15,online_retail,0,genuine
fd652fe9-787c-4a2c-8746-ee809cf9d44c,ACC3A936184,288.24,1.921,0,0,19,utilities,0,genuine
643f7a56-b1ce-4e9a-95c9-724040d9f68e,ACC98A8E15C,174.03,1.445,0,1,4,online_retail,1,new_device
40c05d81-f5d8-4488-9acd-59936a3ed1b7,ACC5E8DD908,201.17,1.204,0,0,19,fuel,0,genuine
da12eb7c-db44-46af-a641-ee763cfed41e,ACC6A7B8E91,202.01,1.394,0,0,18,fuel,0,genuine
952b8055-cbaa-4c37-825c-21368557697b,ACCE549AC1F,73.94,1.211,0,0,19,restaurant,0,genuine
79853e01-ab9f-44ac-9c7f-b9e65cf16223,ACC16193C5E,62.97,0.594,0,0,1,fuel,0,genuine
f750999f-c376-4a73-b15c-c86f5cf2379e,ACC792E1021,134.57,0.717,0,0,15,restaurant,0,genuine
b13fbdde-be26-4112-99cd-84eb90c20300,ACC7A03D049,36.57,0.736,0,0,4,online_retail,0,genuine
9b7c4dbd-1750-4b1f-b18a-f5bc78607e22,ACC0F82A889,234.96,1.596,0,0,11,grocery,0,genuine
0085b7a5-477e-4fa7-970a-a549554ca01d,ACC30D0A6A0,181.61,1.133,0,0,5,travel,0,genuine
bd074dc4-056e-4ec3-9fff-93bc7afb5f7c,ACC9C33D69A,34.16,0.719,0,0,3,restaurant,0,genuine
0eed9bef-1825-498b-bf5c-8e4e3c8c0f73,ACC4D610E4D,31.67,1.138,0,0,16,utilities,0,genuine
254cc804-f21f-468a-a32b-ec8729b23eae,ACC5E53E80D,123.73,1.383,0,0,8,electronics,0,genuine
8ff9bc71-8579-4dec-bfab-ea739d020c18,ACCB7E41D27,36.08,0.4,0,0,17,online_retail,0,genuine
2f09ea4a-0ce7-44ff-a13c-c88b8f3cd3a5,ACC38C22FBD,184.71,1.037,0,0,17,restaurant,0,genuine
531e6fd9-1bb1-46f1-add0-4ca3eddbaaeb,ACCB7E41D27,92.1,1.02,0,0,17,restaurant,0,genuine
245fde2a-41cd-4f4c-9ba5-a38127c50e23,ACCA6791AA0,82.41,0.826,0,0,11,electronics,0,genuine
fac98255-2ce3-4f6d-959f-e3b00f34cfe5,ACC145D3692,121.17,0.922,0,0,10,electronics,0,genuine
ae29c00a-3ef8-46d0-bbaa-ccdd7690f5b7,ACCDA024530,101.29,0.79,0,0,6,travel,0,genuine
1d270124-0688-49da-a9f0-4b1c4de9dbcb,ACCB17AC2ED,32.55,1.024,0,0,5,fuel,0,genuine
fa3d9935-31c5-44fb-8a7b-2766882f9d93,ACC481A3694,72.77,0.594,0,0,17,fuel,0,genuine
79f4efb6-7164-411f-85e2-23eea6196cc6,ACC52E63E8E,105.85,1.505,1,0,4,fuel,0,genuine
1a6dad0c-2170-479f-b865-e1b57df11833,ACC91469B41,24.23,1.231,0,0,2,electronics,0,genuine
b5f34098-b874-4db5-8a65-da475c9c0d0d,ACC30BAEE93,41.46,0.748,0,0,18,electronics,0,genuine
336f7e86-a7e4-4735-ae41-d7d3c843d74b,ACCB7FD1801,59.32,0.508,0,0,3,restaurant,1,stealthy
ca8f1763-39d3-4419-9806-82abb1a9933b,ACCA6791AA0,81.06,0.813,0,0,1,online_retail,0,genuine
14882d64-cde3-4886-aaac-d501d2f7f869,ACCB6304D6D,163.73,1.028,0,0,5,travel,0,genuine
b6b28f02-5f02-4777-8021-560f20e905f2,ACC8B071F50,225.85,1.361,0,1,21,online_retail,0,genuine
0e36490a-e1ee-4506-ad5d-abb66a2f086a,ACCE6F7E64B,68.19,0.36,0,0,19,online_retail,0,genuine
bd668827-4be1-4c35-ad60-5e2920cb8e40,ACCFABA81CE,135.02,0.685,0,0,15,utilities,0,genuine
43a04565-c74a-455b-8a98-38f4e0fbb4c8,ACC863BB6E8,36.05,1.26,1,0,11,entertainment,0,genuine
342ea06a-2977-44aa-9adf-24cd0a5f281a,ACC7131637D,156.24,1.306,0,0,1,entertainment,0,genuine
9a20f815-e7c7-4ab8-8577-8bd97c46f102,ACC59EA8486,69.08,0.442,0,1,1,fuel,0,genuine
1d9e6b17-7a19-4383-81c0-40df746b0043,ACC82566958,131.37,1.286,0,0,4,restaurant,0,genuine
96d3594e-c290-444b-8068-ba3944fcc899,ACC8D51567D,108.33,1.271,0,0,23,grocery,0,genuine
d83d4599-9494-4029-99c2-a542da5b9951,ACC3A936184,239.44,1.596,0,0,4,restaurant,0,genuine
bcf76d03-26a5-4793-9887-3cd184038052,ACC33790CF6,116.43,0.738,0,0,0,restaurant,0,genuine
78b34f64-a289-4cff-8170-51214bfecf82,ACC8B071F50,145.13,0.875,0,1,19,entertainment,0,genuine
f6d4ecb6-724c-49ea-818b-76b4fb8379d7,ACC27B72436,258.42,1.521,0,0,7,utilities,0,genuine
a74fcb53-c0ca-486a-b08e-afa6da96cad3,ACCAFE32BE6,44.58,0.254,1,0,8,online_retail,0,genuine
58f425eb-dccb-4337-a987-008e74aeb20c,ACC37920886,120.84,1.081,0,0,11,travel,0,genuine
2a2785a9-f8e3-4847-9403-59ae87dfa2b4,ACC592716F0,62.73,1.058,0,1,7,travel,1,new_device
64fafb3d-c2d8-48fa-95d3-1a1ed41da41f,ACC146CFDB2,144.43,1.001,0,0,13,grocery,0,genuine
89d21312-f7a7-4bc0-8cb8-9ac463083569,ACC48A4DD1A,29.77,0.973,0,0,1,fuel,0,genuine
03038287-da8a-426b-b477-8b0637b4da66,ACCA8070C69,175.57,1.127,0,0,22,utilities,0,genuine
9a09c31c-f11a-4852-adae-a1c160eab54f,ACC724DAE51,285.24,8.452,0,0,1,grocery,1,huge_amount
e89b2f36-1355-4bce-b63b-1c362d6f09bc,ACC6781637F,80.99,0.441,0,0,5,electronics,0,genuine
a17856b9-b8a9-4647-81d7-913d5e3c5c76,ACC73A1A864,87.51,1.061,0,0,12,electronics,0,genuine
1939cbe7-552a-44b6-b033-f735e2ce7b70,ACCFEB58DF9,208.89,1.59,1,0,22,restaurant,1,foreign_location
61b1fe09-c21d-4689-a8e8-83474e911f01,ACC6F7D92B8,12.63,0.319,0,0,15,grocery,0,genuine
ec73b949-6686-417b-9362-3deb0b287c69,ACC0ED0AD12,82.62,0.844,0,0,19,online_retail,0,genuine
9e9ba3b7-5f8e-45b0-a274-91b44ed7d0a5,ACCE3BC14DF,183.13,1.132,1,0,8,grocery,0,genuine
ef39e145-b69b-4dd1-9495-1dc9d586a0fc,ACC2BCDCDD4,29.16,0.599,0,0,15,utilities,0,genuine
0bf7946c-4f50-4669-b3ee-980edcf897d5,ACC476E30AF,34.47,0.728,0,0,9,restaurant,0,genuine
81a3a152-487b-4bf4-8b13-f55af7d880ea,ACCAF841035,204.74,1.156,0,0,14,entertainment,0,genuine
11800f12-bced-4012-84bf-85377b1a8bd3,ACCB6304D6D,94.78,0.595,0,0,2,travel,0,genuine
4dc88ddf-a7d0-4a3d-8480-5b2a19967b39,ACCC1DD744F,59.65,1.047,0,1,2,grocery,0,genuine
d0de37f5-562d-4e22-a850-77046f3312d8,ACC4C275212,138.77,0.916,0,0,18,electronics,0,genuine
79297808-2993-4a69-92ee-6d9261b690b6,ACC604B3540,569.41,3.594,0,1,22,online_retail,0,genuine
faf2da8e-1676-4a87-a513-2dc70dd43040,ACC73A1A864,137.67,1.669,0,0,14,restaurant,0,genuine
040c84f5-9919-4982-a4b8-647f34e31f9f,ACC8D51567D,22.84,0.268,0,0,22,electronics,0,genuine
9e80ff8a-90e4-46ef-8d89-583759047a78,ACCC0703F18,145.45,0.775,0,0,2,utilities,0,genuine
724b6f75-cb0f-4a1d-86af-009835ffda7c,ACC6BDA8076,179.07,1.188,0,0,2,restaurant,0,genuine
9957fb3d-aafa-489e-a7a0-76d56974feea,ACC44476C30,72.83,0.528,0,0,8,travel,0,genuine
c5660d72-4f25-4305-8f3b-6b8b03770c6f,ACC59EA8486,255.26,1.634,0,0,9,restaurant,0,genuine
0712930d-ef1b-48a1-8f14-7666bb0e5ef5,ACCC2C6420D,72.94,0.504,0,0,6,travel,0,genuine
ccdca680-d7d5-4ef1-af51-a4f7d6aa0e23,ACCC0703F18,91.44,0.487,0,0,19,grocery,0,genuine
173a5ff5-f749-4b95-b340-3546e9bb08e7,ACC481A3694,139.4,1.138,0,0,4,electronics,0,genuine
78b56ae6-a9e6-4a77-b3fc-44d50166d232,ACC2467C52B,43.12,0.907,1,0,0,utilities,0,genuine
b793f158-55af-4ae9-a4fe-aa03a5e63f1c,ACC22F5FFD2,30.02,0.309,0,0,3,grocery,0,genuine
2cf90caa-5fef-4410-8c01-b1b7e7ce0d8f,ACC8B071F50,118.93,0.717,0,0,19,entertainment,0,genuine
88e02e2e-c626-4903-a4c0-55adcb1e962a,ACCEECD14C8,56.0,1.297,1,0,13,entertainment,0,genuine
38dbe986-0ff9-4289-9a15-219c74ea6d0e,ACC8AC68D4A,208.67,1.107,0,0,22,entertainment,0,genuine
3c0db293-83d2-4937-b32b-ecf0bc0c070b,ACCA73977CA,134.22,0.729,0,0,21,restaurant,0,genuine
8172cb3f-8885-4f7a-bbd0-be31f0af1ee6,ACCA1BB6B6C,57.86,0.434,0,0,9,utilities,0,genuine
84e24eff-874e-4cb9-8035-ed5db357d3e1,ACC72FC33FB,183.8,1.381,0,0,10,grocery,1,stealthy
9db38873-43a3-46ca-8a12-eeb9a4458740,ACC7131637D,130.31,1.089,1,0,19,electronics,0,genuine
a0240910-4273-489f-88ef-2b182fbf12f0,ACC028C6BF2,229.46,2.09,0,0,5,online_retail,0,genuine
b747e55c-2ec3-4418-8785-fc8d52e1ad9d,ACCBE5476B7,51.2,1.32,0,0,14,entertainment,0,genuine
7862dfe1-3a90-4b4c-a568-34317c164996,ACC2E4F73FD,65.69,1.222,0,0,22,grocery,0,genuine
1af70454-def8-4765-ac49-52fdcfd16b6a,ACC94AF39FF,103.83,1.509,0,0,15,travel,0,genuine
bd29e97d-42f3-4208-a0cc-04832530ae20,ACCAA36AA07,10.26,0.203,0,0,21,fuel,0,genuine
bd0d33a5-a8ef-42a5-854e-dd3bb4cf1337,ACC936198A9,82.72,1.074,0,0,2,travel,0,genuine
8ce14bae-8796-42ae-aa7d-e00bbe3a9fc9,ACC44476C30,195.52,1.417,0,0,13,utilities,0,genuine
9b46ca0d-dd82-4da6-85cf-fa6e4af88653,ACC44DDB1DF,103.73,1.31,0,1,11,online_retail,1,new_device
3d6332b5-7755-4fe8-b925-dd3d1daa4099,ACCEE57A8CC,105.21,0.778,1,0,4,electronics,0,genuine
3c25f9a9-bfb7-4e40-8e3c-575fc82d83aa,ACC8B88E484,554.85,7.231,0,0,16,online_retail,1,huge_amount
1c99aaa9-f9d1-4bcf-8b9a-42781868ecf3,ACC936198A9,66.41,0.862,0,1,19,grocery,0,genuine
f8c1ea58-339b-4667-b0e5-75a6cb4b842d,ACC47C1AE01,94.73,0.869,0,0,19,electronics,0,genuine
22efc997-3d32-440a-b0a3-6d6eb76c3ba8,ACC38C22FBD,325.32,1.826,0,0,15,grocery,0,genuine
b82715d5-87e7-449b-99bc-97085394efb9,ACC476E30AF,52.46,1.108,0,0,18,restaurant,0,genuine
5dc2e705-dde9-4f0b-b424-98edd6f0db84,ACC0ED0AD12,96.6,0.986,0,0,4,utilities,0,genuine
dbeaa846-4f11-4e00-8bf7-d7527ed45cd8,ACC8C663F70,163.81,0.948,0,0,22,travel,0,genuine
f9924663-3ddb-49d0-add3-a7ceac746948,ACCCFE42BC9,153.85,1.023,0,0,2,utilities,0,genuine
bedb92f3-1784-447a-9ddc-770b925ef3df,ACC5A2E3A6E,191.51,1.023,0,0,14,restaurant,1,stealthy
576a9556-41b6-43f6-bb42-75166aed7727,ACC4B43792F,67.46,1.391,0,0,7,travel,0,genuine
1c2b0199-a968-4324-acdf-514cbaae2e1a,ACCC2C6420D,112.88,0.78,0,0,17,restaurant,0,genuine
55d14c21-ef95-45f1-8c35-b8e46527d5ce,ACC592716F0,52.95,0.893,0,0,15,entertainment,0,genuine
628267cd-9f78-4f45-8bff-429d41b98ed6,ACC792E1021,219.71,1.17,0,0,6,grocery,0,genuine
6b6f0774-1eb2-416a-b83b-aaa92b53a471,ACC1F9C12DE,141.77,1.043,0,0,9,entertainment,0,genuine
e0394551-5641-4f27-8f15-1cbd9dbcf058,ACCA3383ABE,112.77,0.575,0,0,19,travel,0,genuine
8a8f5658-e398-4106-b9f3-85f73f0359b1,ACC5E8DD908,191.33,1.145,0,0,11,electronics,0,genuine
569022ad-0a6c-482c-8066-309e54468950,ACC69F86FC2,175.45,0.946,0,0,9,entertainment,0,genuine
7eda179d-a029-4daa-80a6-bb7c4fb10477,ACC55E9D122,68.82,0.846,0,0,10,fuel,0,genuine
b2c2d7f4-9ff1-4db7-ac24-8de304126fd4,ACC8AC68D4A,190.99,1.013,0,0,8,utilities,0,genuine
95182209-3402-49a2-ae99-610f1ff28451,ACCE755C517,32.36,0.573,0,0,7,grocery,0,genuine
966275bc-9c2f-495f-bb10-48db8c0f3b08,ACC6A7B8E91,157.44,1.087,0,0,8,online_retail,0,genuine
15bcb611-b72d-4a13-94fd-85e248e656ad,ACC2CED7AA4,188.83,1.392,0,0,15,utilities,0,genuine
a07a3ecc-a335-4c4a-9fb7-5c1aa8cdac73,ACC37920886,94.24,0.843,0,0,17,electronics,0,genuine
991cd892-6827-4792-adef-94cec6b09f5c,ACCBFA30BE8,93.29,1.521,0,0,14,electronics,0,genuine
adde7a69-2299-4bc3-9b36-304bd2b2ed0b,ACC360FB49F,30.67,0.812,0,0,0,travel,0,genuine
d7f342fc-0b7c-43d4-b058-9a06a865d1e9,ACCF4D51612,114.33,0.854,0,0,7,grocery,0,genuine
9f10857f-9545-40f8-90e9-339219e86435,ACCB4BE454E,125.47,0.784,0,1,6,grocery,0,genuine
dc1b4f01-117d-4150-bbb2-014fce654f51,ACC482E81A5,12.62,0.518,0,0,6,travel,0,genuine
2d38eb8a-16e1-492c-a29e-b642d8635fce,ACC0A64ABBD,18.47,0.9,0,0,15,utilities,0,genuine
5e6aea37-74f2-4743-9930-9cfd7a0d3169,ACC4B43792F,51.0,1.052,0,0,11,electronics,0,genuine
edf3b833-b810-4368-bd32-df6fdf896aa2,ACC94AFF365,14.52,0.93,0,0,8,utilities,0,genuine
488d63a4-632b-44b7-b52e-f9d05996e2b0,ACC5A5853FB,161.87,0.835,0,0,7,online_retail,0,genuine
f602677f-b352-4114-a95c-153e86609e6e,ACCE6F7E64B,235.79,1.246,0,0,8,entertainment,0,genuine
8933ac1d-db59-46e9-9f76-e67546af0a16,ACC18319CF0,76.32,1.276,0,0,16,online_retail,0,genuine
ff2f3d55-4453-4e86-8a27-4f08f6508638,ACCFABA81CE,310.48,1.576,0,0,5,restaurant,0,genuine
48e64e70-5996-4972-9eae-62bb70db107b,ACCB7E41D27,135.67,1.503,0,0,23,entertainment,0,genuine
7afebd3c-27ce-47eb-b302-9795246a24ed,ACC700C0204,130.81,0.947,0,0,0,restaurant,0,genuine
5fb93ec3-5df0-47d2-a1b7-ad0bcc74a984,ACC0859F122,129.88,0.915,0,0,10,entertainment,0,genuine
593a8bd1-dae9-4b23-88cb-c4fb89d5325d,ACC08968071,248.51,1.362,0,0,10,utilities,0,genuine
981ad75d-c10c-4dc3-922c-074c2dcc469c,ACCD86300CA,248.37,1.437,0,0,0,travel,0,genuine
8bf51967-0568-4ca6-86fa-17769a84f9d3,ACCB582C3E4,62.37,0.908,0,0,4,entertainment,0,genuine
c12c5138-a70b-484f-b898-3b1497117f91,ACCA6791AA0,63.45,0.636,0,0,9,utilities,0,genuine
e2fbc6ee-4f37-47e8-928b-aa26b9cb4080,ACC8B071F50,247.39,1.491,0,0,9,grocery,0,genuine
d000f8fc-4916-48eb-89a8-b7e034a452c7,ACCFF0D087A,277.89,1.506,0,0,1,utilities,0,genuine
bd49c4eb-a69f-4c7d-9581-51403209b5f2,ACC700C0204,462.05,3.343,0,0,20,fuel,0,genuine
3c03235b-9139-42aa-aeb9-7cae015e0acf,ACC4868BBD3,206.24,1.09,0,0,11,grocery,0,genuine
301c6986-5275-4c47-9a17-e7a460a750cf,ACC146CFDB2,89.72,0.622,0,0,1,utilities,0,genuine
3112f404-7ef0-46f5-be95-445bec47d85b,ACCA1AE10E7,44.09,1.456,0,0,14,electronics,0,genuine
65b92684-f5b5-4390-b420-2f06d684269e,ACCF6D9DFAD,75.41,1.175,1,0,2,utilities,1,foreign_location
2a5cec48-5e55-4ce3-98ca-d9b59104bf4c,ACCF8C437FB,51.92,1.097,0,0,16,grocery,0,genuine
42d500f0-48cb-4e7f-af0d-e3d837cf6e6b,ACC47DBDD62,112.14,1.097,0,0,0,grocery,0,genuine
d990ec9c-76c5-4428-91cf-1abacfcd76f2,ACC1A07891C,101.17,0.73,0,0,3,entertainment,0,genuine
08207d1e-dc1a-4c66-b005-0194fa376095,ACC77B9597C,147.23,0.915,0,0,9,electronics,0,genuine
9571bb1e-74e0-4ad0-a54d-70c1d23dacff,ACC36CEEE60,299.68,1.807,0,1,15,online_retail,0,genuine
8a22b65f-fc5f-47e2-a8a4-b87a6133f49a,ACCCC6CC85C,229.14,1.306,0,0,20,online_retail,0,genuine
1decbfd1-725d-4ad0-892b-6232b629340b,ACC5F0A2EFB,21.19,0.739,0,0,10,travel,0,genuine
e0bae9e4-4c62-4db7-9183-03e7fe28f08d,ACC94AF39FF,76.73,1.115,0,0,10,travel,0,genuine
a6eb5bb8-df4e-4db7-8170-eeadf4a6189c,ACC72FC33FB,393.0,2.953,0,0,0,travel,0,genuine
9c215f42-af92-40c9-b57f-617e6e24bd03,ACCC7CCB237,60.0,0.487,0,0,1,online_retail,0,genuine
24525cf9-2605-43de-a04f-d4cdbf5f0457,ACC120D4C78,93.79,0.87,0,0,8,entertainment,0,genuine
11ffa357-8932-417e-9147-b93ebf2ce6c4,ACCCFE42BC9,145.13,0.965,0,0,9,restaurant,0,genuine
cad0d915-0bf8-4487-8454-f096601d2330,ACC0E90F901,244.65,1.397,0,0,10,online_retail,0,genuine
4f7a2621-83f9-418f-99eb-48ec23e2fc83,ACC6BDE26B6,23.13,0.62,0,0,15,travel,0,genuine
73894fb9-4199-4dc0-8eb3-dd4d27a56a47,ACC974EDF80,140.78,0.871,1,0,4,online_retail,0,genuine
4759e08d-1ca8-4613-b8d9-3e226279b291,ACC8A097CC1,90.18,0.883,0,0,15,electronics,0,genuine
5d424602-06e6-4374-91d4-77f64c16f08b,ACC2F2FD99E,37.22,0.554,0,0,9,entertainment,0,genuine
9176d979-3179-4dc3-96dd-2ed93b3a3675,ACCEF39B188,141.2,1.219,0,1,22,fuel,0,genuine
0794ec52-5e71-48aa-92e3-fa41bbe009f5,ACCCFE42BC9,186.78,1.242,0,1,20,grocery,0,genuine
d74879cb-1587-4418-90c6-51bccbc7dfbd,ACC481A3694,138.2,1.129,0,0,14,entertainment,0,genuine
516eac5c-b71a-4eaa-9532-7a52ee5df021,ACCD86300CA,257.57,1.49,0,0,7,electronics,0,genuine
f696a297-ad25-493c-8637-7d1cbc3157b8,ACC485CBED1,178.73,1.3,0,0,6,online_retail,0,genuine
8dca4a27-6c43-4074-a37b-cb63bfc5b883,ACC4C275212,190.39,1.257,0,0,10,travel,0,genuine
c12f8737-07d1-4ccc-880c-e5ef0261dbcc,ACC18680C85,107.58,0.909,0,0,20,travel,0,genuine
e883a5e5-1d1a-4335-9aff-36a0e9ab6efa,ACCCDE6737B,122.61,1.073,0,0,20,entertainment,0,genuine
e2c67e54-8587-413e-a3b9-619cf8064083,ACCE90CC233,45.86,1.101,0,0,23,utilities,1,stealthy
fc7729ee-22d2-4e0a-a81c-120e2a903bad,ACC1FAB3F77,144.52,0.991,0,0,15,utilities,0,genuine
2d599207-09c7-4abe-be69-b0fe378463b6,ACC1FAB3F77,709.52,4.867,0,0,18,utilities,0,genuine
66219b4b-5900-443a-9ca6-7eda101c7538,ACC40162BF5,44.51,0.456,0,0,19,restaurant,1,stealthy
cf6321a5-4178-4338-9766-5cd4241f253a,ACCFD91D323,130.66,1.398,0,0,14,grocery,0,genuine
7541b6e2-088c-44ac-a388-75556579a8ea,ACC4B9B991E,106.81,0.713,0,0,0,restaurant,0,genuine
f9c2b7e4-582c-4bd7-a4d9-f2fa3d58c660,ACCEB67227A,169.33,0.926,0,0,20,online_retail,0,genuine
f7eb50c1-d32e-418a-928a-e835adda8dbf,ACCE7526B0F,82.01,0.548,0,0,8,online_retail,0,genuine
fd794541-6a28-4440-b42c-840d46090aa4,ACC295CE380,193.74,0.985,0,0,11,restaurant,0,genuine
b62962f7-bf34-4ba7-9195-f1d9a066e8df,ACC3B960C09,333.4,1.885,0,0,17,grocery,0,genuine
54504673-5c08-4886-b3d0-1bca36f1e326,ACCD07853CF,128.19,1.045,0,0,16,restaurant,0,genuine
d55ef6f2-ff7c-466e-bfec-b2a2465bd1ac,ACCD9089858,40.95,0.926,0,0,1,travel,0,genuine
e771972f-a263-4cfc-beb4-a9b6d45d22b9,ACC4FDDC2F7,201.37,1.314,0,0,4,restaurant,0,genuine
50c6251d-ea69-4893-86a7-d7d166a2fed4,ACC9C6A7618,613.54,4.073,0,0,5,restaurant,0,genuine
8fb024bf-049e-46c0-8e33-a7c0d99c7442,ACCE45B9394,98.68,1.184,1,0,14,electronics,0,genuine
03480a95-4aef-4a80-84c3-00cc8a395352,ACCAF664302,41.95,1.099,0,1,9,online_retail,0,genuine
2ba0fed1-b398-48f1-a988-af45d584a492,ACC6A7B8E91,172.32,1.189,0,0,9,restaurant,0,genuine
fb21cf7f-2df6-4c3b-b53f-c491fedc378e,ACCA9BDD42B,214.58,1.387,0,0,22,travel,0,genuine
97678cb9-aedf-4106-8041-9fcbe789ee86,ACC75F5AFB9,47.32,1.085,0,0,22,restaurant,0,genuine
e6f07754-27a0-4ed7-974e-b4a3ba6a13fa,ACCABC666C2,292.15,1.654,0,0,23,online_retail,0,genuine
f45b7305-ddfc-4a9e-979f-09bcf751e4a6,ACCBBEDED04,14.91,0.841,0,0,1,grocery,0,genuine
d5bb875f-cf57-480b-846d-a08a25add82c,ACC481A3694,123.92,1.012,0,0,20,fuel,0,genuine
b4a8cb81-8d5b-4172-98da-28fafc2b9634,ACC4328EBBB,327.72,1.731,0,0,20,restaurant,0,genuine
51d14e45-6f9e-4ff5-a506-0c6f4c7c4e0a,ACCE549AC1F,93.5,1.531,0,0,19,travel,0,genuine
b9807ba4-0443-4046-9e5b-aeacd3e31c35,ACC317B2615,207.0,1.148,0,1,2,entertainment,0,genuine
d410fceb-d40a-4112-8b37-fb80ade1f4d8,ACC0AAC82C2,10.49,0.109,0,1,3,entertainment,0,genuine
4c95cfaa-3189-4266-9a4d-0b8346583db4,ACCF8C437FB,25.09,0.53,1,0,5,grocery,0,genuine
16dfb81d-dfce-4ba0-80bf-4a9acc4caac6,ACCF4D51612,115.02,0.859,0,0,5,electronics,0,genuine
7e3e52be-6bf0-492b-a0a0-440995a94ed7,ACCBE9782ED,211.04,1.564,0,0,19,electronics,0,genuine
b7eb8fe0-c0cd-4ae4-a5b2-f73220f568f3,ACC2CED7AA4,137.49,1.013,0,0,0,utilities,0,genuine
ababce92-6b08-4e73-a76e-636da254d330,ACCABC666C2,152.1,0.861,0,0,13,grocery,0,genuine
c66ca551-e0b8-465f-8c56-683104c08339,ACCB17AC2ED,8.67,0.273,0,1,20,electronics,0,genuine
74bfff5f-5a6e-41f9-a7a3-325a644c2e84,ACC8A097CC1,49.34,0.483,0,0,6,restaurant,0,genuine
6f310dac-f5bd-49b4-9f35-37f2b8f06368,ACC18680C85,114.39,0.966,0,0,17,electronics,0,genuine
bb0fb1fb-00e6-4436-ace3-86e1979346d6,ACCFD91D323,68.43,0.732,0,0,18,online_retail,0,genuine
0118d505-8f74-488e-9a7d-dab29cb6ebac,ACC44DDB1DF,105.2,1.328,1,0,3,electronics,0,genuine
ebf9441b-d53c-4e9f-8d87-8b6a6021e99c,ACCA3383ABE,138.99,0.709,0,0,20,electronics,0,genuine
8d60f1e5-b63f-4a41-add5-db61ed6b45c5,ACCCF5314D2,129.98,0.782,0,0,15,electronics,0,genuine
1277d682-09ec-423a-a2b6-613d25d3326e,ACC936198A9,40.78,0.529,0,0,14,grocery,0,genuine
6df1ffee-261c-46b9-91b0-51df4e0ed146,ACCE5159C95,115.57,0.917,0,0,11,travel,0,genuine
70c7c4b5-9b08-43c1-9f78-25663ed770e1,ACC9C33D69A,18.84,0.396,0,1,11,restaurant,0,genuine
3883d873-b316-426b-b797-28830762222c,ACC02350C73,72.19,0.986,0,0,0,restaurant,0,genuine
131a3662-bccc-4a6d-8562-c85f64997884,ACC2467C52B,26.86,0.565,0,1,12,electronics,1,new_device
0da03bd9-e821-4bd3-8317-d8cd512a1ff7,ACC94AFF365,151.84,9.727,0,0,21,grocery,1,huge_amount
5d865236-de35-45b7-b885-9842e8732447,ACCD99DF024,120.98,0.744,0,0,15,travel,0,genuine
4319603e-e74e-4f92-a37b-e45489176321,ACC22F5FFD2,83.4,0.857,0,0,4,utilities,0,genuine
d0ddea92-3189-4d42-93ab-58e16b069f4e,ACC75F5AFB9,47.15,1.081,0,0,23,utilities,0,genuine
f9a68caf-fd7e-4922-bb9e-250a68f5c124,ACC0FF13EC2,210.88,1.076,0,0,3,utilities,0,genuine
fb6acc61-b4de-4ce5-9081-2de27ee7bce9,ACCD99DF024,130.0,0.799,1,0,14,restaurant,1,foreign_location
f35a6301-82ff-4f7a-9c31-923e6d6dfd5f,ACC0D26E623,43.85,1.071,0,0,22,fuel,0,genuine
ebe7849c-3076-43f2-b58a-1a604813e812,ACCB582C3E4,67.9,0.988,0,0,7,online_retail,1,stealthy
0f37c4d9-73e8-464b-a009-8ea3a09dbbc3,ACCF0ED3147,51.05,1.228,1,0,10,travel,0,genuine
fa7087a9-75ba-42b2-ab4e-4e0438e66bf6,ACCC7379D88,101.89,0.982,0,0,6,entertainment,0,genuine
753e205e-e99d-4ca1-9ca3-400e036419a1,ACCA8AE6BA8,41.54,1.1,0,0,5,restaurant,0,genuine
d2250437-34e3-4f9c-9222-f7aea19e8fe3,ACC18680C85,179.27,1.514,0,0,1,grocery,0,genuine
985d0fc1-9cd9-4885-9502-ff803d1f71ed,ACC5F0A2EFB,32.09,1.119,0,0,8,travel,0,genuine
e53e110e-12e4-4119-81fd-dde2c9bb1d79,ACCE7526B0F,161.51,1.079,1,0,3,grocery,1,foreign_location
8c0ec0f5-b919-446d-b8bb-310f60062961,ACC51CC8D6D,63.33,1.083,1,0,18,online_retail,1,foreign_location
194eb8de-9db2-4442-8d34-ec8f44f4db5c,ACC47DBDD62,150.77,1.475,0,0,7,fuel,0,genuine
a95210a0-d126-441b-ba3e-ef8fc030ae43,ACC8B071F50,107.36,0.647,0,0,14,electronics,0,genuine
ccba07c1-9cf9-4b22-bc62-f1697aad5175,ACCB70F3DBC,296.21,2.748,1,0,18,entertainment,0,genuine
e23c9913-e9eb-4db4-9031-8ebdc77e3bb0,ACC120D4C78,80.79,0.749,0,0,3,online_retail,0,genuine
13a24b9c-b0bd-4129-8f8b-255d8404a193,ACC0AADD547,87.97,0.546,0,0,6,fuel,0,genuine
dcf2fa00-d0b6-48c3-9943-6a9d70217680,ACC7D30696A,180.38,1.073,0,0,14,restaurant,0,genuine
bf04d1b3-1b36-4eda-a2bb-dd0378e02582,ACCE3BC14DF,103.05,0.637,0,0,6,utilities,0,genuine
7a0e7b04-9bc4-4093-b7b2-14aad849feac,ACCC1DD744F,57.43,1.008,0,0,2,restaurant,0,genuine
9db1728a-ba88-4588-8a03-6cd9e786cd49,ACC8B3F5DD0,90.76,1.048,0,0,20,travel,0,genuine
b334d5dc-5c4a-448e-a5f7-c67ddb7c1c10,ACCB582C3E4,79.49,1.157,0,0,2,grocery,0,genuine
8ba6e80b-aec2-4d3e-9313-f578dbc5d996,ACC59EA8486,106.07,0.679,1,0,6,utilities,0,genuine
afae54dd-547f-4755-9a88-6f162e6e204b,ACC7D30696A,194.57,1.157,1,0,13,electronics,1,foreign_location
ed9ad084-732a-4b1c-9d9b-4ad2c8f73d04,ACC2467C52B,30.58,0.643,0,0,23,travel,0,genuine
421f0671-9134-43b9-a7ff-94ad95104490,ACC55E9D122,426.82,5.247,0,0,14,grocery,1,huge_amount
0d5e93a6-fd40-4035-a679-52a16b9fe2bc,ACC3A936184,108.91,0.726,0,0,22,restaurant,0,genuine
5f0c5bac-440e-4ead-ad28-0fe5eb2ebd06,ACC9CC4C0D9,44.9,0.644,0,1,9,entertainment,0,genuine
c9afc4ce-fccf-4d7a-a0e5-b85a7a761dbb,ACC22163AB8,104.26,1.213,1,0,9,restaurant,0,genuine
28127703-85c9-45e4-b257-1c2085e694ee,ACCE549AC1F,66.34,1.086,0,0,11,utilities,0,genuine
08793404-6a08-42d8-b5cf-263ed70cd758,ACC38828645,28.84,1.005,0,0,17,restaurant,0,genuine
10f48eb8-d5d5-43ce-a2a5-b19347278755,ACC02350C73,79.51,1.086,1,0,7,fuel,0,genuine
f5c9cee5-ff74-4789-a701-7af49621dd8d,ACCD581D6E4,73.55,1.035,0,0,0,online_retail,1,stealthy
706db38f-4adc-4554-aa19-5a6567f08cf5,ACC36CEEE60,181.34,1.094,0,0,22,electronics,0,genuine
4f91d590-4ca0-4f9b-ad28-4860b73d3a2d,ACCA8070C69,166.5,1.068,0,0,17,online_retail,0,genuine
bf043ea0-3d8d-4a2b-95e8-c5738d1c9902,ACC482E81A5,16.59,0.681,0,1,1,grocery,0,genuine
c5efb325-9329-4d8d-b9da-0e4b67ee2154,ACC9D67E0D7,94.26,0.667,0,0,20,restaurant,1,stealthy
e6bbe00c-2992-490d-868e-facddb57bd95,ACC834F38DE,50.38,0.481,0,0,18,restaurant,0,genuine
448ae112-87a5-4312-bea7-79eb644c406a,ACC95087523,86.69,0.832,0,0,16,grocery,0,genuine
712d730a-709e-4ec7-89d7-d7b7d568a95d,ACC4D610E4D,39.93,1.435,0,0,15,fuel,0,genuine
a1966a23-2cf1-49c3-9c2d-3f8f41e4e985,ACCF524BA52,86.75,0.532,0,0,17,restaurant,0,genuine
96e66d17-a0ae-4250-bdc7-03a6d669686a,ACC59EA8486,188.69,1.208,0,0,8,entertainment,0,genuine
4086b21e-fa5c-4d52-9964-69c08a0d44a5,ACC5E53E80D,274.6,3.069,1,0,6,entertainment,0,genuine
9a32c148-7db5-4399-aa7d-45be416f194f,ACC48A4DD1A,28.58,0.934,0,0,5,travel,0,genuine
7aaca1b4-4c20-4294-9511-c92c97e5fbac,ACCD70B7103,45.74,0.733,0,0,21,utilities,0,genuine
758790b1-ee0d-4542-8aa9-43d1279258ad,ACC98A8E15C,93.37,0.775,0,0,15,grocery,0,genuine
79b6a395-91d0-4c84-a7e9-35a254e81e7a,ACC468A30E3,36.14,0.334,0,0,4,travel,0,genuine
92009dcb-6f11-4c2b-b4fa-72ab04ade008,ACC6993E5A7,36.12,0.362,0,1,4,entertainment,1,new_device
1635ab8d-7f8b-45a4-982c-978105de7836,ACC790525E5,87.17,0.646,0,0,18,restaurant,0,genuine
29611727-4b1b-4aac-8120-63ad630887e3,ACC051D694E,26.61,0.365,0,1,2,fuel,0,genuine
8095c196-4915-4ade-b6b3-1c1af3298e68,ACCB70F3DBC,95.36,0.885,1,0,17,online_retail,0,genuine
5cb515d6-e8d0-4bea-a243-177c1065a780,ACC049C6980,144.1,0.885,0,0,7,online_retail,0,genuine
1483db97-ffef-4636-8367-e28f80caabaa,ACC7F584589,58.9,0.792,0,0,19,entertainment,0,genuine
861126ff-10ac-4a80-aee1-eaf0a0f09eec,ACC1FD41087,181.12,1.176,0,0,5,electronics,0,genuine
38fe2007-41b4-4015-a16e-354bf6993a22,ACCBCFB1EE1,15.15,0.684,0,0,10,restaurant,0,genuine
76e65ed8-6b91-4931-94fd-01faac3e3d68,ACCE5159C95,188.69,1.497,0,0,22,grocery,0,genuine
5f3717de-397e-40f5-9d67-fae55be36f88,ACCE549AC1F,76.67,1.255,0,0,14,utilities,0,genuine
95474c7e-dd20-48c7-8c9f-2ddfb71f25ce,ACC44DDB1DF,47.15,0.595,0,0,9,utilities,0,genuine
cdd4bb71-dbd6-48d1-adca-bcfc802cf64f,ACC075F7E93,147.75,1.347,0,0,8,entertainment,0,genuine
bc976817-6a0f-433e-ade9-1b749cf4db71,ACCAF2FECB8,108.01,1.558,0,0,4,electronics,0,genuine
922816e4-ade2-44bf-835c-e5e49c04f8af,ACC0AADD547,166.01,1.031,0,0,23,travel,0,genuine
c63cc2d9-7afa-4275-8c47-50ac11cfd571,ACC67FED836,96.53,2.533,0,0,14,fuel,0,genuine
9dda75aa-1d08-41e6-b41b-4e2b13031357,ACCBE9782ED,103.05,0.764,0,0,17,online_retail,0,genuine
a06f1ce5-1693-498c-b26c-cf7953699953,ACC81C97E10,31.89,1.572,0,0,15,restaurant,0,genuine
77ece4c8-b1f6-43cc-a626-f3fdffa54031,ACCF8C437FB,35.72,0.755,0,0,8,fuel,0,genuine
0f0999bc-b6d5-4906-9db0-3107dccf5886,ACC790525E5,169.22,1.255,0,0,23,online_retail,0,genuine
41ea01c9-04a7-40e6-8140-6cabb3a301ee,ACC57066E7B,12.79,0.509,1,0,8,utilities,0,genuine
deececee-9372-4459-ad62-6eeef483790d,ACC317B2615,175.58,0.973,0,0,16,electronics,0,genuine
13a50d02-7f28-415a-8065-bbc9a59d284e,ACC8D51567D,152.12,1.785,0,0,5,electronics,0,genuine
2f0eea15-5bc9-440c-8c88-debfe218b19c,ACC36CEEE60,233.65,1.409,0,0,12,travel,0,genuine
e795179b-3921-4e0f-8ca8-22fc266d5aa1,ACCBFA30BE8,79.29,1.293,0,0,8,fuel,0,genuine
71b89dd4-659c-45a9-bc96-c2766986570e,ACCE2B777FC,200.39,1.11,0,0,17,online_retail,0,genuine
a130bc02-3c11-471c-acd4-e65a9fff68d9,ACC2BCDCDD4,66.06,1.358,0,0,13,utilities,0,genuine
be8f432c-0380-4e13-a245-ac23daf5cf3b,ACCEF39B188,83.25,0.719,0,0,0,grocery,0,genuine
87d0e1c9-9efd-4834-b859-d2a9b609b25e,ACCAA010F0A,28.6,0.878,0,0,9,fuel,0,genuine
9535e46a-1b3d-4e77-8f71-9cb309145e7c,ACC2AFF62BB,227.22,1.499,0,0,19,grocery,0,genuine
ecc08cde-dce1-44d2-806c-d143cf1eb8a2,ACCEB67227A,237.39,1.298,0,0,10,fuel,0,genuine
f2abd65e-a60b-444a-9577-bd8a65a171cb,ACC065617EF,90.94,0.475,0,0,0,online_retail,0,genuine
70f5079d-5449-4d56-9570-fc4e483f7c3b,ACCE90CC233,63.54,1.525,0,0,22,fuel,0,genuine
0e0eccb6-8ca1-4320-a3cb-4e3cc244aded,ACCFF0D087A,121.81,0.66,0,0,12,entertainment,0,genuine
b1337299-4808-454e-8dff-6d8ddf3716fd,ACC59EA8486,157.19,1.006,0,0,1,entertainment,0,genuine
07dac33d-f697-4832-bec5-eaa60bedd741,ACC18319CF0,59.17,0.99,0,0,2,restaurant,0,genuine
d6cd629c-d799-432f-8179-ca67d63379a0,ACC6755B550,35.85,1.186,0,0,11,online_retail,0,genuine
0b6628cb-b7fd-4ae8-b7de-c2d9c6a44f83,ACCD77D289A,49.79,1.479,0,0,9,utilities,0,genuine
441b44cd-7d32-4398-a3a1-6d7abc4cb89f,ACC7131637D,46.25,0.387,0,0,15,fuel,0,genuine
c5bd831d-c6ea-4b73-837b-2a13faf06b48,ACCBB625750,200.1,1.398,0,0,20,fuel,0,genuine
83ec60f5-0d92-4987-885e-ab86c09bb988,ACCC0703F18,207.04,1.103,0,0,0,electronics,0,genuine
ad0d7dc2-d8f4-4c37-9e1e-7287390a59e2,ACCEAF23921,50.93,0.639,0,0,9,entertainment,0,genuine
f74bd857-2340-461e-a147-360f9d251673,ACC7D30696A,122.78,0.73,0,0,12,grocery,0,genuine
4569c9fb-9695-4d34-bf85-5a66614af531,ACC40162BF5,96.33,0.986,0,0,15,grocery,0,genuine
7a23c9a5-f038-4035-bfd1-45501afe0048,ACCAF841035,172.99,0.977,0,0,7,grocery,0,genuine
a45a4726-9e70-4407-8637-15bf8faffd6b,ACCCB6BC567,42.91,0.903,0,0,21,grocery,1,foreign_location
6e5b5fd9-2c10-4ab5-ae54-0b14e9dec08c,ACCA8070C69,160.55,1.03,0,0,11,fuel,0,genuine
02435291-95e8-4740-a2cb-c9296a63f1e1,ACC57066E7B,39.44,1.57,0,1,11,restaurant,0,genuine
d5c8a9bd-04d7-426d-a7d2-449701cfd526,ACC80414307,56.86,0.557,0,0,0,travel,0,genuine
5b043dad-4e89-486d-b7c5-4b9f9634aa03,ACC001030F5,109.51,0.587,0,0,5,restaurant,0,genuine
d8fc6fb7-3191-4dc1-a423-348e5259dd49,ACC02350C73,68.09,0.93,0,0,21,travel,0,genuine
5d47e640-1cd4-4b98-9809-1ddc0f949436,ACC1E39053B,54.79,0.554,0,0,14,online_retail,0,genuine
0c1fcf56-0187-401e-b085-7ed939193ed6,ACCE5F859C3,31.38,0.615,0,0,10,entertainment,0,genuine
803529fd-73d7-4019-b8e0-2c66251af349,ACC94AFF365,19.07,1.222,0,0,7,fuel,0,genuine
68ed4bb2-2e03-45df-8a3b-44f5ce525703,ACC47C1AE01,46.35,0.425,0,0,17,grocery,0,genuine
ae55983a-6f31-4e54-9aad-b53391bbc705,ACC2F2FD99E,75.03,1.118,0,1,4,entertainment,1,new_device
a9f8bbc5-0d51-416e-a987-5d15bbe9ce10,ACCD77D289A,24.89,0.739,0,0,19,electronics,0,genuine
51f66422-8afe-458f-b1ef-580918832259,ACC55E9D122,41.11,0.505,0,0,6,online_retail,0,genuine
6da33779-b613-43a2-bd00-927bab4e3a51,ACCF524BA52,170.56,1.046,0,0,11,grocery,0,genuine
d8827888-b2ac-4039-83c6-10a6e03cca24,ACC051D694E,85.14,1.168,0,0,0,restaurant,0,genuine
0527cd64-6c25-480a-b3bd-ef73866cccc2,ACCF0ED3147,48.21,1.16,0,0,2,utilities,0,genuine
00e64bf9-1c21-430e-bf59-88367ff5d876,ACCA56E2DAF,60.06,0.705,0,0,3,online_retail,0,genuine
3121d4ed-5d4f-455a-b8e0-3c97b9b5525b,ACCD86300CA,114.19,0.661,0,0,17,entertainment,0,genuine
ec2629dd-3ccc-4124-9b37-75db6d4cb857,ACC3CC490D1,101.65,1.471,0,0,23,online_retail,0,genuine
075ee25f-5f86-42d5-8511-1c2f6ff74e4b,ACC132E6B03,26.11,0.325,0,0,4,online_retail,1,stealthy
37f9d0f5-bbd8-4f39-a1b8-8f85dc75b736,ACCBDD4EB53,30.51,1.393,0,0,1,travel,0,genuine
c67e45f3-8543-4620-947b-4c9cbdb0d853,ACCA8070C69,59.67,0.383,0,0,14,fuel,0,genuine
264501e0-b391-46c1-b3d0-2eca6fda75e8,ACC431B338F,124.88,1.538,0,0,14,electronics,0,genuine
9c9937b3-58c8-4b0d-a848-56c2841afd4a,ACC77B9597C,168.23,1.046,0,0,4,utilities,0,genuine
d1ee1027-08b3-4d1c-ab58-669846638eeb,ACC790525E5,87.01,0.645,0,0,22,online_retail,0,genuine
77fae7af-cc9b-434c-bf01-5efa424c1556,ACCCE9C4128,153.34,0.909,0,0,7,entertainment,0,genuine
2bd7e177-aeb1-4181-ab0c-e27e340d8210,ACCAD8261D9,159.2,0.879,0,0,5,utilities,0,genuine
930d39f5-a1d8-426a-8c5b-ef249e383306,ACC6755B550,28.48,0.942,0,0,15,travel,0,genuine
40b6beb8-332d-4791-b6a7-10e634411016,ACC1FAB3F77,182.86,1.254,0,0,3,electronics,0,genuine
0bc0ddba-1092-4f73-8f9c-6840e89843c4,ACC9C33D69A,72.84,1.532,0,0,6,travel,0,genuine
08e0480a-60ea-4ca1-b1e5-087bdda59540,ACC5E35C0A6,98.65,0.704,0,0,16,electronics,0,genuine
e3af01a6-2a5c-47ef-99d7-47a8df27a123,ACCF0ED3147,58.0,1.396,0,0,12,online_retail,0,genuine
62996f36-e7ee-4678-a039-f27a04298112,ACC30D0A6A0,157.87,0.985,0,0,15,utilities,0,genuine
2bdfa935-b3ac-4465-8db2-7077bba44ce9,ACCB5426310,63.88,0.878,0,0,21,entertainment,0,genuine
7bf62902-0fdd-4682-b87b-e9dac64b4517,ACC3A1439DA,130.85,0.806,0,0,18,grocery,0,genuine
e7186939-ed2c-4d9f-9eae-e8a39d8e8257,ACC18319CF0,70.62,1.181,0,1,17,restaurant,0,genuine
cc0dbf90-6852-429a-9d7d-726c218d50fe,ACCE90CC233,59.17,1.42,0,0,5,travel,0,genuine
d5d03bcc-ed59-4bbe-aeca-311fc5492423,ACCE6F7E64B,223.99,1.183,0,0,10,online_retail,0,genuine
a86417a6-2de9-4e9d-bbbd-8deee5205da6,ACCB7FD1801,173.93,1.49,0,0,21,online_retail,0,genuine
459a95b6-ff99-49d3-ac61-45b100e13032,ACC6BDE26B6,76.6,2.054,0,0,19,electronics,0,genuine
05d225c6-90b7-4a1e-9f19-75b9b94c4aa2,ACC1F9C12DE,167.39,1.232,0,0,23,grocery,0,genuine
d135474b-fc92-4357-aa47-ae2f1a142bba,ACC57066E7B,1,0.04,0,0,14,travel,0,genuine
aedd0e62-2aca-4a34-96ad-c8954fb1fc9a,ACC863BB6E8,68.68,2.401,0,0,20,fuel,0,genuine
7e5c303e-bbda-429c-8d06-1cc64872e85d,ACC63E38219,69.85,0.618,0,0,9,restaurant,0,genuine
0d074420-adf4-4635-8733-86e84074d276,ACC0AAC82C2,140.49,1.456,0,0,14,travel,0,genuine
3580a2f4-e1aa-440b-808c-7f623f0b28f9,ACC8C663F70,157.05,0.909,0,0,22,electronics,0,genuine
6802e3b7-4b6c-4b0b-ba7c-6490f50543b2,ACC8C663F70,241.81,1.399,0,0,9,grocery,0,genuine
88c490ec-4492-4cfb-898a-c0e4e04dce39,ACC5E53E80D,115.61,1.292,0,0,7,travel,0,genuine
a1d3e065-dc7e-46c1-a109-693ef7a2051b,ACC6BDE26B6,45.15,1.21,0,0,10,fuel,0,genuine
a091f377-e2cc-46f6-a7e7-acf0f0de840f,ACCAF664302,42.16,1.104,0,0,4,restaurant,0,genuine
c00af704-edbe-4aca-8506-a68674fd2a9d,ACC4B968249,108.8,1.097,0,0,9,restaurant,0,genuine
2a4200ca-7917-4047-a44b-e5c00b5f1956,ACC5A2D2562,22.46,0.76,0,0,18,electronics,0,genuine
4ba5d9d0-79d8-4aa4-abb3-62498e0f3821,ACC51CC8D6D,161.08,2.754,0,0,3,restaurant,0,genuine
b4c345b9-115b-462d-8e18-958e03716210,ACC80414307,101.59,0.995,0,0,20,fuel,0,genuine
3a90124b-9ca3-41fd-a249-0e37a7ef1609,ACC7D30696A,286.3,1.703,1,0,11,entertainment,0,genuine
765a5f4c-ced1-481b-b916-7d17f6a91398,ACC57066E7B,31.75,1.264,0,0,11,travel,0,genuine
25edd58a-52cf-4633-84e3-79224f082ea3,ACCB6304D6D,218.92,1.374,0,0,0,utilities,0,genuine
94b13f3a-742b-4b77-b3ac-ab81b272f006,ACC8AC68D4A,255.85,1.357,0,0,19,online_retail,0,genuine
12dea021-0e7f-4d4e-a095-79a611f74e32,ACC4C1060FF,217.83,1.17,0,0,15,electronics,0,genuine
19ffd01d-02fd-4bb1-b5b2-5fe5ce8ae971,ACC7D30696A,122.05,0.726,0,0,8,fuel,0,genuine
41ea8f60-857a-4133-ad9e-05035ff2efd6,ACCAF841035,121.66,0.687,0,0,20,electronics,0,genuine
0c36d0e3-5ec4-44c0-b07d-dd42171c6327,ACC5E8DD908,266.13,1.593,1,0,18,fuel,0,genuine
e80b69d0-4b6d-42ff-8f7c-4fec27360a28,ACCE7526B0F,209.75,1.401,0,0,16,restaurant,0,genuine
08204be3-f30b-4b85-b603-f099a31aab0e,ACC2E4F73FD,36.81,0.685,0,0,19,travel,0,genuine
e1479bd8-fb6f-4229-9067-7adedd46e13a,ACCA56E2DAF,91.87,1.078,0,0,6,online_retail,0,genuine
6f15c8fc-c823-4a7e-af9c-3b8fbded47f3,ACC146CFDB2,148.41,1.028,0,0,11,restaurant,0,genuine
67402175-2211-40e6-9963-1047e53d95da,ACCBE5476B7,52.86,1.363,0,0,1,restaurant,0,genuine
b63202f1-e0bb-413a-aebd-b4e42bd3f144,ACC9A66A456,176.57,1.139,1,0,9,travel,0,genuine
9f436f4a-3697-4224-9024-cb50ed6a8b55,ACC1584D2D9,202.62,1.24,0,0,20,electronics,0,genuine
6526784e-927d-48ec-bafd-08e46c0eb4ee,ACC33790CF6,123.75,0.784,1,0,15,electronics,0,genuine
37031ddd-0e80-49ed-985a-23b8a1f2d1c9,ACCBB625750,111.48,0.779,1,0,9,fuel,0,genuine
9b268e21-3e57-43ab-b80a-db0b6f2b50e6,ACC0A64ABBD,24.31,1.184,0,0,7,fuel,0,genuine
93b023ac-7b11-4b45-8021-0ff9885576bd,ACCAA36AA07,31.15,0.616,1,0,1,electronics,0,genuine
745309ad-618c-4aad-ab48-6b72d1c4901a,ACC44706969,83.52,1.032,0,0,15,entertainment,0,genuine
ddf1b965-a944-4a1c-ab3e-84c02d0d5efe,ACCD81E32FD,60.16,1.152,0,0,1,grocery,1,stealthy
1707d7e8-1945-415b-893e-33700cc614eb,ACC785F9AD5,220.85,1.354,0,0,2,grocery,0,genuine
e917b397-5071-4c9c-97ee-b67b16668d8a,ACCD99DF024,175.59,1.08,0,0,13,fuel,0,genuine
880ed254-f853-42f5-9d75-49ec3671a45b,ACCAFBC20C2,29.98,0.642,0,0,17,utilities,0,genuine
9dec6c87-b21e-4a44-8b91-e38a7ef2c3b5,ACC81C97E10,10.55,0.52,0,1,3,entertainment,0,genuine
dc2d81e7-a212-4d63-bd10-9bf984feb5a6,ACC5E35C0A6,118.61,0.847,0,0,7,entertainment,0,genuine
0d6bd088-e32e-4dbf-aa14-588d7fc4f59f,ACCBDD4EB53,22.01,1.005,0,0,17,entertainment,0,genuine
fa2d617c-e90e-4703-b1ad-725a31af1721,ACC18319CF0,49.3,0.825,0,0,19,utilities,0,genuine
6b80fcdc-d684-4f9d-9891-69ec32e83ce3,ACC4FDDC2F7,209.29,1.365,0,0,3,electronics,0,genuine
db2727e8-fc5f-43be-82a3-4003027840ba,ACC8B071F50,170.84,1.03,1,0,23,online_retail,0,genuine
5b0292b3-e6fa-40e5-9f65-860106aa8416,ACCC6121509,20.13,0.93,0,0,8,online_retail,0,genuine
a1aeddde-7cfc-4ea6-b4cb-8403f4440f7f,ACC1FD41087,200.55,1.302,0,0,1,grocery,0,genuine
06cacce8-9b8c-482d-a4ec-ffa42f3c8d7e,ACC7F584589,99.97,1.344,0,0,9,entertainment,0,genuine
da754647-26ed-4bb6-b02d-70db883046a1,ACC59EA8486,200.59,1.284,0,0,20,fuel,0,genuine
55ab33ae-8a31-4572-9b92-faf9add7bd26,ACC0ED0AD12,63.52,0.649,0,0,17,restaurant,0,genuine
ee4da5f9-22a6-4369-b675-08a3dbf9d7ea,ACC2C3FB42A,128.13,0.762,0,0,3,travel,0,genuine
510ff9c2-7db5-46cf-8370-4198cb55044e,ACC68FE0D56,103.65,0.705,0,0,11,utilities,1,stealthy
79373254-9086-4803-b993-e4b2bea13dc4,ACC4B43792F,32.62,0.673,0,0,7,restaurant,0,genuine
3a7cfbde-b1e4-4d3a-a0d5-312bfa6835b6,ACCB17AC2ED,119.39,3.757,0,0,18,travel,1,huge_amount
1e3e59d1-f047-43f9-a990-0b5ff9c47d7a,ACC4868BBD3,162.96,0.861,0,0,20,entertainment,0,genuine
61d913e7-225d-4eec-95df-691268dbfb73,ACC974EDF80,244.15,1.51,0,0,3,fuel,0,genuine
0074a51a-1fe2-486d-a47a-50b515a1631e,ACC592716F0,212.03,3.577,0,0,10,electronics,0,genuine
8ddb6562-11c3-466a-ac45-27b51a0bd2ff,ACCFEB51908,169.34,1.03,0,0,19,online_retail,0,genuine
2fd6a5df-cc27-426d-b281-ade59c4be588,ACC34FD0AB8,35.66,1.138,1,0,2,electronics,1,foreign_location
526e5be8-319a-4a77-9031-38b7f2c9a37e,ACCCF10A3E8,15.9,0.698,0,0,1,fuel,0,genuine
914c53c9-1d2d-4e28-8d99-5c09c926da76,ACC2227A7D6,206.96,1.521,0,0,20,electronics,0,genuine
3ee178e1-e810-4f5a-9499-9bdc87373406,ACC080F4BCF,101.25,0.958,0,0,1,online_retail,0,genuine
534a34e9-83dc-4af5-9c6c-7a645a64d161,ACC51CC8D6D,56.52,0.966,0,0,16,electronics,0,genuine
8740c788-c8d3-464a-840e-67a4c08b02d2,ACCE45B9394,61.39,0.736,0,0,9,online_retail,0,genuine
22ea2a0e-3527-4a4b-89d8-75915624d789,ACCE90CC233,45.87,1.101,0,0,2,fuel,0,genuine
ddf34c79-a77d-45d9-b044-215ca485cc84,ACCD99DF024,224.53,1.381,0,0,4,online_retail,0,genuine
7ddcd632-cdba-4563-a29a-16a7b24b55ca,ACC71F2BF15,116.48,1.239,0,0,14,entertainment,0,genuine
77519f34-0198-410b-834b-c1b44c170885,ACC47DBDD62,126.91,1.241,0,0,5,electronics,0,genuine
f280fc79-3c8a-4eab-9634-67f69a9b21d7,ACC295CE380,194.69,0.99,0,0,22,utilities,0,genuine
11620219-be55-420d-b672-450418694fd8,ACC5E8DD908,136.92,0.82,0,0,13,grocery,0,genuine
ed936779-ebd1-4b89-811e-3e86f2d541fd,ACC431B338F,80.53,0.992,0,0,15,fuel,0,genuine
8dc775c1-d020-4174-b760-aaceba837b40,ACC63A8249C,28.06,1.033,0,0,1,online_retail,0,genuine
5f4fcd05-54c6-41e1-b550-f809f3e66b6f,ACC132E6B03,62.85,0.783,0,0,11,electronics,0,genuine
1775086b-37c3-48da-857a-46624a3c1088,ACC4C1060FF,137.91,0.741,0,0,19,online_retail,0,genuine
3bb18a81-680c-4e93-8da6-768812e68d58,ACC785F9AD5,70.54,0.433,0,0,15,fuel,0,genuine
5990dbe5-89a2-46be-98bf-02c338d86f2f,ACCB70F3DBC,119.28,1.107,0,0,21,travel,0,genuine
9b7e93d9-60ba-4dd2-8d81-7cdf9b890007,ACC6E29EDDC,137.79,1.15,0,0,1,restaurant,0,genuine
da7983f5-f700-4cc5-bf6a-b3866b17ee35,ACC3A1439DA,165.84,1.022,0,0,22,utilities,0,genuine
98944c7a-6393-404a-9552-d731ba556a84,ACC55E9D122,89.33,1.098,0,0,11,travel,0,genuine
81960ba0-3e31-4a82-af32-7bd36a01f23d,ACC57F1AD9A,1618.03,8.837,0,0,13,electronics,1,huge_amount
1d3b661c-ae55-46c2-94ea-4a62200d2106,ACC974EDF80,568.5,3.517,0,0,9,entertainment,0,genuine
bae83ad2-b470-47c8-9d4f-d9e973576f00,ACCE90CC233,42.79,1.027,0,0,0,travel,0,genuine
f9a7592d-7d79-4d10-9519-0b8df9885a39,ACC6A7B8E91,147.84,1.02,0,0,19,restaurant,0,genuine
2cb1b01e-fb07-460f-b406-ebe45d91f922,ACC8AB20DFB,20.04,0.892,0,0,20,utilities,0,genuine
37598fbe-a215-4afb-bfa9-2718d2b8ea1b,ACCA9BDD42B,198.11,1.281,0,0,19,fuel,0,genuine
4f796e09-2b9b-4013-a982-bb56ce3ee39b,ACCCC6CC85C,427.62,2.437,0,0,14,fuel,0,genuine
c593009c-d7e5-4904-a93a-668d449c1c0d,ACC51CC8D6D,36.09,0.617,0,0,4,fuel,0,genuine
046c2ddb-84fb-4ddc-8d16-79576c241896,ACC3A936184,746.59,4.976,0,0,20,restaurant,0,genuine
9db6978f-8797-45aa-bdcb-d9d3cd6271f4,ACCD99DF024,259.51,1.596,0,0,15,utilities,1,new_device
1a513bf9-2155-4ec0-bd1f-bc3fdc70ea30,ACC40162BF5,58.41,0.598,0,0,6,online_retail,0,genuine
fcf8d110-327e-4138-856b-88dac1fd3a89,ACC55972CEC,164.07,1.049,0,0,0,fuel,0,genuine
028886fb-9ec3-40e3-b420-bd5efdd32cb4,ACC2467C52B,55.24,1.162,0,0,2,grocery,0,genuine
5651c9d9-dbfa-41c6-8678-8db0c1bcf043,ACCA8AE6BA8,53.24,1.41,0,0,5,entertainment,0,genuine
163779b4-cb52-4358-9ce1-8a7703be1485,ACC790C1C58,42.28,1.315,0,0,11,electronics,0,genuine
83ae7ff1-a99c-4f20-97c7-875784cb40b1,ACC8AC68D4A,173.99,0.923,0,0,8,travel,0,genuine
b4d798fe-d058-4ddc-ab3d-73af528c2bfc,ACC9A66A456,212.26,1.369,0,0,22,electronics,0,genuine
c357d267-211d-40de-8a5b-1d5b4fd75fb7,ACC2F2FD99E,67.65,1.008,0,0,5,restaurant,0,genuine
3b654eaf-9fcb-485c-92d7-aa197ce33172,ACCA73977CA,238.47,1.295,0,0,5,online_retail,0,genuine
04a1cbff-b4f1-4115-980a-8da66d0b90cd,ACC49371FEA,121.51,1.086,0,0,10,grocery,0,genuine
792c7ed2-ac3c-41eb-a436-3c957b36a25e,ACCA56E2DAF,207.54,2.436,0,0,9,online_retail,0,genuine
be5182e9-8576-4610-80ec-b2de4ebcae4d,ACCE3367E61,152.96,0.935,0,0,14,entertainment,0,genuine
822e7d06-8679-41c1-b3f2-c27bc2377d80,ACCE6F7E64B,106.09,0.56,0,1,17,entertainment,0,genuine
70377738-74ef-4ca1-ba3b-23ab8053d732,ACCA8070C69,184.49,1.184,0,0,13,electronics,0,genuine
7b2eb2fd-b919-4edb-bc5e-85720c4534f1,ACCE549AC1F,53.78,0.88,0,0,9,travel,0,genuine
91b702f5-be0f-4926-8190-3267f7b88f14,ACCDA024530,126.26,0.985,0,0,12,entertainment,0,genuine
90fd8b8a-3269-470e-b397-850140dcba63,ACC52E63E8E,58.03,0.825,0,0,22,online_retail,0,genuine
e55e4a8e-43a2-456d-918d-a41d8a55a05c,ACCFF0D087A,231.15,1.252,0,0,12,utilities,0,genuine
e4123fe4-f9d7-4755-a40f-f3939c0f5c87,ACC790C1C58,50.63,1.575,0,0,11,grocery,0,genuine
853b11ef-05fb-42c0-acae-3a39388342c0,ACC5A5853FB,118.47,0.611,0,0,15,entertainment,0,genuine
75e75a24-3d12-42a2-8393-7ae1a7d5afeb,ACCD77D289A,53.22,1.581,0,0,21,entertainment,0,genuine
12e915b2-892b-4fe1-9ba9-668704a07683,ACCB70F3DBC,136.19,1.263,0,0,11,restaurant,0,genuine
e70107c1-ae83-4920-93b4-3f34908d8beb,ACC6755B550,39.42,1.304,0,1,21,entertainment,1,new_device
2f67e833-b43a-492b-b938-cecd3b9213d6,ACCE5159C95,129.31,1.026,0,0,11,electronics,0,genuine
d80c999c-ecac-474e-9ead-e34fdf9364b3,ACC604B3540,255.1,1.61,0,0,3,grocery,0,genuine
96fe942e-8233-40f9-b3f9-5743963ca39a,ACC049C6980,119.02,0.731,0,1,21,fuel,0,genuine
d3946786-9d5e-4bd3-aed7-22597b9e68c8,ACC68859C88,132.38,1.175,0,0,8,utilities,0,genuine
a7d6cdf3-ab7d-4556-bcbc-91478babd7b3,ACC636C58BC,112.08,1.038,0,0,9,restaurant,0,genuine
caffa8a7-62f5-47bb-a66f-bcf1482048a5,ACC63E38219,118.67,1.05,0,0,8,electronics,0,genuine
ba431930-1e05-47a9-a1e9-3f0aea2ceb30,ACCE45B9394,54.46,0.653,0,0,1,travel,0,genuine
c98c2786-584e-486d-a942-bda2aa3c11d8,ACC0F82A889,142.56,0.969,0,0,23,fuel,0,genuine
8ee49ced-c7fb-48b5-8729-63205bdf6ec5,ACCE3367E61,193.65,1.184,0,0,12,entertainment,0,genuine
3a06b5bd-0937-4254-b066-75e66abf1112,ACC18319CF0,72.1,1.206,0,0,0,restaurant,0,genuine
e93430c7-d559-4dc2-859e-af56ad11b1d7,ACC936198A9,105.52,1.37,0,0,17,online_retail,0,genuine
6865fb0c-c22e-4969-85a5-0cf6700ab699,ACCBDEED3A1,19.31,1.241,0,0,19,restaurant,0,genuine
44197488-ef6e-4353-b492-5851428121d9,ACC44706969,78.57,0.971,0,0,16,online_retail,0,genuine
d7c1722d-ab4a-4bee-a6a2-f3d2db1c0102,ACC5E35C0A6,79.38,0.567,0,1,8,online_retail,0,genuine
f8c082b6-54c0-4907-9612-3d97b6d56c47,ACC209F2457,165.54,0.885,0,0,18,grocery,0,genuine
5c865b23-0f72-4280-8136-0e899b876e3b,ACC6755B550,30.58,1.012,0,0,22,electronics,0,genuine
f876aabb-461a-452e-b09f-9b06210e3fdf,ACCEE57AC5C,122.92,1.004,0,1,5,fuel,1,new_device
8ffd0408-577c-4c3f-9f8e-d1e4253a9fb0,ACC75F5AFB9,136.35,3.125,0,0,13,restaurant,0,genuine
3a12b13d-bf1c-4c39-a0db-ea5459fcf939,ACC44DDB1DF,84.13,1.062,0,0,16,fuel,0,genuine
a1603236-0043-4bab-8586-335618985c10,ACC48A4DD1A,24.67,0.806,0,0,11,restaurant,0,genuine
0dd0d6ed-6344-4fe0-b2c4-5082500a7598,ACC63A8249C,25.32,0.932,0,0,22,electronics,0,genuine
5058fd99-7e7a-4bad-a44a-da73b2188745,ACC52E63E8E,62.47,0.888,0,0,15,restaurant,1,stealthy
91055875-5834-474e-87bb-68baff8e6e56,ACC434FD0BB,75.3,1.104,0,0,4,travel,0,genuine
bf6d7da3-864d-4d42-a8d7-78d9424ad48a,ACCE7567526,129.67,0.756,0,1,0,fuel,1,new_device
15a640f6-89f3-4791-b928-815f942872dc,ACC9A66A456,145.23,0.937,0,0,1,entertainment,0,genuine
a122bcb2-d39d-477d-81ef-48184437882a,ACC8AB20DFB,27.69,1.233,0,0,3,fuel,0,genuine
91fdcda7-4c43-4fbc-990b-6415866b2cdd,ACCD81E32FD,57.58,1.102,0,0,8,fuel,0,genuine
ee28b6a4-38a5-4eac-9601-08e58f9b63a9,ACC080F4BCF,108.07,1.022,0,0,9,restaurant,0,genuine
78b8e151-ee04-4559-be45-e7aad560ace9,ACC95087523,165.57,1.589,1,0,21,utilities,0,genuine
09c97d9d-221d-4564-84dc-68f40959451d,ACC3BE27A0C,63.86,0.979,0,0,8,fuel,0,genuine
fa92295b-8ceb-4695-a267-5d9982061466,ACC6755B550,44.73,1.48,0,0,7,restaurant,0,genuine
81b7becd-644d-4206-8230-b0a193e55ca5,ACC2C848FF5,166.13,1.434,0,0,0,travel,0,genuine
420193a7-35db-4983-877e-938210331ddd,ACC67FED836,30.08,0.789,1,1,7,utilities,0,genuine
a15003dd-58ae-4aa8-82b9-d99c8c80eb3f,ACC44476C30,36.66,0.266,0,0,6,electronics,0,genuine
81accb65-1908-47cf-9eed-dfaf9e5781f1,ACCE5F859C3,12.14,0.238,0,0,14,restaurant,0,genuine
f677cc2f-0655-4637-8977-3f0d3ad12f69,ACC77B9597C,152.95,0.951,0,0,3,entertainment,0,genuine
9918aed4-9776-48f5-91eb-083d6acfe792,ACCA3383ABE,153.13,0.781,0,0,7,electronics,0,genuine
38e3720c-d22d-4fa3-871d-dcc6e4b29eb3,ACCD81E32FD,50.0,0.957,1,0,10,electronics,0,genuine
3788e11d-cde5-414a-b5e6-8fe9e022ca02,ACCE3BC14DF,77.46,0.479,0,0,5,grocery,0,genuine
f4bcb5a4-79fc-449c-add3-4fdfa49a2c9e,ACC6F7D92B8,42.38,1.071,0,0,23,grocery,0,genuine
b2748fa8-e224-4113-87e5-e761a27584d0,ACC08968071,219.91,1.205,0,1,19,travel,0,genuine
366e64a9-3ad4-47a6-a619-9b0efa888eb7,ACCBDEED3A1,23.0,1.478,0,0,9,fuel,0,genuine
2690f13d-5ec2-409c-93c2-f932a325f0ec,ACC17C90D98,226.51,1.218,0,0,13,entertainment,0,genuine
7aacd00a-533e-44f0-8a24-b113249d86f4,ACC5B205BFD,19.32,0.361,0,0,16,grocery,0,genuine
59c33a2e-8e64-4de7-abaa-b0d79b505205,ACC1F549C06,139.16,0.885,0,0,11,grocery,0,genuine
12facd78-be7d-415a-97c0-d30fe86a3e3e,ACCAD8261D9,162.85,0.899,0,0,23,entertainment,0,genuine
239e808a-f390-48fb-bdf4-e67bd2ee61a3,ACCAA36AA07,60.2,1.19,0,0,10,electronics,1,stealthy
c92de377-76cf-4587-a679-83835dbbd1d2,ACCBDEED3A1,13.87,0.891,0,0,9,utilities,0,genuine
7a4c084d-6f1b-4610-ad24-8decae771be4,ACC37920886,84.88,0.759,0,0,13,online_retail,0,genuine
293a56fe-06fd-4638-944a-0ada1d6715f6,ACC40162BF5,139.31,1.426,0,1,20,grocery,0,genuine
7764f0aa-28d2-4b81-a98c-c509702a833e,ACC080F4BCF,116.68,1.104,0,0,2,restaurant,0,genuine
2ef56534-23fc-481c-988c-63b8883009cc,ACCC2B19390,751.08,4.728,0,0,21,electronics,1,huge_amount
552c1f1e-c57c-479c-94ed-076bab4181fb,ACC16193C5E,149.81,1.414,0,0,19,entertainment,0,genuine
4131db01-3a04-4712-b548-c9cdb6a3413f,ACC481A3694,391.18,3.195,0,0,13,entertainment,0,genuine
c8afc7d6-f539-4588-8a6a-faab1241c631,ACC700C0204,104.25,0.754,0,0,7,online_retail,0,genuine
441db0ed-454a-4046-a719-61400e583a8f,ACCE5159C95,94.22,0.747,0,0,9,electronics,0,genuine
c3a92a7a-9ae5-42ee-9b3f-8f3dc3845940,ACCFD91D323,29.15,0.312,0,0,14,travel,0,genuine
b969af75-5223-4e75-afc5-b2e43ec4b8fc,ACC0A64ABBD,13.64,0.664,0,0,11,restaurant,0,genuine
4d6ead01-db2a-4820-9520-6bb809cfa10d,ACC0A64ABBD,13.17,0.642,0,1,23,fuel,0,genuine
12ce43a0-f64f-4d96-a330-dbde908b7851,ACC2F2FD99E,95.64,1.425,1,0,12,entertainment,0,genuine
0f88080c-1bd8-42ce-8476-a847928d4bb0,ACCC742C7D6,53.88,0.758,0,0,11,travel,0,genuine
fb7ea3c0-d5c0-4542-90c9-ff5c9638c752,ACCC742C7D6,43.77,0.616,0,0,0,online_retail,0,genuine
0a1224e2-c833-4a4b-8b92-7ae1b4c39880,ACC8883AEB4,43.31,0.807,0,0,9,utilities,0,genuine
446a9c87-2e63-4ff8-9a63-a6cbb3dc4b65,ACCBE5476B7,18.39,0.474,0,0,4,entertainment,0,genuine
15f936e8-23ef-49be-9b0c-3633b0bc987a,ACCABC666C2,235.64,1.334,0,0,16,utilities,0,genuine
5c56e1ef-4b83-4a1f-882b-c0ce59cd671d,ACC3CC490D1,41.94,0.607,0,0,5,fuel,0,genuine
e87f5cd3-5b96-4104-a3ae-b1e535fdabd3,ACC52E63E8E,80.9,1.15,0,0,0,fuel,0,genuine
75ddb001-851d-4564-bab4-50dff5df61ca,ACCD81E32FD,56.04,1.073,0,0,17,fuel,0,genuine
9e8360bb-a629-4fc6-8640-2b3610b1f060,ACC8348C5C8,38.41,1.226,0,0,15,travel,0,genuine
1b8fe953-b45e-4476-a373-33a40a1edef9,ACCEE57A8CC,162.33,1.201,0,0,17,online_retail,1,stealthy
fd1b31d5-96c1-4d4a-948c-0bad889ae26e,ACC4B968249,99.49,1.003,0,0,17,entertainment,0,genuine
302a7f08-3fb3-43de-ad14-d9ce425936e6,ACC57F1AD9A,209.92,1.147,0,0,6,travel,0,genuine
76c8e721-5b54-45ab-9b13-789ba06a9e5d,ACCCF10A3E8,13.08,0.574,0,0,18,electronics,0,genuine
9ad45b60-ae76-4167-9d58-df29b84d7dd8,ACC6E29EDDC,87.28,0.728,0,0,16,online_retail,1,new_device
63904b87-aed1-4cde-bfe9-4768fef66659,ACC0AADD547,103.19,0.641,1,0,0,utilities,0,genuine
93d0eb68-fa7b-4150-89c1-3ddf438eda70,ACC2AFF62BB,43.11,0.284,0,0,2,online_retail,0,genuine
bb3cf5fb-58d3-4b3c-8898-e9a4950b5487,ACC44476C30,156.46,1.134,1,0,16,restaurant,0,genuine
3147c453-eba4-44dd-8ff2-dd713df99eb8,ACC2E4F73FD,33.99,0.632,0,0,23,restaurant,1,new_device
6baf0a83-2ed1-4013-bfc0-5dfba647e36c,ACCAFBC20C2,62.41,1.336,0,0,0,travel,0,genuine
4abb4583-c077-4651-89cf-4d436f9046fb,ACCBCFB1EE1,19.92,0.899,0,0,18,travel,0,genuine
3018e5ae-102c-4d84-bc57-f154bc91d796,ACC47DBDD62,308.12,3.014,1,0,17,fuel,0,genuine
6df6afaf-c4cc-42d5-a59e-1449be4bf7a9,ACCA6791AA0,117.5,1.178,0,0,2,online_retail,0,genuine
93261972-de65-4c79-9fc7-22c5308bc873,ACC604B3540,115.71,0.73,0,0,1,utilities,0,genuine
df63cabd-7979-42de-9ddb-5e5bd8445c18,ACC6BDE26B6,26.41,0.708,0,0,22,travel,0,genuine
513b8446-cd74-43c8-a08e-e7365169b1e9,ACCB7261A19,196.56,1.095,0,0,22,utilities,0,genuine
7c384883-149f-4136-8038-0d737b5131cc,ACC0A64ABBD,31.18,1.519,0,0,22,restaurant,0,genuine
b0b9cbe0-0728-40fe-a358-9ae1593960d5,ACC936198A9,71.73,0.931,0,0,1,fuel,0,genuine
3f0ec2b9-6bfd-42d5-bfde-1d89e2835ae3,ACC3BE27A0C,94.24,1.445,0,0,9,utilities,0,genuine
01335559-1852-417d-a384-1313a485a747,ACC1584D2D9,106.8,0.654,0,0,16,entertainment,0,genuine
86e7249c-ff70-43b2-a5e9-37eb1a4e7df6,ACC482E81A5,10.47,0.43,0,0,3,travel,0,genuine
0960cfaa-2323-49f8-8b6c-6d9e3b1dfadb,ACCB5426310,24.5,0.337,0,1,20,restaurant,0,genuine
87142b03-150d-46bc-adaa-a5a187d8182a,ACC4C1060FF,211.68,1.137,0,0,19,grocery,0,genuine
91798317-073c-493f-bfda-330753bfe42a,ACC38C22FBD,690.3,3.874,0,0,20,electronics,0,genuine
b7fbf656-2b4f-4580-a1b9-8a139816cf9f,ACC50C40EE9,77.52,0.797,0,0,4,utilities,1,stealthy
aad3c356-7121-402d-b72b-542f03b0c916,ACCE4ED68FE,114.72,0.621,0,0,7,grocery,0,genuine
b98c091c-f8cc-4464-a256-6f553abef110,ACCE5F859C3,44.91,0.88,0,0,12,grocery,0,genuine
695cf4a7-4de9-4657-ae71-88bf9a9bd0ef,ACC18680C85,166.91,1.41,0,0,11,travel,0,genuine
d930da3c-d798-463a-b707-c001045aed9a,ACCC742C7D6,60.34,0.849,0,0,7,fuel,0,genuine
b33b7113-8967-415c-b64e-5dfa723d9c47,ACC44DDB1DF,79.77,1.007,0,0,21,grocery,0,genuine
b13d9a08-33b9-4506-83e7-68f513df9407,ACC44DDB1DF,110.37,1.394,0,0,10,restaurant,0,genuine
c89c0a18-3c67-4b7b-8981-754d8e84b393,ACCB58647E8,102.9,1.175,0,0,5,travel,0,genuine
8c011365-c830-430c-8b17-e579156f90c7,ACC8B071F50,69.37,0.418,0,0,10,grocery,0,genuine
48f011f8-28f4-493a-9d15-fadef18e0ea6,ACCAF2FECB8,69.02,0.996,0,0,3,fuel,0,genuine
d1e56b46-5920-4ca6-829c-85729f8bea4f,ACCE2B777FC,59.99,0.332,0,0,13,grocery,0,genuine
822461dc-2de5-47c7-b75d-96cc68b9ed69,ACC0AADD547,135.6,0.842,1,0,22,utilities,0,genuine
b5f7b6b1-bef8-478d-8daa-5f2782f9ade3,ACCE4ED68FE,124.55,0.674,0,0,20,grocery,0,genuine
8b9bf3b4-17ee-41c6-979f-d91217b37e28,ACC5952E61B,214.65,1.18,0,1,5,utilities,0,genuine
693dc293-ef0c-4901-9a8d-b01ddd394836,ACC44476C30,1544.9,11.193,0,0,17,online_retail,1,huge_amount
ce10f8aa-a0e9-4e47-8925-1b79d49d8ab7,ACC55E9D122,36.74,0.452,0,0,9,restaurant,0,genuine
c7674333-9749-4658-b363-c83f07e2747b,ACCD581D6E4,52.52,0.739,0,0,23,utilities,0,genuine
675f470d-2743-4fa6-877c-eb9ad21e769b,ACCBCFB1EE1,16.09,0.726,0,0,5,grocery,0,genuine
01370d06-d0a3-4342-aa0f-bd0ec9d397fe,ACCD81E32FD,47.51,0.91,1,0,21,utilities,0,genuine
0c91eb52-ac92-451b-b287-6155df75ff48,ACC27B72436,198.83,1.17,0,0,18,electronics,0,genuine
ac2b29f7-a99a-41cf-8627-b58d501021bd,ACC1E39053B,59.32,0.6,0,0,3,travel,0,genuine
718dc1d2-43f7-4501-8e40-a58444df9557,ACCE5159C95,157.95,1.253,0,0,2,electronics,0,genuine
58d66a58-0989-4069-9f79-6b58fa2d93c5,ACC7F584589,84.6,1.137,0,0,18,travel,0,genuine
ce1e1a03-2bc8-4f64-bb01-5e79fc37d82f,ACC051D694E,1.98,0.027,0,0,3,restaurant,0,genuine
3070d33b-ceff-43d3-9ade-083d78b37e73,ACC2E4F73FD,49.28,0.916,0,0,7,online_retail,0,genuine
491cf38d-3098-4194-8729-9f7d07eed7c9,ACC22163AB8,67.65,0.787,0,0,11,entertainment,0,genuine
8cdb5c5e-0b8b-42f1-8242-b0e312cb5036,ACC2BCDCDD4,29.17,0.599,0,0,15,fuel,1,new_device
ee506f76-4d1d-4994-8f6b-b5d571b9a7c1,ACC6F7D92B8,41.56,1.05,0,0,20,electronics,0,genuine
1ee669fb-531b-4241-91e4-5f2d9dbe0058,ACC8C663F70,214.36,1.241,0,0,3,electronics,0,genuine
d589f237-f375-4062-b5ee-4b630e83d443,ACC792E1021,211.36,1.126,0,0,1,electronics,0,genuine
b18b70f4-628e-42cb-a45e-353262861fac,ACCEAF23921,62.0,0.778,0,1,18,entertainment,0,genuine
b57b927e-56e0-4190-9f2d-34462fe340c2,ACCFF0D087A,115.1,0.624,0,0,3,online_retail,0,genuine
9350e7bd-018e-4593-bf66-0f94bbf79f0f,ACC95087523,161.08,1.546,0,0,22,travel,0,genuine
5345348e-4fba-410b-8ec8-c5d95acdca7d,ACC4868BBD3,189.47,1.001,0,1,18,restaurant,0,genuine
7cfd4c47-8b6e-4080-9313-d41605b7efd1,ACC5E8DD908,237.96,1.424,0,0,7,utilities,0,genuine
38adfc97-6d7f-4666-8258-13a36c7e392d,ACC6F7D92B8,61.31,1.549,0,0,9,restaurant,0,genuine
80c46e5c-101e-4508-85c0-3c257496ba6f,ACCF8C437FB,27.71,0.585,0,0,14,grocery,0,genuine
c074d89d-7600-4ef0-a6aa-3803e503d3fb,ACC866E61C1,39.64,0.72,0,0,5,grocery,0,genuine
44bdf99f-1019-4144-8be7-8283d915f5d4,ACCAB52E977,129.12,1.265,0,0,18,electronics,0,genuine
ed5d7615-52fa-448e-aac3-8c325961e8ea,ACC43CFC7DA,155.23,1.095,0,0,16,utilities,0,genuine
6d0a15f6-7998-47b2-9ea5-c7c36bc495b5,ACCE3BC14DF,59.08,0.365,0,0,19,grocery,0,genuine
8cc15455-4938-4386-af61-9ae7f55339f0,ACC6993E5A7,65.07,0.652,0,0,20,utilities,0,genuine
5d1dac92-8348-49e3-a327-a9f0bddbd50a,ACC3CC490D1,66.57,0.964,0,0,14,grocery,0,genuine
bdd03ab2-6bc2-4800-9405-e6331d5e5048,ACCA12ADE0C,33.28,0.609,0,0,10,grocery,0,genuine
fa8abc7a-9c92-4055-9e08-6f3a73310f09,ACC4B9B991E,721.83,4.822,0,0,5,online_retail,0,genuine
04099181-b310-4133-8550-c0e1dee6a571,ACC481A3694,160.3,1.309,0,1,20,entertainment,0,genuine
88f02bcb-6d29-404c-aa9e-e2bdb4d894be,ACC431B338F,54.46,0.671,0,0,14,grocery,0,genuine
4eb7277b-bc55-4b80-87f9-98ee00258732,ACC51CC8D6D,74.95,1.281,0,0,6,utilities,1,stealthy
aa50b957-56b9-4db6-9391-088ae16ab367,ACC22163AB8,85.49,0.995,0,0,13,utilities,0,genuine
8b23d45c-c3ee-42f5-a60f-847ee290de5b,ACCB5426310,158.3,2.175,0,0,5,restaurant,0,genuine
20826e00-7311-421d-ac7d-c4130dbf2168,ACC6FF68307,186.92,1.645,0,0,20,fuel,0,genuine
0a8ccf9d-8de0-4aa2-a6c3-eb26becc7c84,ACCE3BC14DF,272.0,1.681,0,0,11,restaurant,0,genuine
d431e82f-7a23-4fa7-9723-d14853866efc,ACC3B960C09,203.5,1.15,0,1,16,fuel,0,genuine
fe7055c0-dd96-496a-a1b8-7a56cfe49d37,ACC8CF8E85D,104.52,1.098,0,0,4,travel,0,genuine
3e842ec5-dcc3-4342-8854-a5e0302653f5,ACCC7379D88,138.34,1.333,0,0,12,online_retail,0,genuine
fb8282d5-b3d1-4887-921e-a3f2f1a0a60a,ACC8F3BC4D8,66.41,1.054,1,0,18,utilities,0,genuine
12d12b0d-841d-498d-83c5-6795de461d92,ACC1584D2D9,178.49,1.093,0,0,4,travel,0,genuine
58c6931a-f0ac-4449-8fcb-790dfbc1fd19,ACC5A2E3A6E,985.23,5.264,0,0,12,entertainment,1,huge_amount
f60a1ad0-7735-4bf3-a9f5-4bcdb42e80bc,ACC209F2457,134.56,0.719,0,0,20,travel,0,genuine
61dc540f-0efc-41ed-a252-8533210674d7,ACCBDEED3A1,19.42,1.248,0,1,20,grocery,0,genuine
3369b901-321b-4db9-8001-40f0fbddeecc,ACCB17AC2ED,15.21,0.479,0,0,17,online_retail,0,genuine
691ee15d-671e-44b1-b6d6-c59307c8ba7a,ACCD81E32FD,34.21,0.655,0,1,22,grocery,0,genuine
ce2eb973-d30c-4900-bd90-b0c29646486e,ACCAB52E977,86.9,0.852,0,0,13,fuel,0,genuine
6c407b4f-6d6f-4586-adec-5912dae636e6,ACC3B960C09,211.97,1.198,1,0,19,online_retail,0,genuine
59dab643-3932-4292-9683-44cbd3270e2b,ACC37920886,171.49,1.534,0,0,20,online_retail,0,genuine
75202cb4-45fb-4188-9c07-75f1be3b0180,ACC44476C30,93.13,0.675,0,0,6,electronics,0,genuine
868fce5e-a9dc-4e83-a96b-8000fc1b8b6e,ACC18680C85,214.52,1.812,0,0,15,restaurant,0,genuine
6a37dc5e-5826-4542-9e7d-1778f6b10154,ACCCF5314D2,43.42,0.261,0,0,6,electronics,0,genuine
62ea0c46-fd00-4e0a-8712-5a79c272ddd2,ACCBBEDED04,8.47,0.478,0,0,12,travel,0,genuine
260405a9-8249-4ed9-a5dc-791cf1820206,ACCFEB51908,114.37,0.696,0,0,22,entertainment,0,genuine
5641e5f8-eb57-4e18-913a-ae3d531c5dcf,ACCD07853CF,143.02,1.166,0,0,7,entertainment,0,genuine
15cf4e5a-eb20-46f1-a0f7-be65fd9243a1,ACCF6D9DFAD,102.07,1.59,0,1,19,travel,0,genuine
c4c5bfd6-3a26-4e69-8102-45fec9c539e3,ACC8C663F70,124.65,0.721,0,0,17,entertainment,0,genuine
8c3e0bfa-7b03-44c7-b705-79678d55bd2a,ACC400342D2,49.77,0.869,0,0,20,online_retail,0,genuine
eecc4621-fa62-4f5b-94e3-3f55c485ff47,ACC80414307,101.6,0.995,0,0,21,fuel,0,genuine
42c1b199-c09a-4fd0-9b9e-169248070898,ACC1FD41087,207.04,1.344,0,0,3,grocery,0,genuine
609834d5-11ee-4f84-9ccf-202dea07d082,ACC69F86FC2,130.09,0.701,0,0,5,entertainment,0,genuine
3f597856-5816-4d21-a546-1109e6eb4ad9,ACC6781637F,193.84,1.056,0,0,2,travel,1,stealthy
8ea04c7e-e2d7-48ab-b05b-fd19aecdf1f8,ACCAFBC20C2,41.5,0.889,0,0,5,fuel,0,genuine
3bec01ef-c99f-41ab-adc6-124723815967,ACCD70B7103,40.01,0.641,1,0,18,restaurant,0,genuine
3a878a60-9d3c-43ff-a6c6-b9a9c50433f9,ACCD07853CF,124.89,1.018,0,0,6,electronics,0,genuine
b05d1fbf-69ff-4525-9571-6d61a59a6fda,ACC4C275212,778.03,5.136,0,0,5,utilities,1,huge_amount
9a57cb36-4e76-4c3a-b44c-b71532f4b472,ACCD06EC9E8,38.36,1.163,0,0,9,entertainment,0,genuine
2a191385-2f26-4298-be79-7e67d0f1110f,ACCFD91D323,79.86,0.854,1,0,20,online_retail,1,foreign_location
438fb6a8-859e-44d0-ae9b-d373402091e3,ACCCDE6737B,105.37,0.922,0,0,2,utilities,0,genuine
b0484b63-1bc4-40fa-a750-d7da5a08eb94,ACC8CF8E85D,57.53,0.604,1,0,23,electronics,0,genuine
ed88a411-831a-491e-83a1-062f5ce05900,ACC159AEF91,187.36,1.091,0,0,2,electronics,0,genuine
8a27fddf-bfec-4388-8114-d161d8963772,ACC2BCDCDD4,63.71,1.309,0,0,10,utilities,0,genuine
dec5f09c-2598-40c7-81a5-7ccbcb626aae,ACC0AAC82C2,80.14,0.831,1,0,20,grocery,0,genuine
74703d26-ffcf-4d2c-83a4-62e3e5aabbae,ACCD99DF024,145.81,0.897,0,0,9,grocery,0,genuine
9cc7d684-ad2f-4f59-96cb-a4e9c99f3f00,ACCC7DF1C25,80.55,0.922,0,0,16,restaurant,0,genuine
fb43a13a-751e-4a0d-9bb9-ad8796e6c846,ACCF0ED3147,54.2,1.304,0,0,14,restaurant,0,genuine
3138a4d7-cf7a-49f5-84fb-54dc31527ec4,ACC2AFF62BB,118.89,0.784,0,1,11,grocery,0,genuine
572d1da7-cbad-4e5b-9be3-1db2ab61f64e,ACC68FE0D56,138.24,0.941,0,0,4,entertainment,0,genuine
a0fdfbdf-bb31-43fe-aeff-ff83931f9149,ACCCE9C4128,205.22,1.217,0,0,3,fuel,0,genuine
17fa5be1-08ce-48ef-acb8-084cb54ff0bf,ACC974EDF80,155.54,0.962,0,0,4,grocery,0,genuine
34d0ba76-719b-4e22-a7ec-642f7c6bf151,ACCB6304D6D,238.41,1.497,1,0,9,online_retail,0,genuine
63997138-2031-4f8c-a3ca-76a42596a946,ACC0E90F901,76.61,0.438,0,0,20,fuel,0,genuine
59164b9c-96f4-48d1-8ca3-1b8490e10537,ACC468A30E3,172.06,1.588,0,0,10,travel,0,genuine
2efa5a14-153a-41a3-8bf1-87c02d4a1278,ACC7661F9A1,81.5,1.409,0,0,2,entertainment,0,genuine
c2a312d2-3316-4d5b-ac1e-f9e1f8edfc6b,ACC8AB20DFB,15.68,0.698,1,0,1,electronics,0,genuine
34bec838-a396-4dcb-9c77-9bf214ed1dea,ACCE45B9394,102.26,1.227,1,0,7,electronics,0,genuine
c9df0055-b500-48a6-b7cb-a16d1e20c0c5,ACC5E53E80D,83.39,0.932,0,0,19,restaurant,0,genuine
6ae3e28b-b4d0-4d9a-aa50-594be43b12da,ACC3A1439DA,218.3,1.345,0,1,18,utilities,0,genuine
53ee7585-c8b3-4fe4-bb14-3e002d47d305,ACC8B88E484,129.42,1.687,0,0,9,electronics,0,genuine
763d20d2-28ca-4afc-a8e2-b9179a2f5010,ACC02350C73,60.63,0.828,0,0,19,fuel,0,genuine
c689a8bd-b95a-471a-a40a-52a335d8074d,ACC67FED836,130.45,3.423,0,0,4,online_retail,1,huge_amount
cedc27f4-c058-4cdb-9204-4b0653ec7cf6,ACCB582C3E4,121.06,1.762,0,0,21,travel,0,genuine
a2333621-26be-4ce9-8d89-96e4068a4e64,ACC72FC33FB,207.92,1.562,0,0,4,utilities,0,genuine
b18abdff-ed10-49b7-884b-0cdb3e26957c,ACC2C3FB42A,204.64,1.216,0,0,22,electronics,0,genuine
f2a8e38e-bc69-4757-803a-4099e261a951,ACCAF2FECB8,102.61,1.48,0,0,15,fuel,0,genuine
09be7c0d-8bb4-4bf3-be5d-152ab161c8bc,ACC49371FEA,68.61,0.613,0,0,9,utilities,0,genuine
13105f3a-c02c-4cd9-b335-6cae5cf18b16,ACC08968071,265.26,1.453,0,0,16,fuel,0,genuine
ba12e396-6158-4802-a061-68a879bd7b0d,ACC22163AB8,78.1,0.909,0,0,1,online_retail,0,genuine
7c60cdd3-9f4f-4115-872d-4fc683109c26,ACCBFA30BE8,78.84,1.286,0,0,4,electronics,0,genuine
4f768189-3f9a-46e4-84a6-7400d85b7a57,ACC4868BBD3,186.66,0.986,0,0,23,entertainment,0,genuine
903fcff8-9cdd-4595-b4d2-03f74d419fbc,ACCD70B7103,545.16,8.732,0,0,10,electronics,1,huge_amount
32dea9fc-1089-471d-8332-dcb33d2547f3,ACC7D7424A6,54.96,0.929,0,0,0,entertainment,0,genuine
3ba5afe0-df6b-4e00-afc1-7e67d28807bd,ACC44706969,99.18,1.226,0,0,15,restaurant,0,genuine
83af1986-e8cf-4008-a6b8-2bc86a70a6e4,ACC4868BBD3,297.95,1.574,0,0,16,grocery,0,genuine
72ed5140-04cc-484b-86f5-64c36126e65c,ACC051D694E,54.54,0.748,0,0,2,travel,0,genuine
cf78dff2-c812-4060-8fbf-3264038a1d43,ACC5F0A2EFB,43.14,1.505,0,0,0,entertainment,0,genuine
fbee27e2-b847-4168-9dfd-3eacd49c89fe,ACCF7367AA9,115.4,1.705,0,0,12,restaurant,0,genuine
39b5ba93-abfa-4c6e-b27f-448940bda259,ACC5E35C0A6,198.65,1.418,0,0,15,travel,0,genuine
2737b2d2-3b30-4d8a-a22b-0db4b97e6a1d,ACC82566958,131.32,1.286,0,1,6,grocery,0,genuine
805d4cda-3eef-49c1-9bc7-400ee146faba,ACCD581D6E4,68.58,0.965,0,0,4,grocery,0,genuine
02495c88-b898-4313-b148-5e92ddcfff56,ACCF0ED3147,43.45,1.045,0,0,7,fuel,0,genuine
30460904-14cc-418f-83a0-e892cad31fc3,ACCCF10A3E8,29.03,1.274,0,0,1,electronics,0,genuine
9bfd5b2d-27dc-4fc1-8dd6-71ce92785515,ACC700C0204,126.88,0.918,0,0,7,travel,0,genuine
e6a54d98-f713-4480-bad4-a5c8ab94e8b0,ACCE4ED68FE,260.97,1.412,0,0,6,electronics,0,genuine
a7d73d7b-8378-4c42-a078-c3abf109463e,ACC3A936184,197.89,1.319,0,0,15,electronics,0,genuine
5c9a35c4-e856-470c-9ea5-9d4f592551ab,ACCE3BC14DF,146.64,0.906,0,1,13,grocery,0,genuine
0f218272-6a5d-41ed-8ee0-c7fcfa696916,ACC52E63E8E,100.35,1.426,0,0,11,electronics,0,genuine
1111453c-5515-440e-a7e3-1d0c300e32dc,ACCAF2FECB8,80.66,1.163,0,0,4,fuel,0,genuine
685557f3-2ba3-4aa8-a308-39c975d85271,ACC6BDE26B6,35.36,0.948,1,0,22,electronics,0,genuine
fabb3c5e-aae4-4139-bb12-9fe6ee466694,ACC8A097CC1,107.6,1.053,0,0,5,grocery,0,genuine
f5f96779-380d-40ea-ab2f-e6e04fe581cc,ACC065617EF,169.54,0.885,0,0,19,travel,0,genuine
c5fc1b91-9017-4c19-ae54-d459c517e470,ACC3A1439DA,136.53,0.841,0,0,19,entertainment,0,genuine
19446de3-fde7-4a4e-ab22-e8f216a80d51,ACC5E8DD908,78.12,0.468,0,0,2,electronics,0,genuine
d0192540-bb40-45db-8b68-a0d61cd9dd91,ACC82566958,128.23,1.255,0,0,11,restaurant,0,genuine
cc6ae268-cc65-4eb5-b718-bc0f99fc531a,ACCB3D946C7,188.14,1.039,1,0,23,travel,0,genuine
fd4b9268-da52-4535-90b2-97d27c869a99,ACC2467C52B,438.47,9.221,0,0,14,fuel,1,huge_amount
9be8c57f-2a26-4dca-9976-2a440ec2a0ec,ACC1584D2D9,202.86,1.242,0,0,6,travel,0,genuine
568014c8-fb5b-4f46-b093-3d4125f7a3e9,ACC18319CF0,16.33,0.273,0,0,14,fuel,0,genuine
7c021f8d-e9e8-40f5-b7d9-1962cf6ecede,ACCABC666C2,238.18,1.349,0,0,23,electronics,0,genuine
942080b8-c10a-41bf-b0ea-3086f0ffc861,ACC8C663F70,145.45,0.842,0,0,16,restaurant,0,genuine
5126e48a-007b-4549-b407-607c2679a406,ACCCF10A3E8,33.58,1.473,0,0,8,restaurant,0,genuine
6f781b18-979e-4ce1-b2bf-a0b9e5440867,ACC30BAEE93,30.83,0.556,0,0,11,utilities,0,genuine
a6aad2d3-1957-471f-b362-e55898a1f61c,ACC95087523,23.48,0.225,0,0,9,restaurant,0,genuine
ee293f3e-7c8c-42b6-bfc1-295f21da1916,ACC400342D2,62.36,1.089,0,0,20,online_retail,0,genuine
b34fd678-7bfe-4436-8adc-901b8c954e83,ACCB70F3DBC,55.51,0.515,0,0,8,utilities,0,genuine
e1ffd902-9bda-4bff-8bd2-9bca85d50dd8,ACCD9089858,29.59,0.669,1,1,1,utilities,0,genuine
bbd024be-9e37-4ceb-a9a6-2b1457b82f37,ACC3D0FD592,126.45,1.154,0,0,9,entertainment,0,genuine
45d8cbcc-ce89-4f6e-8a30-5c05406df770,ACCC0703F18,200.29,1.067,0,0,9,fuel,0,genuine
72bdf059-c5b9-403f-9d6b-b0d0d4e4791c,ACC4B43792F,59.94,1.236,0,0,17,entertainment,0,genuine
3fb60e45-bff8-404b-b681-ceab98e1b47b,ACC37920886,118.9,1.064,0,0,1,electronics,0,genuine
065f047f-9747-4b1c-9c5e-8465395e883e,ACC27B72436,133.28,0.785,0,0,15,travel,0,genuine
861cad54-809e-4fb1-a40e-23676ac6071d,ACCE6F7E64B,212.23,1.121,0,0,2,fuel,0,genuine
45c77bc2-193b-46fb-b981-feeee2406695,ACC38828645,13.15,0.458,0,0,12,online_retail,1,stealthy
713aebd5-0aeb-42d8-a1da-c38adea9a2ae,ACC3BE27A0C,72.8,1.116,0,0,15,utilities,0,genuine
3e5828f2-93cc-4fc5-8e9b-a18670ce75a3,ACC863BB6E8,45.7,1.598,0,0,13,electronics,0,genuine
b6b43001-4d86-401b-9b67-665a9e12d779,ACC47DBDD62,52.54,0.514,0,0,5,travel,0,genuine
06875837-7b84-42a9-9459-48cc80b2be1b,ACC0FF13EC2,267.84,1.367,0,0,1,grocery,0,genuine
ac96d0f0-4d98-41c7-9161-819373c4275e,ACC257866E9,101.94,0.629,0,0,13,entertainment,0,genuine
c7be57a3-a771-4f68-9c0d-f77225aad5e5,ACCCC6CC85C,274.21,1.563,0,0,14,restaurant,0,genuine
c563bcc7-dbf0-41c2-95e5-db6c3cb9f3bb,ACCD13E9570,15.89,0.903,0,0,2,fuel,0,genuine
9b88c6bc-a3f6-4e82-a9f5-aeb277e7b205,ACC431B338F,99.89,1.23,0,0,13,utilities,0,genuine
a561e02a-6735-46ea-ab9c-da31b78277db,ACC49371FEA,143.5,1.282,0,0,8,grocery,0,genuine
70cc15cd-4c71-4de8-b619-997874bed5a4,ACC49711EE2,188.35,1.028,0,0,6,travel,0,genuine
331c7316-5768-4d76-b1cc-3c0182bb1462,ACC6A7B8E91,187.85,1.297,0,0,20,online_retail,0,genuine
870c5ac2-9563-4946-8d22-86d95d8f513a,ACC50C40EE9,141.17,1.451,0,0,20,travel,0,genuine
0c28afe1-49e7-4ed8-9d5c-90d5f2724f90,ACC8AC68D4A,258.29,1.37,0,0,23,utilities,0,genuine
b107d281-1e2c-4df1-aece-f6a086019c03,ACC9D67E0D7,134.34,0.951,0,0,10,restaurant,0,genuine
43ae95a6-649c-4813-bad0-04559d3e0095,ACC71F2BF15,130.85,1.392,0,0,22,restaurant,0,genuine
f74b8538-1a25-42e1-8315-49fecfdc3b7d,ACCBCFB1EE1,26.89,1.214,0,0,5,electronics,0,genuine
529338b7-d353-4eda-956b-32f4425259d9,ACC2E4F73FD,71.97,1.338,1,0,7,electronics,0,genuine
fc51f7d9-519f-4917-b16b-6f586df3fede,ACC481A3694,108.97,0.89,0,0,14,travel,0,genuine
88c18947-1b37-4820-94bd-b07021e5d118,ACCB17AC2ED,28.01,0.881,0,0,23,electronics,0,genuine
dbedcb89-d758-43b3-b514-cc7511819f61,ACCB743CAF9,215.95,1.276,0,0,16,utilities,0,genuine
269b28af-c713-44c9-8b3d-70de32cdafa0,ACC4C1060FF,258.33,1.388,0,0,15,grocery,0,genuine
06828086-1d8a-4f85-9a24-f0764b5f46bc,ACCB7261A19,279.52,1.557,0,1,18,fuel,0,genuine
c727771c-1aeb-4e80-b270-bf3c1cb84abd,ACCA1BB6B6C,73.6,0.552,0,0,20,online_retail,0,genuine
327faaa4-7298-46f2-b6ad-84e1229f9297,ACCF7367AA9,36.54,0.54,1,0,8,fuel,0,genuine
406c17d6-8fb7-40a1-b48e-48a8c0f9e16e,ACC52E63E8E,51.67,0.734,0,0,15,online_retail,0,genuine
7930c782-82fb-4e74-bc41-23246429971c,ACC55972CEC,106.22,0.679,0,0,17,grocery,0,genuine
6cb23c69-9cc4-4c72-a788-630f8f28fb9c,ACC5A2D2562,31.64,1.071,0,0,5,restaurant,0,genuine
6b0fb22a-5b94-44da-b227-52a0944a48ec,ACC34FD0AB8,29.74,0.949,0,0,3,online_retail,0,genuine
3b669714-3e52-4161-bb3a-53ccf6b94d51,ACC6A7B8E91,130.84,0.903,0,0,3,restaurant,0,genuine
a759c266-f1d7-4dc1-81c3-5aa5a3bf71ba,ACC1FD41087,187.81,1.219,0,0,19,utilities,0,genuine
0d3c46e3-f1d8-4a32-afd4-280edc5fee15,ACCFF0D087A,134.74,0.73,0,0,22,online_retail,0,genuine
4fbf4ad7-ff27-4ccc-b31f-0c0c396176de,ACC8A097CC1,173.64,1.7,1,0,1,restaurant,0,genuine
4e119d2a-73e4-4524-bd61-4b01d097e3c2,ACC8F3BC4D8,656.54,10.425,0,0,17,grocery,1,huge_amount
5b3d8856-916b-4dad-93c7-18290efcacfe,ACC485CBED1,166.65,1.212,0,0,4,fuel,0,genuine
0fa9b1e8-6b46-46fc-859f-842291bd300f,ACC77B9597C,204.61,1.272,0,0,22,online_retail,0,genuine
e12a7205-35aa-4b78-b958-ec41511e493c,ACC636C58BC,39.95,0.37,0,0,13,entertainment,0,genuine
393173df-9229-4f6f-b9ce-f4eac55f3bff,ACCD81E32FD,64.91,1.243,0,0,16,electronics,0,genuine
a75717cd-3a93-4bba-aff3-d1c13e700da0,ACC481A3694,117.53,0.96,0,0,20,grocery,0,genuine
cbd244da-c5a8-4829-bf6e-b2798756bf53,ACCBE5476B7,43.01,1.109,0,0,1,travel,0,genuine
5714db0f-1714-4bce-8b37-765074410048,ACC0AAC82C2,59.53,0.617,0,0,7,travel,0,genuine
f242582a-dcf0-4f00-9973-abda60913530,ACCB7E41D27,120.71,1.338,0,0,10,online_retail,0,genuine
885c3f16-775d-4345-bbe3-7426fa1e97a3,ACCA1AE10E7,22.68,0.749,0,0,19,online_retail,0,genuine
ca774fd5-50d1-4f13-a4ac-427616d99061,ACC81C97E10,16.39,0.808,0,0,15,utilities,0,genuine
f0549003-6829-40ae-baca-dc367e408835,ACC58892FA4,123.38,1.055,0,0,4,grocery,0,genuine
565e874e-61e2-468d-9485-109b3a825050,ACC8F3BC4D8,50.06,0.795,0,1,2,grocery,1,new_device
062b4910-8e33-4bc6-a5ac-70d2f5f9d262,ACCE3BC14DF,126.9,0.784,0,0,11,grocery,0,genuine
40643028-d819-4c13-8e45-8fa473f21c51,ACCB3D946C7,116.86,0.645,0,0,6,grocery,0,genuine
99a6a3bc-4622-42ab-8f26-d2806de8fa05,ACC0FF13EC2,256.07,1.307,0,0,10,travel,0,genuine
11d06916-4511-4114-9367-7713a510e136,ACC94AF39FF,100.29,1.457,0,0,19,travel,0,genuine
7e44b134-1493-48d8-93e2-83a5d796392b,ACCAF664302,48.07,1.259,0,0,23,electronics,0,genuine
73b34ff2-4991-4c8b-90cf-20d425eeb9be,ACCBB625750,87.6,0.612,0,0,3,travel,0,genuine
d36a3907-b4d0-4081-b3b5-ce21f25c5ddc,ACC4328EBBB,224.21,1.184,0,0,13,fuel,0,genuine
e1805236-d4fc-4a67-93e9-207a8a74f92d,ACC8B071F50,249.85,1.506,0,0,0,electronics,0,genuine
e4bddc07-d419-4d0b-89ef-da3b45d67a68,ACC7C611899,644.69,3.687,0,0,13,entertainment,1,huge_amount
0fd7ff0f-b595-4d9f-aeb4-5bc37c0749b3,ACC75F5AFB9,27.16,0.623,1,0,8,utilities,0,genuine
49769203-e97e-49d1-9437-9e59685eeaae,ACC724DAE51,48.21,1.428,0,1,6,fuel,0,genuine
052a67d9-4367-4cdc-8f54-62526fd7108e,ACC790C1C58,22.04,0.686,0,0,16,online_retail,0,genuine
6405a9dd-835e-4b94-83d7-61fdba2d130d,ACCCB6BC567,33.71,0.71,0,0,18,electronics,0,genuine
f02c9baf-3475-4bfd-aa49-e623d727c53a,ACCD70B7103,62.4,1.0,0,0,11,electronics,0,genuine
a2fd95e7-b116-4ccf-95ad-267fc804b286,ACCC2B19390,110.41,0.695,0,0,1,electronics,0,genuine
eb60180c-e8d0-4059-b805-8c1189fde4e9,ACC22163AB8,72.62,0.845,0,0,21,utilities,0,genuine
a0db2003-4c5e-40a1-9ebb-76a442208460,ACCD8D566E9,100.31,0.603,0,0,11,fuel,0,genuine
1f68e559-cdb9-49e0-82a9-46e9a846bc54,ACC49371FEA,112.92,1.009,0,0,20,grocery,0,genuine
ced595b5-4809-44ff-8400-ed3e3ed9c46a,ACCCF5314D2,159.89,0.962,0,0,18,restaurant,0,genuine
e16f6f69-1c1c-4b2a-bf0c-a346fef5a4be,ACC59EA8486,211.03,1.351,0,0,7,electronics,0,genuine
98780e22-eff5-44f5-86ca-c04f6ce1a085,ACC4FDDC2F7,92.57,0.604,0,0,21,restaurant,0,genuine
de27325e-d6ef-42c4-93f9-4c2b774875b4,ACC215BCCB8,78.35,1.814,0,0,8,travel,0,genuine
95b48a52-1204-4ea0-b463-263ca256f69f,ACC080F4BCF,182.63,1.728,0,0,3,utilities,0,genuine
815e78ec-e415-46eb-83c2-05352c727578,ACC5952E61B,333.74,1.835,0,0,16,entertainment,0,genuine
9f785792-3af5-46a0-9a93-f530dda77653,ACCE45B9394,94.85,1.138,0,0,2,travel,0,genuine
ee31f7cb-6bae-43d6-abed-0616130a6a49,ACCDA024530,95.0,0.741,1,0,6,grocery,0,genuine
196a261d-f7fb-4cb2-a6d6-094ea0ac6596,ACCAF664302,35.91,0.941,0,0,13,travel,0,genuine
70b32ba2-51c9-43a8-b97f-8e76be815248,ACCEE57AC5C,689.62,5.633,0,0,22,online_retail,1,huge_amount
ecd576a9-61ac-40d1-93e2-f2b18a867b0a,ACC0AADD547,199.91,1.242,0,0,21,fuel,0,genuine
ed022e01-0e63-4dd0-807f-2bf756e121d9,ACC38828645,22.36,0.779,0,0,19,entertainment,0,genuine
59ecf579-cf9c-48dc-88e0-7590f99a0b7c,ACC6993E5A7,87.57,0.878,0,0,17,travel,0,genuine
b1854bca-4615-46c5-bd33-58a281911394,ACC866E61C1,58.22,1.058,0,0,16,entertainment,0,genuine
41a83731-1d69-40cc-8ab9-3fbb2526c85d,ACC1A07891C,199.21,1.437,0,0,10,grocery,0,genuine
32c44a85-5dcd-4334-b3be-0a8c8cc0315f,ACC5E8DD908,270.59,1.62,0,0,17,fuel,0,genuine
5aa8d774-af34-4c91-b5c1-4d27e9383406,ACCE3367E61,140.81,0.861,0,0,19,entertainment,0,genuine
7257ae5b-e82a-4515-8887-9cd148820a3c,ACCAF841035,81.23,0.459,0,0,23,entertainment,0,genuine
5778afdf-1424-4c19-9256-d2b18532de45,ACC707FD242,48.53,0.504,0,0,19,grocery,0,genuine
f1165f46-c4e2-47c2-a072-0e5c5361c769,ACC42229380,109.51,1.134,0,0,1,fuel,0,genuine
a3c2e02d-74be-4c1e-9fb4-95ce8344595f,ACC317B2615,240.26,1.332,0,0,0,fuel,0,genuine
4711f3a2-7e8c-43ec-bc14-6bcbd9da8cb1,ACCF524BA52,186.91,1.146,1,0,16,electronics,1,foreign_location
c68a35ee-b770-4c13-81b0-5c096834d009,ACC5A2E3A6E,307.33,1.642,0,0,16,fuel,0,genuine
fac044a6-c190-4692-b6e1-b7e78524f37d,ACC91469B41,30.09,1.529,0,0,7,fuel,0,genuine
704a8283-0ea4-455c-87b9-a5ec7dbbe156,ACC819391A9,342.46,8.826,0,0,9,fuel,1,huge_amount
cd4e1d8c-47a9-40f1-a60c-7f00364b5171,ACC9D67E0D7,143.4,1.015,0,0,13,utilities,0,genuine
68c1d9ce-49a6-4994-b7bf-3852f9777bdf,ACC58892FA4,57.63,0.493,0,0,16,utilities,0,genuine
5a31fac4-de82-4bd4-8309-d7afc5a8fe08,ACC8A097CC1,104.57,1.024,0,0,12,fuel,0,genuine
876db419-53eb-4463-850d-65556db584db,ACC2227A7D6,157.08,1.154,0,0,1,travel,0,genuine
1dd3e934-544a-4cb7-8e70-9c31f98356e3,ACC16193C5E,90.95,0.859,0,0,1,utilities,0,genuine
27a65985-db58-4b1d-bb1f-c195743dd221,ACC55E9D122,78.31,0.963,0,0,17,travel,0,genuine
01c68bac-9be4-4b2e-adcd-a51051023263,ACC44706969,123.53,1.527,0,0,21,fuel,0,genuine
dae3d636-0ce1-4a6a-8a10-228898eef41e,ACC028C6BF2,136.09,1.239,0,0,1,online_retail,0,genuine
91ac4344-2abe-4fb2-b49e-46c062783fcc,ACCC7379D88,101.86,0.981,0,0,3,restaurant,0,genuine
72d0ac1e-2cea-4793-b405-5997c27595d2,ACC257866E9,173.53,1.07,0,0,23,fuel,0,genuine
7e042080-3e21-4c80-b06e-3f2c1b34521c,ACC8AC68D4A,134.4,0.713,0,0,5,travel,0,genuine
d68a3e08-026f-4c61-93eb-fcd38fc048a3,ACCC0703F18,135.48,0.722,1,0,17,electronics,1,foreign_location
bc8c4e60-1a25-46f9-a8fc-c268add1f76f,ACCF0ED3147,21.47,0.517,0,0,16,fuel,0,genuine
d9548323-bcdc-4a4c-a7d5-713ad7fc6f27,ACC9A66A456,166.09,1.071,1,0,13,electronics,1,foreign_location
268121aa-65a3-45be-a615-35da5cde51a5,ACCE755C517,37.37,0.661,0,0,21,restaurant,0,genuine
6c443097-c0b1-46fe-8f3e-8e2e92e90271,ACCA6791AA0,400.42,4.015,0,0,16,entertainment,1,huge_amount
049e2a62-05cd-4746-b7b6-176e70980d7d,ACC476E30AF,43.5,0.918,0,0,16,electronics,0,genuine
7a956cc5-df7f-440f-a169-cdf88e0bda6c,ACC3CC490D1,87.07,1.26,0,0,9,travel,0,genuine
b5a8acdf-6ebc-4901-8ce0-f24a56262535,ACCCB40A1BB,33.83,1.125,0,0,16,online_retail,0,genuine
4e8c5a0f-c792-4c0e-bd0a-d27b94642dd7,ACCE45B9394,117.48,1.409,0,0,1,entertainment,1,stealthy
cf10592b-3aed-4fc7-b2cb-e157f5e65406,ACCD13E9570,21.22,1.206,0,0,14,fuel,0,genuine
c3d61a15-840b-4035-bef6-1796c49bdb43,ACC15045FED,161.84,0.815,0,0,15,travel,0,genuine
97a707ca-a0bf-4922-90d9-22a0ee313f7d,ACC482E81A5,24.92,1.023,0,0,2,grocery,0,genuine
e4ceccc0-fe84-4c54-a7e3-5f94cde6590b,ACC4C1060FF,67.28,0.362,0,0,20,electronics,0,genuine
9e3b9d1a-a297-4eca-876e-0c30e2a4c960,ACCB70F3DBC,158.03,1.466,0,0,10,fuel,0,genuine
487ad81b-0a97-4f3d-98ca-a7fb4721fe23,ACC866E61C1,51.85,0.942,0,0,23,utilities,0,genuine
8ef3a27f-79a2-43ab-b9f1-8e1b6ca6edb0,ACCAFE32BE6,242.42,1.384,0,0,20,travel,0,genuine
830bcc94-8d7d-41a6-821a-cb5a46c71eff,ACC317B2615,167.31,0.928,0,0,13,restaurant,0,genuine
3db0e881-5956-40a3-bddf-378252383585,ACCAA36AA07,30.23,0.598,0,0,0,fuel,0,genuine
857e1e4a-aef3-47dd-af0d-b01e181340be,ACC77B9597C,131.46,0.817,0,0,17,restaurant,0,genuine
b07041cd-9a76-4a65-842b-49946fb0e211,ACC47DBDD62,133.0,1.301,1,0,11,grocery,0,genuine
053c22d5-95d2-48b2-9267-a15d9516cf69,ACCCE9C4128,239.1,1.418,0,1,9,fuel,0,genuine
a5517498-694f-4c3e-a3cc-7e13cd41070a,ACC72FC33FB,196.42,1.476,0,0,9,restaurant,0,genuine
b6e7329b-3e21-42a0-91f4-e8f0245e867b,ACCEE4C8042,127.37,1.501,0,0,7,travel,0,genuine
61256d03-6f0a-4d03-9eb9-3daca1a7a74a,ACCDFFD27ED,341.2,4.119,0,0,20,utilities,0,genuine
06086f15-7a4c-471b-8b0d-1803b233fa1e,ACCEAF23921,93.55,1.174,1,0,12,restaurant,0,genuine
309d25d9-0756-4f57-b64c-c60f1e507b43,ACCBFA30BE8,46.5,0.758,0,0,18,travel,0,genuine
70e409d2-4085-41f0-a912-f2b631b8c88c,ACCFD91D323,49.41,0.529,0,0,13,fuel,0,genuine
1e1bea4d-b396-49ea-9a99-02857331ae02,ACC434FD0BB,211.24,3.098,0,0,2,online_retail,0,genuine
4e21aa30-5aa9-41c0-9564-99899118e93f,ACCAA36AA07,84.78,1.676,0,0,14,restaurant,0,genuine
aded27e4-744b-44b9-8388-57567416466a,ACC58892FA4,86.51,0.74,0,0,5,restaurant,0,genuine
06f10b49-115d-4361-9eee-56dc75fcc5a3,ACC6755B550,49.55,1.64,0,0,1,fuel,0,genuine
11e65756-8b9c-42f3-af0a-1ecc8c603e13,ACC636C58BC,123.74,1.146,0,0,3,utilities,0,genuine
e5d0ad45-a6de-4d08-9a63-2b89ebb82076,ACC98A8E15C,142.64,1.185,0,0,13,fuel,0,genuine
b318e626-ce21-4770-b64b-47629ffb5472,ACCD99DF024,168.79,1.038,0,0,17,travel,0,genuine
445a749c-ab9d-488b-9029-b81baa5dc7cd,ACC73A1A864,43.5,0.527,1,0,15,grocery,1,foreign_location
8b7d34fc-e2fa-43fd-96d3-2a5f74881e68,ACC792E1021,172.35,0.918,0,0,0,grocery,0,genuine
fca8e2b0-6498-4e1d-80ed-0d5202523246,ACC785F9AD5,185.14,1.135,0,0,18,utilities,0,genuine
18281f70-321d-485d-88e0-d18ff60e9aea,ACCE3BC14DF,1664.3,10.287,0,0,14,utilities,1,huge_amount
15410f00-d63a-4712-8fb8-b3975a648607,ACCC2B19390,129.28,0.814,0,0,7,online_retail,0,genuine
92a8a517-08d6-45eb-a8ad-87ae3ea90ef7,ACCEE57AC5C,85.43,0.698,0,0,7,electronics,0,genuine
7de492ae-275d-43cc-b9db-330a9f7356a7,ACC636C58BC,40.83,0.378,0,0,21,grocery,0,genuine
